ticker,feature,max_repeat_run,max_repeat_span_days
,2008_financial_crisis_wiki_views,3,2.0
,2008_financial_crisis_wiki_views_desktop,3,2.0
,2008_financial_crisis_wiki_views_mobile,4,3.0
,aquaculture_production_tonnes_arg,1,0.0
,aquaculture_production_tonnes_aus,1,0.0
,aquaculture_production_tonnes_aut,1,0.0
,aquaculture_production_tonnes_bel,2,365.0
,aquaculture_production_tonnes_bgd,1,0.0
,aquaculture_production_tonnes_bgr,1,0.0
,aquaculture_production_tonnes_bra,1,0.0
,aquaculture_production_tonnes_can,1,0.0
,aquaculture_production_tonnes_che,3,730.0
,aquaculture_production_tonnes_chl,1,0.0
,aquaculture_production_tonnes_chn,1,0.0
,aquaculture_production_tonnes_col,1,0.0
,aquaculture_production_tonnes_cri,1,0.0
,aquaculture_production_tonnes_cze,1,0.0
,aquaculture_production_tonnes_deu,1,0.0
,aquaculture_production_tonnes_dnk,1,0.0
,aquaculture_production_tonnes_esp,1,0.0
,aquaculture_production_tonnes_est,1,0.0
,aquaculture_production_tonnes_fin,1,0.0
,aquaculture_production_tonnes_fra,1,0.0
,aquaculture_production_tonnes_gbr,1,0.0
,aquaculture_production_tonnes_grc,1,0.0
,aquaculture_production_tonnes_hrv,1,0.0
,aquaculture_production_tonnes_hun,1,0.0
,aquaculture_production_tonnes_idn,1,0.0
,aquaculture_production_tonnes_ind,1,0.0
,aquaculture_production_tonnes_irl,1,0.0
,aquaculture_production_tonnes_isl,1,0.0
,aquaculture_production_tonnes_isr,1,0.0
,aquaculture_production_tonnes_ita,1,0.0
,aquaculture_production_tonnes_jpn,1,0.0
,aquaculture_production_tonnes_kor,1,0.0
,aquaculture_production_tonnes_ltu,1,0.0
,aquaculture_production_tonnes_lva,1,0.0
,aquaculture_production_tonnes_mex,1,0.0
,aquaculture_production_tonnes_mys,1,0.0
,aquaculture_production_tonnes_nld,1,0.0
,aquaculture_production_tonnes_nor,1,0.0
,aquaculture_production_tonnes_nzl,1,0.0
,aquaculture_production_tonnes_per,1,0.0
,aquaculture_production_tonnes_phl,1,0.0
,aquaculture_production_tonnes_pol,1,0.0
,aquaculture_production_tonnes_prt,1,0.0
,aquaculture_production_tonnes_rou,1,0.0
,aquaculture_production_tonnes_svk,1,0.0
,aquaculture_production_tonnes_svn,1,0.0
,aquaculture_production_tonnes_swe,1,0.0
,aquaculture_production_tonnes_tha,1,0.0
,aquaculture_production_tonnes_tur,1,0.0
,aquaculture_production_tonnes_twn,1,0.0
,aquaculture_production_tonnes_usa,1,0.0
,aquaculture_production_tonnes_vnm,1,0.0
,artificial_intelligence_wiki_views,2,1.0
,artificial_intelligence_wiki_views_desktop,2,1.0
,artificial_intelligence_wiki_views_mobile,2,1.0
,auckland_wiki_views,2,1.0
,auckland_wiki_views_desktop,2,1.0
,auckland_wiki_views_mobile,2,1.0
,bank_of_england_wiki_views,2,1.0
,bank_of_england_wiki_views_desktop,2,1.0
,bank_of_england_wiki_views_mobile,2,1.0
,bank_run_wiki_views,2,1.0
,bank_run_wiki_views_desktop,2,1.0
,bank_run_wiki_views_mobile,3,2.0
,bankruptcy_wiki_views,2,1.0
,bankruptcy_wiki_views_desktop,2,1.0
,bankruptcy_wiki_views_mobile,2,1.0
,bear_market_wiki_views,3,2.0
,bear_market_wiki_views_desktop,3,2.0
,bear_market_wiki_views_mobile,3,2.0
,beef_wiki_views,2,1.0
,beef_wiki_views_desktop,2,1.0
,beef_wiki_views_mobile,2,1.0
,black_monday_1987_wiki_views,2,1.0
,black_monday_1987_wiki_views_desktop,2,1.0
,black_monday_1987_wiki_views_mobile,2,1.0
,bond_market_wiki_views,2,1.0
,bond_market_wiki_views_desktop,2,1.0
,bond_market_wiki_views_mobile,3,2.0
,bop_capital_account_balance_revenue_minus_expenditure_sa,6,457.0
,bop_capital_account_expenditure_sa,6,457.0
,bop_capital_account_revenue_sa,8,638.0
,bop_current_account_balance_revenue_minus_expenditure_sa,0,0.0
,bop_current_account_expenditure_sa,0,0.0
,bop_current_account_revenue_sa,0,0.0
,bop_direct_investment_assets_or_net_acquisition_of_assets_sa,1,0.0
,bop_direct_investment_liabilities_or_net_incurrence_of_liabilities_sa,1,0.0
,bop_direct_investment_net_assets_minus_liabilities_sa,1,0.0
,bop_financial_account_assets_or_net_acquisition_of_assets_sa,1,0.0
,bop_financial_account_liabilities_or_net_incurrence_of_liabilities_sa,1,0.0
,bop_financial_account_net_assets_minus_liabilities_sa,1,0.0
,bop_financial_derivatives_net_assets_minus_liabilities_sa,1,0.0
,bop_goods_acquired_under_merchanting_balance_revenue_minus_expenditure_sa,5,366.0
,bop_goods_acquired_under_merchanting_revenue_sa,5,366.0
,bop_goods_balance_revenue_minus_expenditure_sa,0,0.0
,bop_goods_expenditure_sa,0,0.0
,bop_goods_revenue_sa,1,0.0
,bop_goods_sold_under_merchanting_balance_revenue_minus_expenditure_sa,5,366.0
,bop_goods_sold_under_merchanting_revenue_sa,5,366.0
,bop_net_errors_and_omissions_net_assets_minus_liabilities_sa,1,0.0
,bop_net_exports_of_goods_under_merchanting_balance_revenue_minus_expenditure_sa,5,366.0
,bop_net_exports_of_goods_under_merchanting_revenue_sa,5,366.0
,bop_other_investment_assets_or_net_acquisition_of_assets_sa,1,0.0
,bop_other_investment_liabilities_or_net_incurrence_of_liabilities_sa,1,0.0
,bop_other_investment_net_assets_minus_liabilities_sa,1,0.0
,bop_portfolio_investment_assets_or_net_acquisition_of_assets_sa,1,0.0
,bop_portfolio_investment_liabilities_or_net_incurrence_of_liabilities_sa,1,0.0
,bop_portfolio_investment_net_assets_minus_liabilities_sa,1,0.0
,bop_primary_income_balance_revenue_minus_expenditure_sa,1,0.0
,bop_primary_income_expenditure_sa,1,0.0
,bop_primary_income_revenue_sa,1,0.0
,bop_reserve_assets_assets_or_net_acquisition_of_assets_sa,2,92.0
,bop_secondary_income_balance_revenue_minus_expenditure_sa,2,92.0
,bop_secondary_income_expenditure_sa,1,0.0
,bop_secondary_income_revenue_sa,1,0.0
,bop_services_balance_revenue_minus_expenditure_sa,0,0.0
,bop_services_expenditure_sa,0,0.0
,bop_services_revenue_sa,1,0.0
,brexit_wiki_views,3,2.0
,brexit_wiki_views_desktop,2,1.0
,brexit_wiki_views_mobile,2,1.0
,china%e2%80%93_united_states_trade_war_wiki_views,2,1.0
,china%e2%80%93_united_states_trade_war_wiki_views_desktop,2,1.0
,china%e2%80%93_united_states_trade_war_wiki_views_mobile,2,1.0
,christchurch_wiki_views,2,1.0
,christchurch_wiki_views_desktop,2,1.0
,christchurch_wiki_views_mobile,2,1.0
,cloud_computing_wiki_views,2,1.0
,cloud_computing_wiki_views_desktop,2,1.0
,cloud_computing_wiki_views_mobile,2,1.0
,copper_wiki_views,2,1.0
,copper_wiki_views_desktop,2,1.0
,copper_wiki_views_mobile,2,1.0
,credit_crunch_wiki_views,3,2.0
,credit_crunch_wiki_views_desktop,3,2.0
,credit_crunch_wiki_views_mobile,4,3.0
,crude_oil_wiki_views,2,1.0
,crude_oil_wiki_views_desktop,2,1.0
,crude_oil_wiki_views_mobile,3,2.0
,dairy_farming_in_new_zealand_wiki_views,3,2.0
,dairy_farming_in_new_zealand_wiki_views_desktop,3,2.0
,dairy_farming_in_new_zealand_wiki_views_mobile,3,2.0
,dairy_wiki_views,2,1.0
,dairy_wiki_views_desktop,2,1.0
,dairy_wiki_views_mobile,3,2.0
,default_finance_wiki_views,3,2.0
,default_finance_wiki_views_desktop,3,2.0
,default_finance_wiki_views_mobile,3,2.0
,deflation_wiki_views,2,1.0
,deflation_wiki_views_desktop,3,2.0
,deflation_wiki_views_mobile,2,1.0
,economic_bubble_wiki_views,2,1.0
,economic_bubble_wiki_views_desktop,3,2.0
,economic_bubble_wiki_views_mobile,2,1.0
,economy_of_new_zealand_wiki_views,2,1.0
,economy_of_new_zealand_wiki_views_desktop,2,1.0
,economy_of_new_zealand_wiki_views_mobile,2,1.0
,european_central_bank_wiki_views,2,1.0
,european_central_bank_wiki_views_desktop,2,1.0
,european_central_bank_wiki_views_mobile,2,1.0
,federal_reserve_wiki_views,2,1.0
,federal_reserve_wiki_views_desktop,2,1.0
,federal_reserve_wiki_views_mobile,2,1.0
,financial_crisis_wiki_views,2,1.0
,financial_crisis_wiki_views_desktop,2,1.0
,financial_crisis_wiki_views_mobile,2,1.0
,fiscal_policy_wiki_views,2,1.0
,fiscal_policy_wiki_views_desktop,2,1.0
,fiscal_policy_wiki_views_mobile,3,2.0
,fonterra_wiki_views,2,1.0
,fonterra_wiki_views_desktop,2,1.0
,fonterra_wiki_views_mobile,3,2.0
,forestry_in_new_zealand_wiki_views,3,2.0
,forestry_in_new_zealand_wiki_views_desktop,4,3.0
,forestry_in_new_zealand_wiki_views_mobile,4,3.0
,free_trade_agreement_wiki_views,3,2.0
,free_trade_agreement_wiki_views_desktop,2,1.0
,free_trade_agreement_wiki_views_mobile,4,3.0
,gold_wiki_views,2,1.0
,gold_wiki_views_desktop,2,1.0
,gold_wiki_views_mobile,2,1.0
,government_debt_wiki_views,2,1.0
,government_debt_wiki_views_desktop,2,1.0
,government_debt_wiki_views_mobile,3,2.0
,great_depression_wiki_views,2,1.0
,great_depression_wiki_views_desktop,2,1.0
,great_depression_wiki_views_mobile,2,1.0
,house_price_index_wiki_views,3,2.0
,house_price_index_wiki_views_desktop,2,1.0
,house_price_index_wiki_views_mobile,4,3.0
,housing_market_wiki_views,5,4.0
,housing_market_wiki_views_desktop,5,4.0
,housing_market_wiki_views_mobile,6,5.0
,immediate_interest_rates_call_money_interbank_rate,9,243.0
,immigration_to_new_zealand_wiki_views,3,2.0
,immigration_to_new_zealand_wiki_views_desktop,3,2.0
,immigration_to_new_zealand_wiki_views_mobile,2,1.0
,inflation_wiki_views,2,1.0
,inflation_wiki_views_desktop,2,1.0
,inflation_wiki_views_mobile,2,1.0
,interest_rate_wiki_views,2,1.0
,interest_rate_wiki_views_desktop,2,1.0
,interest_rate_wiki_views_mobile,2,1.0
,inverted_yield_curve_wiki_views,3,2.0
,inverted_yield_curve_wiki_views_desktop,3,2.0
,inverted_yield_curve_wiki_views_mobile,6,5.0
,iron_ore_wiki_views,2,1.0
,iron_ore_wiki_views_desktop,2,1.0
,iron_ore_wiki_views_mobile,2,1.0
,kiwifruit_wiki_views,2,1.0
,kiwifruit_wiki_views_desktop,2,1.0
,kiwifruit_wiki_views_mobile,2,1.0
,lamb_and_mutton_wiki_views,2,1.0
,lamb_and_mutton_wiki_views_desktop,3,2.0
,lamb_and_mutton_wiki_views_mobile,2,1.0
,layoff_wiki_views,3,2.0
,layoff_wiki_views_desktop,2,1.0
,layoff_wiki_views_mobile,2,1.0
,lithium_wiki_views,2,1.0
,lithium_wiki_views_desktop,2,1.0
,lithium_wiki_views_mobile,2,1.0
,long_term_interest_rates,6,151.0
,machine_learning_wiki_views,2,1.0
,machine_learning_wiki_views_desktop,2,1.0
,machine_learning_wiki_views_mobile,2,1.0
,market_correction_wiki_views,3,2.0
,market_correction_wiki_views_desktop,3,2.0
,market_correction_wiki_views_mobile,5,4.0
,milk_wiki_views,2,1.0
,milk_wiki_views_desktop,2,1.0
,milk_wiki_views_mobile,2,1.0
,monetary_policy_wiki_views,2,1.0
,monetary_policy_wiki_views_desktop,2,1.0
,monetary_policy_wiki_views_mobile,2,1.0
,mortgage_loan_wiki_views,2,1.0
,mortgage_loan_wiki_views_desktop,2,1.0
,mortgage_loan_wiki_views_mobile,2,1.0
,national_debt_of_the_united_states_wiki_views,2,1.0
,national_debt_of_the_united_states_wiki_views_desktop,2,1.0
,national_debt_of_the_united_states_wiki_views_mobile,2,1.0
,natural_gas_wiki_views,2,1.0
,natural_gas_wiki_views_desktop,2,1.0
,natural_gas_wiki_views_mobile,2,1.0
,new_registrations_goods_road_motor_vehicles,1,0.0
,new_registrations_passenger_cars,1,0.0
,new_zealand_dollar_wiki_views,2,1.0
,new_zealand_dollar_wiki_views_desktop,2,1.0
,new_zealand_dollar_wiki_views_mobile,3,2.0
,new_zealand_stock_exchange_wiki_views,5,4.0
,new_zealand_stock_exchange_wiki_views_desktop,7,7.0
,new_zealand_stock_exchange_wiki_views_mobile,12,12.0
,nz_labor_employment_age15_plus_female,0,0.0
,nz_labor_employment_age15_plus_male,0,0.0
,nz_labor_employment_age15_plus_total,0,0.0
,nz_labor_employment_age15to24_male,2,365.0
,nz_labor_employment_age15to64_female,1,0.0
,nz_labor_employment_age15to64_male,1,0.0
,nz_labor_employment_age15to64_total,1,0.0
,nz_labor_employment_pop_ratio_age15_plus_female,0,0.0
,nz_labor_employment_pop_ratio_age15_plus_male,0,0.0
,nz_labor_employment_pop_ratio_age15_plus_total,0,0.0
,nz_labor_employment_pop_ratio_age15to64_female,2,365.0
,nz_labor_employment_pop_ratio_age15to64_male,2,365.0
,nz_labor_employment_pop_ratio_age15to64_total,1,0.0
,nz_labor_employment_pop_ratio_gap_age15_plus_male,0,0.0
,nz_labor_employment_pop_ratio_gap_age15to64_male,1,0.0
,nz_labor_labor_force_age15_plus_female,0,0.0
,nz_labor_labor_force_age15_plus_male,0,0.0
,nz_labor_labor_force_age15_plus_total,0,0.0
,nz_labor_labor_force_age15to24_male,0,0.0
,nz_labor_labor_force_age15to64_female,1,0.0
,nz_labor_labor_force_age15to64_male,1,0.0
,nz_labor_labor_force_age15to64_total,1,0.0
,nz_labor_lfparticipation_gap_age15_plus_male,0,0.0
,nz_labor_lfparticipation_gap_age15to64_male,1,0.0
,nz_labor_lfparticipation_rate_age15_plus_female,0,0.0
,nz_labor_lfparticipation_rate_age15_plus_male,0,0.0
,nz_labor_lfparticipation_rate_age15_plus_total,0,0.0
,nz_labor_lfparticipation_rate_age15to64_female,1,0.0
,nz_labor_lfparticipation_rate_age15to64_male,1,0.0
,nz_labor_lfparticipation_rate_age15to64_total,1,0.0
,nz_labor_population_age15_plus_female,0,0.0
,nz_labor_population_age15_plus_male,0,0.0
,nz_labor_population_age15_plus_total,0,0.0
,nz_labor_population_age15to24_female,0,0.0
,nz_labor_population_age15to24_male,0,0.0
,nz_labor_population_age15to24_total,0,0.0
,nz_labor_population_age15to64_female,0,0.0
,nz_labor_population_age15to64_male,0,0.0
,nz_labor_population_age15to64_total,0,0.0
,nz_labor_tax_average_income_tax_rate_percentage_of_gross_wage_earnings_single_person_2_children_67%_of_average_wage,1,0.0
,nz_labor_tax_average_income_tax_rate_percentage_of_gross_wage_earnings_single_person_no_children_100%_of_average_wage,1,0.0
,nz_labor_tax_average_income_tax_rate_percentage_of_gross_wage_earnings_single_person_no_children_167%_of_average_wage,1,0.0
,nz_labor_tax_average_income_tax_rate_percentage_of_gross_wage_earnings_single_person_no_children_67%_of_average_wage,1,0.0
,nz_labor_tax_average_rate_of_employees'_social_security_contributions_percentage_of_gross_wage_earnings_single_person_2_children_67%_of_average_wage,25,8766.0
,nz_labor_tax_average_rate_of_employees'_social_security_contributions_percentage_of_gross_wage_earnings_single_person_no_children_100%_of_average_wage,25,8766.0
,nz_labor_tax_average_rate_of_employees'_social_security_contributions_percentage_of_gross_wage_earnings_single_person_no_children_167%_of_average_wage,25,8766.0
,nz_labor_tax_average_rate_of_employees'_social_security_contributions_percentage_of_gross_wage_earnings_single_person_no_children_67%_of_average_wage,25,8766.0
,nz_labor_tax_average_rate_of_employer's_social_security_contributions_percentage_of_gross_wage_earnings_single_person_2_children_67%_of_average_wage,25,8766.0
,nz_labor_tax_average_rate_of_employer's_social_security_contributions_percentage_of_gross_wage_earnings_single_person_no_children_100%_of_average_wage,25,8766.0
,nz_labor_tax_average_rate_of_employer's_social_security_contributions_percentage_of_gross_wage_earnings_single_person_no_children_167%_of_average_wage,25,8766.0
,nz_labor_tax_average_rate_of_employer's_social_security_contributions_percentage_of_gross_wage_earnings_single_person_no_children_67%_of_average_wage,25,8766.0
,nz_labor_tax_average_tax_wedge_percentage_of_labour_costs_single_person_2_children_67%_of_average_wage,1,0.0
,nz_labor_tax_average_tax_wedge_percentage_of_labour_costs_single_person_no_children_100%_of_average_wage,1,0.0
,nz_labor_tax_average_tax_wedge_percentage_of_labour_costs_single_person_no_children_167%_of_average_wage,1,0.0
,nz_labor_tax_average_tax_wedge_percentage_of_labour_costs_single_person_no_children_67%_of_average_wage,1,0.0
,nz_labor_tax_basic_tax_credit_national_currency_single_person_2_children_67%_of_average_wage,17,5844.0
,nz_labor_tax_basic_tax_credit_national_currency_single_person_no_children_100%_of_average_wage,15,5113.0
,nz_labor_tax_basic_tax_credit_national_currency_single_person_no_children_167%_of_average_wage,25,8766.0
,nz_labor_tax_basic_tax_credit_national_currency_single_person_no_children_67%_of_average_wage,12,4017.0
,nz_labor_tax_cash_transfers_for_two_children_national_currency_single_person_2_children_67%_of_average_wage,2,366.0
,nz_labor_tax_cash_transfers_for_two_children_national_currency_single_person_no_children_100%_of_average_wage,25,8766.0
,nz_labor_tax_cash_transfers_for_two_children_national_currency_single_person_no_children_167%_of_average_wage,25,8766.0
,nz_labor_tax_cash_transfers_for_two_children_national_currency_single_person_no_children_67%_of_average_wage,22,7671.0
,nz_labor_tax_cash_transfers_from_general_government_national_currency_single_person_2_children_67%_of_average_wage,2,366.0
,nz_labor_tax_cash_transfers_from_general_government_national_currency_single_person_no_children_100%_of_average_wage,25,8766.0
,nz_labor_tax_cash_transfers_from_general_government_national_currency_single_person_no_children_167%_of_average_wage,25,8766.0
,nz_labor_tax_cash_transfers_from_general_government_national_currency_single_person_no_children_67%_of_average_wage,22,7671.0
,nz_labor_tax_cash_transfers_percentage_of_labour_costs_single_person_2_children_67%_of_average_wage,1,0.0
,nz_labor_tax_cash_transfers_percentage_of_labour_costs_single_person_no_children_100%_of_average_wage,25,8766.0
,nz_labor_tax_cash_transfers_percentage_of_labour_costs_single_person_no_children_167%_of_average_wage,25,8766.0
,nz_labor_tax_cash_transfers_percentage_of_labour_costs_single_person_no_children_67%_of_average_wage,22,7671.0
,nz_labor_tax_central_government_income_tax_finally_paid_national_currency_single_person_2_children_67%_of_average_wage,1,0.0
,nz_labor_tax_central_government_income_tax_finally_paid_national_currency_single_person_no_children_100%_of_average_wage,1,0.0
,nz_labor_tax_central_government_income_tax_finally_paid_national_currency_single_person_no_children_167%_of_average_wage,1,0.0
,nz_labor_tax_central_government_income_tax_finally_paid_national_currency_single_person_no_children_67%_of_average_wage,1,0.0
,nz_labor_tax_central_government_income_tax_liability_exclusive_of_tax_credits_national_currency_single_person_2_children_67%_of_average_wage,1,0.0
,nz_labor_tax_central_government_income_tax_liability_exclusive_of_tax_credits_national_currency_single_person_no_children_100%_of_average_wage,1,0.0
,nz_labor_tax_central_government_income_tax_liability_exclusive_of_tax_credits_national_currency_single_person_no_children_167%_of_average_wage,1,0.0
,nz_labor_tax_central_government_income_tax_liability_exclusive_of_tax_credits_national_currency_single_person_no_children_67%_of_average_wage,1,0.0
,nz_labor_tax_central_government_taxable_income_national_currency_single_person_2_children_67%_of_average_wage,1,0.0
,nz_labor_tax_central_government_taxable_income_national_currency_single_person_no_children_100%_of_average_wage,1,0.0
,nz_labor_tax_central_government_taxable_income_national_currency_single_person_no_children_167%_of_average_wage,1,0.0
,nz_labor_tax_central_government_taxable_income_national_currency_single_person_no_children_67%_of_average_wage,1,0.0
,nz_labor_tax_employee_social_security_contributions_percentage_of_labour_costs_single_person_2_children_67%_of_average_wage,25,8766.0
,nz_labor_tax_employee_social_security_contributions_percentage_of_labour_costs_single_person_no_children_100%_of_average_wage,25,8766.0
,nz_labor_tax_employee_social_security_contributions_percentage_of_labour_costs_single_person_no_children_167%_of_average_wage,25,8766.0
,nz_labor_tax_employee_social_security_contributions_percentage_of_labour_costs_single_person_no_children_67%_of_average_wage,25,8766.0
,nz_labor_tax_employees'_compulsory_social_security_contributions_national_currency_single_person_2_children_67%_of_average_wage,25,8766.0
,nz_labor_tax_employees'_compulsory_social_security_contributions_national_currency_single_person_no_children_100%_of_average_wage,25,8766.0
,nz_labor_tax_employees'_compulsory_social_security_contributions_national_currency_single_person_no_children_167%_of_average_wage,25,8766.0
,nz_labor_tax_employees'_compulsory_social_security_contributions_national_currency_single_person_no_children_67%_of_average_wage,25,8766.0
,nz_labor_tax_employees'_compulsory_social_security_contributions_payable_on_gross_earnings_national_currency_single_person_2_children_67%_of_average_wage,25,8766.0
,nz_labor_tax_employees'_compulsory_social_security_contributions_payable_on_gross_earnings_national_currency_single_person_no_children_100%_of_average_wage,25,8766.0
,nz_labor_tax_employees'_compulsory_social_security_contributions_payable_on_gross_earnings_national_currency_single_person_no_children_167%_of_average_wage,25,8766.0
,nz_labor_tax_employees'_compulsory_social_security_contributions_payable_on_gross_earnings_national_currency_single_person_no_children_67%_of_average_wage,25,8766.0
,nz_labor_tax_employer_social_security_contributions_percentage_of_labour_costs_single_person_2_children_67%_of_average_wage,25,8766.0
,nz_labor_tax_employer_social_security_contributions_percentage_of_labour_costs_single_person_no_children_100%_of_average_wage,25,8766.0
,nz_labor_tax_employer_social_security_contributions_percentage_of_labour_costs_single_person_no_children_167%_of_average_wage,25,8766.0
,nz_labor_tax_employer_social_security_contributions_percentage_of_labour_costs_single_person_no_children_67%_of_average_wage,25,8766.0
,nz_labor_tax_employers'_compulsory_social_security_contributions_national_currency_single_person_2_children_67%_of_average_wage,25,8766.0
,nz_labor_tax_employers'_compulsory_social_security_contributions_national_currency_single_person_no_children_100%_of_average_wage,25,8766.0
,nz_labor_tax_employers'_compulsory_social_security_contributions_national_currency_single_person_no_children_167%_of_average_wage,25,8766.0
,nz_labor_tax_employers'_compulsory_social_security_contributions_national_currency_single_person_no_children_67%_of_average_wage,25,8766.0
,nz_labor_tax_gross_earnings_before_taxes_national_currency_single_person_2_children_67%_of_average_wage,1,0.0
,nz_labor_tax_gross_earnings_before_taxes_national_currency_single_person_no_children_100%_of_average_wage,1,0.0
,nz_labor_tax_gross_earnings_before_taxes_national_currency_single_person_no_children_167%_of_average_wage,1,0.0
,nz_labor_tax_gross_earnings_before_taxes_national_currency_single_person_no_children_67%_of_average_wage,1,0.0
,nz_labor_tax_income_tax_percentage_of_labour_costs_single_person_2_children_67%_of_average_wage,1,0.0
,nz_labor_tax_income_tax_percentage_of_labour_costs_single_person_no_children_100%_of_average_wage,1,0.0
,nz_labor_tax_income_tax_percentage_of_labour_costs_single_person_no_children_167%_of_average_wage,1,0.0
,nz_labor_tax_income_tax_percentage_of_labour_costs_single_person_no_children_67%_of_average_wage,1,0.0
,nz_labor_tax_labour_costs_national_currency_single_person_2_children_67%_of_average_wage,1,0.0
,nz_labor_tax_labour_costs_national_currency_single_person_no_children_100%_of_average_wage,1,0.0
,nz_labor_tax_labour_costs_national_currency_single_person_no_children_167%_of_average_wage,1,0.0
,nz_labor_tax_labour_costs_national_currency_single_person_no_children_67%_of_average_wage,1,0.0
,nz_labor_tax_marginal_tax_wedge_of_the_principal_earner_percentage_of_labour_costs_single_person_2_children_67%_of_average_wage,5,1461.0
,nz_labor_tax_marginal_tax_wedge_of_the_principal_earner_percentage_of_labour_costs_single_person_no_children_100%_of_average_wage,11,3653.0
,nz_labor_tax_marginal_tax_wedge_of_the_principal_earner_percentage_of_labour_costs_single_person_no_children_167%_of_average_wage,14,4748.0
,nz_labor_tax_marginal_tax_wedge_of_the_principal_earner_percentage_of_labour_costs_single_person_no_children_67%_of_average_wage,10,3288.0
,nz_labor_tax_net_personal_average_tax_rate_percentage_of_gross_wage_earnings_single_person_2_children_67%_of_average_wage,1,0.0
,nz_labor_tax_net_personal_average_tax_rate_percentage_of_gross_wage_earnings_single_person_no_children_100%_of_average_wage,1,0.0
,nz_labor_tax_net_personal_average_tax_rate_percentage_of_gross_wage_earnings_single_person_no_children_167%_of_average_wage,1,0.0
,nz_labor_tax_net_personal_average_tax_rate_percentage_of_gross_wage_earnings_single_person_no_children_67%_of_average_wage,1,0.0
,nz_labor_tax_net_personal_marginal_tax_rate_of_the_principal_earner_percentage_of_gross_wage_earnings_single_person_2_children_67%_of_average_wage,5,1461.0
,nz_labor_tax_net_personal_marginal_tax_rate_of_the_principal_earner_percentage_of_gross_wage_earnings_single_person_no_children_100%_of_average_wage,11,3653.0
,nz_labor_tax_net_personal_marginal_tax_rate_of_the_principal_earner_percentage_of_gross_wage_earnings_single_person_no_children_167%_of_average_wage,14,4748.0
,nz_labor_tax_net_personal_marginal_tax_rate_of_the_principal_earner_percentage_of_gross_wage_earnings_single_person_no_children_67%_of_average_wage,10,3288.0
,nz_labor_tax_standard_tax_allowances_national_currency_single_person_2_children_67%_of_average_wage,25,8766.0
,nz_labor_tax_standard_tax_allowances_national_currency_single_person_no_children_100%_of_average_wage,25,8766.0
,nz_labor_tax_standard_tax_allowances_national_currency_single_person_no_children_167%_of_average_wage,25,8766.0
,nz_labor_tax_standard_tax_allowances_national_currency_single_person_no_children_67%_of_average_wage,25,8766.0
,nz_labor_tax_state_and_local_taxes_national_currency_single_person_2_children_67%_of_average_wage,25,8766.0
,nz_labor_tax_state_and_local_taxes_national_currency_single_person_no_children_100%_of_average_wage,25,8766.0
,nz_labor_tax_state_and_local_taxes_national_currency_single_person_no_children_167%_of_average_wage,25,8766.0
,nz_labor_tax_state_and_local_taxes_national_currency_single_person_no_children_67%_of_average_wage,25,8766.0
,nz_labor_tax_take_home_pay_national_currency_single_person_2_children_67%_of_average_wage,1,0.0
,nz_labor_tax_take_home_pay_national_currency_single_person_no_children_100%_of_average_wage,1,0.0
,nz_labor_tax_take_home_pay_national_currency_single_person_no_children_167%_of_average_wage,1,0.0
,nz_labor_tax_take_home_pay_national_currency_single_person_no_children_67%_of_average_wage,1,0.0
,nz_labor_tax_tax_credits_national_currency_single_person_2_children_67%_of_average_wage,17,5844.0
,nz_labor_tax_tax_credits_national_currency_single_person_no_children_100%_of_average_wage,15,5113.0
,nz_labor_tax_tax_credits_national_currency_single_person_no_children_167%_of_average_wage,25,8766.0
,nz_labor_tax_tax_credits_national_currency_single_person_no_children_67%_of_average_wage,12,4017.0
,nz_labor_tax_tax_credits_or_cash_transfers_included_in_taxable_income_national_currency_single_person_2_children_67%_of_average_wage,25,8766.0
,nz_labor_tax_tax_credits_or_cash_transfers_included_in_taxable_income_national_currency_single_person_no_children_100%_of_average_wage,25,8766.0
,nz_labor_tax_tax_credits_or_cash_transfers_included_in_taxable_income_national_currency_single_person_no_children_167%_of_average_wage,25,8766.0
,nz_labor_tax_tax_credits_or_cash_transfers_included_in_taxable_income_national_currency_single_person_no_children_67%_of_average_wage,25,8766.0
,nz_labor_tax_total_payments_to_general_government_national_currency_single_person_2_children_67%_of_average_wage,1,0.0
,nz_labor_tax_total_payments_to_general_government_national_currency_single_person_no_children_100%_of_average_wage,1,0.0
,nz_labor_tax_total_payments_to_general_government_national_currency_single_person_no_children_167%_of_average_wage,1,0.0
,nz_labor_tax_total_payments_to_general_government_national_currency_single_person_no_children_67%_of_average_wage,1,0.0
,nz_labor_unemployment_age15_plus_female,0,0.0
,nz_labor_unemployment_age15_plus_male,0,0.0
,nz_labor_unemployment_age15_plus_total,0,0.0
,nz_labor_unemployment_age15to24_male,0,0.0
,nz_labor_unemployment_age15to64_female,1,0.0
,nz_labor_unemployment_age15to64_male,1,0.0
,nz_labor_unemployment_age15to64_total,1,0.0
,nz_labor_unemployment_not_worked_age15_plus_male,0,0.0
,nz_labor_unemployment_rate_age15_plus_female,0,0.0
,nz_labor_unemployment_rate_age15_plus_male,0,0.0
,nz_labor_unemployment_rate_age15_plus_total,0,0.0
,nz_labor_unemployment_rate_age15to64_female,1,0.0
,nz_labor_unemployment_rate_age15to64_male,1,0.0
,nz_labor_unemployment_rate_age15to64_total,1,0.0
,nz_labor_unemployment_rate_not_worked_age15_plus_male,2,365.0
,nz_labor_youth_unemployment_ratio_age15_plus_male,0,0.0
,nz_labor_youth_unemployment_ratio_age15to64_male,1,0.0
,nz_pensions_assets_overseas_issued_by_entities_located_abroad_national_currency,1,0.0
,nz_pensions_assets_overseas_issued_by_entities_located_abroad_percentage_change,1,0.0
,nz_pensions_assets_overseas_issued_by_entities_located_abroad_percentage_of_assets,1,0.0
,nz_pensions_assets_overseas_issued_by_entities_located_abroad_us_dollar,1,0.0
,nz_pensions_bills_and_bonds_issued_by_entities_located_abroad_national_currency,2,365.0
,nz_pensions_bills_and_bonds_issued_by_entities_located_abroad_percentage_change,1,0.0
,nz_pensions_bills_and_bonds_issued_by_entities_located_abroad_us_dollar,1,0.0
,nz_pensions_bills_and_bonds_issued_by_public_and_private_sector_national_currency,1,0.0
,nz_pensions_bills_and_bonds_issued_by_public_and_private_sector_percentage_change,1,0.0
,nz_pensions_bills_and_bonds_issued_by_public_and_private_sector_percentage_of_assets,1,0.0
,nz_pensions_bills_and_bonds_issued_by_public_and_private_sector_us_dollar,1,0.0
,nz_pensions_bonds_issued_by_the_private_sector_national_currency,1,0.0
,nz_pensions_bonds_issued_by_the_private_sector_percentage_change,1,0.0
,nz_pensions_bonds_issued_by_the_private_sector_percentage_of_bond_holdings,1,0.0
,nz_pensions_bonds_issued_by_the_private_sector_us_dollar,1,0.0
,nz_pensions_cash_and_deposits_in_entities_located_abroad_national_currency,1,0.0
,nz_pensions_cash_and_deposits_in_entities_located_abroad_percentage_change,1,0.0
,nz_pensions_cash_and_deposits_in_entities_located_abroad_us_dollar,1,0.0
,nz_pensions_cash_and_deposits_national_currency,1,0.0
,nz_pensions_cash_and_deposits_percentage_change,1,0.0
,nz_pensions_cash_and_deposits_percentage_of_assets,1,0.0
,nz_pensions_cash_and_deposits_us_dollar,1,0.0
,nz_pensions_equity_issued_by_entities_located_abroad_national_currency,2,365.0
,nz_pensions_equity_issued_by_entities_located_abroad_percentage_change,1,0.0
,nz_pensions_equity_issued_by_entities_located_abroad_us_dollar,1,0.0
,nz_pensions_equity_national_currency,1,0.0
,nz_pensions_equity_percentage_change,1,0.0
,nz_pensions_equity_percentage_of_assets,1,0.0
,nz_pensions_equity_us_dollar,1,0.0
,nz_pensions_investment_national_currency,1,0.0
,nz_pensions_investment_percentage_change,1,0.0
,nz_pensions_investment_percentage_of_gdp,1,0.0
,nz_pensions_investment_us_dollar,1,0.0
,nz_pensions_listed_equity_national_currency,1,0.0
,nz_pensions_listed_equity_percentage_of_equity_holdings,1,0.0
,nz_pensions_listed_equity_us_dollar,1,0.0
,nz_pensions_loans_national_currency,1,0.0
,nz_pensions_loans_percentage_change,1,0.0
,nz_pensions_loans_percentage_of_assets,1,0.0
,nz_pensions_loans_us_dollar,1,0.0
,nz_pensions_mutual_funds_national_currency,1,0.0
,nz_pensions_mutual_funds_percentage_change,1,0.0
,nz_pensions_mutual_funds_percentage_of_assets,1,0.0
,nz_pensions_mutual_funds_us_dollar,1,0.0
,nz_pensions_unlisted_equity_national_currency,1,0.0
,nz_pensions_unlisted_equity_percentage_of_equity_holdings,1,0.0
,nz_pensions_unlisted_equity_us_dollar,1,0.0
,nz_road_fatalities_monthly,3,61.0
,nz_tax_other_taxes_central_government_national_currency,3,1461.0
,nz_tax_other_taxes_central_government_percentage_of_gdp,1,0.0
,nz_tax_other_taxes_central_government_percentage_of_revenues_in_the_same_institutional_sector,1,0.0
,nz_tax_other_taxes_central_government_us_dollar,1,0.0
,nz_tax_other_taxes_general_government_national_currency,3,1461.0
,nz_tax_other_taxes_general_government_percentage_of_gdp,1,0.0
,nz_tax_other_taxes_general_government_percentage_of_revenues_in_the_same_institutional_sector,1,0.0
,nz_tax_other_taxes_general_government_us_dollar,1,0.0
,nz_tax_taxes_on_goods_and_services_central_government_national_currency,1,0.0
,nz_tax_taxes_on_goods_and_services_central_government_percentage_of_gdp,1,0.0
,nz_tax_taxes_on_goods_and_services_central_government_percentage_of_revenues_in_the_same_institutional_sector,1,0.0
,nz_tax_taxes_on_goods_and_services_central_government_us_dollar,1,0.0
,nz_tax_taxes_on_goods_and_services_general_government_national_currency,1,0.0
,nz_tax_taxes_on_goods_and_services_general_government_percentage_of_gdp,1,0.0
,nz_tax_taxes_on_goods_and_services_general_government_percentage_of_revenues_in_the_same_institutional_sector,1,0.0
,nz_tax_taxes_on_goods_and_services_general_government_us_dollar,1,0.0
,nz_tax_taxes_on_goods_and_services_local_government_national_currency,1,0.0
,nz_tax_taxes_on_goods_and_services_local_government_percentage_of_gdp,1,0.0
,nz_tax_taxes_on_goods_and_services_local_government_percentage_of_revenues_in_the_same_institutional_sector,1,0.0
,nz_tax_taxes_on_goods_and_services_local_government_us_dollar,1,0.0
,nz_tax_taxes_on_income_profits_and_capital_gains_of_individuals_and_corporations_central_government_national_currency,1,0.0
,nz_tax_taxes_on_income_profits_and_capital_gains_of_individuals_and_corporations_central_government_percentage_of_gdp,1,0.0
,nz_tax_taxes_on_income_profits_and_capital_gains_of_individuals_and_corporations_central_government_percentage_of_revenues_in_the_same_institutional_sector,1,0.0
,nz_tax_taxes_on_income_profits_and_capital_gains_of_individuals_and_corporations_central_government_us_dollar,1,0.0
,nz_tax_taxes_on_income_profits_and_capital_gains_of_individuals_and_corporations_general_government_national_currency,1,0.0
,nz_tax_taxes_on_income_profits_and_capital_gains_of_individuals_and_corporations_general_government_percentage_of_gdp,1,0.0
,nz_tax_taxes_on_income_profits_and_capital_gains_of_individuals_and_corporations_general_government_percentage_of_revenues_in_the_same_institutional_sector,1,0.0
,nz_tax_taxes_on_income_profits_and_capital_gains_of_individuals_and_corporations_general_government_us_dollar,1,0.0
,nz_tax_taxes_on_property_central_government_national_currency,1,0.0
,nz_tax_taxes_on_property_central_government_percentage_of_gdp,1,0.0
,nz_tax_taxes_on_property_central_government_percentage_of_revenues_in_the_same_institutional_sector,1,0.0
,nz_tax_taxes_on_property_central_government_us_dollar,1,0.0
,nz_tax_taxes_on_property_general_government_national_currency,1,0.0
,nz_tax_taxes_on_property_general_government_percentage_of_gdp,1,0.0
,nz_tax_taxes_on_property_general_government_percentage_of_revenues_in_the_same_institutional_sector,1,0.0
,nz_tax_taxes_on_property_general_government_us_dollar,1,0.0
,nz_tax_taxes_on_property_local_government_national_currency,1,0.0
,nz_tax_taxes_on_property_local_government_percentage_of_gdp,1,0.0
,nz_tax_taxes_on_property_local_government_percentage_of_revenues_in_the_same_institutional_sector,1,0.0
,nz_tax_taxes_on_property_local_government_us_dollar,1,0.0
,nz_tax_total_tax_revenue_central_government_national_currency,1,0.0
,nz_tax_total_tax_revenue_central_government_percentage_of_gdp,1,0.0
,nz_tax_total_tax_revenue_central_government_percentage_of_revenues_in_the_same_institutional_sector,25,8766.0
,nz_tax_total_tax_revenue_central_government_us_dollar,1,0.0
,nz_tax_total_tax_revenue_general_government_national_currency,1,0.0
,nz_tax_total_tax_revenue_general_government_percentage_of_gdp,1,0.0
,nz_tax_total_tax_revenue_general_government_percentage_of_revenues_in_the_same_institutional_sector,25,8766.0
,nz_tax_total_tax_revenue_general_government_us_dollar,1,0.0
,nz_tax_total_tax_revenue_local_government_national_currency,1,0.0
,nz_tax_total_tax_revenue_local_government_percentage_of_gdp,1,0.0
,nz_tax_total_tax_revenue_local_government_percentage_of_revenues_in_the_same_institutional_sector,25,8766.0
,nz_tax_total_tax_revenue_local_government_us_dollar,1,0.0
,nzl_general_government_final_consumption_expenditure_millions_nzd,0,0.0
,nzl_general_government_gross_fixed_capital_formation_millions_nzd,0,0.0
,nzl_nfish_final_consumption_expenditure_millions_nzd,0,0.0
,oecd_bcicp,1,0.0
,oecd_ccicp,1,0.0
,oil_price_wiki_views,4,3.0
,oil_price_wiki_views_desktop,4,3.0
,oil_price_wiki_views_mobile,6,5.0
,panic_selling_wiki_views,3,2.0
,panic_selling_wiki_views_desktop,3,2.0
,panic_selling_wiki_views_mobile,4,3.0
,quantitative_easing_wiki_views,2,1.0
,quantitative_easing_wiki_views_desktop,2,1.0
,quantitative_easing_wiki_views_mobile,2,1.0
,real_estate_wiki_views,2,1.0
,real_estate_wiki_views_desktop,2,1.0
,real_estate_wiki_views_mobile,2,1.0
,recession_wiki_views,2,1.0
,recession_wiki_views_desktop,2,1.0
,recession_wiki_views_mobile,2,1.0
,reserve_bank_of_new_zealand_wiki_views,4,3.0
,reserve_bank_of_new_zealand_wiki_views_desktop,3,2.0
,reserve_bank_of_new_zealand_wiki_views_mobile,3,2.0
,sanctions_wiki_views,4,3.0
,sanctions_wiki_views_desktop,4,3.0
,sanctions_wiki_views_mobile,5,4.0
,shipping_container_wiki_views,2,1.0
,shipping_container_wiki_views_desktop,3,2.0
,shipping_container_wiki_views_mobile,3,2.0
,short_term_interest_rates,4,92.0
,stock_market_crash_wiki_views,2,1.0
,stock_market_crash_wiki_views_desktop,2,1.0
,stock_market_crash_wiki_views_mobile,2,1.0
,subprime_mortgage_crisis_wiki_views,2,1.0
,subprime_mortgage_crisis_wiki_views_desktop,2,1.0
,subprime_mortgage_crisis_wiki_views_mobile,3,2.0
,supply_chain_wiki_views,2,1.0
,supply_chain_wiki_views_desktop,2,1.0
,supply_chain_wiki_views_mobile,2,1.0
,tariff_wiki_views,3,2.0
,tariff_wiki_views_desktop,2,1.0
,tariff_wiki_views_mobile,2,1.0
,tourism_in_new_zealand_wiki_views,2,1.0
,tourism_in_new_zealand_wiki_views_desktop,2,1.0
,tourism_in_new_zealand_wiki_views_mobile,3,2.0
,trade_war_wiki_views,3,2.0
,trade_war_wiki_views_desktop,3,2.0
,trade_war_wiki_views_mobile,4,3.0
,trans_pacific_partnership_wiki_views,2,1.0
,trans_pacific_partnership_wiki_views_desktop,2,1.0
,trans_pacific_partnership_wiki_views_mobile,2,1.0
,treasury_security_wiki_views,3,2.0
,treasury_security_wiki_views_desktop,4,3.0
,treasury_security_wiki_views_mobile,4,3.0
,unemployment_wiki_views,2,1.0
,unemployment_wiki_views_desktop,2,1.0
,unemployment_wiki_views_mobile,2,1.0
,uranium_wiki_views,2,1.0
,uranium_wiki_views_desktop,2,1.0
,uranium_wiki_views_mobile,2,1.0
,wellington_wiki_views,2,1.0
,wellington_wiki_views_desktop,2,1.0
,wellington_wiki_views_mobile,2,1.0
,whole_milk_powder_wiki_views,18,60.0
,whole_milk_powder_wiki_views_desktop,14,73.0
,whole_milk_powder_wiki_views_mobile,17,110.0
,wine_wiki_views,2,1.0
,wine_wiki_views_desktop,2,1.0
,wine_wiki_views_mobile,2,1.0
,wool_wiki_views,2,1.0
,wool_wiki_views_desktop,2,1.0
,wool_wiki_views_mobile,2,1.0
,yield_curve_wiki_views,2,1.0
,yield_curve_wiki_views_desktop,2,1.0
,yield_curve_wiki_views_mobile,3,2.0
%5EFTSE,adj_close,2,3.0
%5EFTSE,close,2,3.0
%5EFTSE,high,2,5.0
%5EFTSE,low,2,5.0
%5EFTSE,open,2,4.0
%5EFTSE,volume,3790,5475.0
%5ETNX,adj_close,8,13.0
%5ETNX,close,8,13.0
%5ETNX,high,8,13.0
%5ETNX,low,8,13.0
%5ETNX,open,8,13.0
%5ETNX,volume,8763,12813.0
AFI.NZ,adj_close,132,193.0
AFI.NZ,annual_basic_average_shares,1,0.0
AFI.NZ,annual_basic_eps,1,0.0
AFI.NZ,annual_depreciation_amortization_depletion_income_statement,1,0.0
AFI.NZ,annual_depreciation_and_amortization_in_income_statement,1,0.0
AFI.NZ,annual_depreciation_income_statement,1,0.0
AFI.NZ,annual_diluted_average_shares,1,0.0
AFI.NZ,annual_diluted_eps,1,0.0
AFI.NZ,annual_dividend_income,1,0.0
AFI.NZ,annual_fees_and_commissions,1,0.0
AFI.NZ,annual_feesand_commission_income,1,0.0
AFI.NZ,annual_general_and_administrative_expense,1,0.0
AFI.NZ,annual_interest_expense,1,0.0
AFI.NZ,annual_interest_income,1,0.0
AFI.NZ,annual_minority_interests,1,0.0
AFI.NZ,annual_net_income,1,0.0
AFI.NZ,annual_net_income_common_stockholders,1,0.0
AFI.NZ,annual_net_income_continuous_operations,1,0.0
AFI.NZ,annual_net_income_from_continuing_and_discontinued_operation,1,0.0
AFI.NZ,annual_net_income_from_continuing_operation_net_minority_interest,1,0.0
AFI.NZ,annual_net_income_including_noncontrolling_interests,1,0.0
AFI.NZ,annual_net_interest_income,1,0.0
AFI.NZ,annual_non_interest_expense,1,0.0
AFI.NZ,annual_non_interest_income,1,0.0
AFI.NZ,annual_normalized_income,1,0.0
AFI.NZ,annual_other_gand_a,1,0.0
AFI.NZ,annual_other_non_interest_income,1,0.0
AFI.NZ,annual_other_non_operating_income_expenses,1,0.0
AFI.NZ,annual_pretax_income,1,0.0
AFI.NZ,annual_reconciled_depreciation,1,0.0
AFI.NZ,annual_rent_and_landing_fees,1,0.0
AFI.NZ,annual_salaries_and_wages,1,0.0
AFI.NZ,annual_selling_general_and_administration,1,0.0
AFI.NZ,annual_tax_effect_of_unusual_items,4,1096.0
AFI.NZ,annual_tax_provision,1,0.0
AFI.NZ,annual_tax_rate_for_calcs,1,0.0
AFI.NZ,annual_total_revenue,1,0.0
AFI.NZ,close,2687,3914.0
AFI.NZ,dividend,3,364.0
AFI.NZ,high,2687,3914.0
AFI.NZ,low,2687,3914.0
AFI.NZ,open,2687,3914.0
AFI.NZ,trailing_basic_average_shares,1,0.0
AFI.NZ,trailing_basic_eps,1,0.0
AFI.NZ,trailing_diluted_average_shares,1,0.0
AFI.NZ,trailing_diluted_eps,1,0.0
AFI.NZ,trailing_dividend_income,1,0.0
AFI.NZ,trailing_fees_and_commissions,1,0.0
AFI.NZ,trailing_feesand_commission_income,1,0.0
AFI.NZ,trailing_general_and_administrative_expense,1,0.0
AFI.NZ,trailing_interest_expense,1,0.0
AFI.NZ,trailing_interest_income,1,0.0
AFI.NZ,trailing_minority_interests,1,0.0
AFI.NZ,trailing_net_income,1,0.0
AFI.NZ,trailing_net_income_common_stockholders,1,0.0
AFI.NZ,trailing_net_income_continuous_operations,1,0.0
AFI.NZ,trailing_net_income_from_continuing_and_discontinued_operation,1,0.0
AFI.NZ,trailing_net_income_from_continuing_operation_net_minority_interest,1,0.0
AFI.NZ,trailing_net_income_including_noncontrolling_interests,1,0.0
AFI.NZ,trailing_net_interest_income,1,0.0
AFI.NZ,trailing_non_interest_expense,1,0.0
AFI.NZ,trailing_non_interest_income,1,0.0
AFI.NZ,trailing_normalized_income,1,0.0
AFI.NZ,trailing_other_gand_a,1,0.0
AFI.NZ,trailing_other_non_interest_income,1,0.0
AFI.NZ,trailing_other_non_operating_income_expenses,1,0.0
AFI.NZ,trailing_rent_and_landing_fees,1,0.0
AFI.NZ,trailing_salaries_and_wages,1,0.0
AFI.NZ,trailing_selling_general_and_administration,1,0.0
AFI.NZ,trailing_tax_effect_of_unusual_items,1,0.0
AFI.NZ,trailing_tax_provision,1,0.0
AFI.NZ,trailing_tax_rate_for_calcs,1,0.0
AFI.NZ,trailing_total_revenue,1,0.0
AFI.NZ,volume,2686,3913.0
AFT.NZ,adj_close,31,46.0
AFT.NZ,annual_amortization,1,0.0
AFT.NZ,annual_amortization_of_intangibles_income_statement,1,0.0
AFT.NZ,annual_basic_average_shares,2,365.0
AFT.NZ,annual_basic_eps,1,0.0
AFT.NZ,annual_depreciation_amortization_depletion_income_statement,1,0.0
AFT.NZ,annual_depreciation_and_amortization_in_income_statement,1,0.0
AFT.NZ,annual_depreciation_income_statement,1,0.0
AFT.NZ,annual_diluted_average_shares,2,365.0
AFT.NZ,annual_diluted_eps,1,0.0
AFT.NZ,annual_ebit,1,0.0
AFT.NZ,annual_ebitda,1,0.0
AFT.NZ,annual_general_and_administrative_expense,1,0.0
AFT.NZ,annual_interest_expense,1,0.0
AFT.NZ,annual_interest_income,1,0.0
AFT.NZ,annual_minority_interests,1,0.0
AFT.NZ,annual_net_income,1,0.0
AFT.NZ,annual_net_income_common_stockholders,1,0.0
AFT.NZ,annual_net_income_continuous_operations,1,0.0
AFT.NZ,annual_net_income_from_continuing_and_discontinued_operation,1,0.0
AFT.NZ,annual_net_income_from_continuing_operation_net_minority_interest,1,0.0
AFT.NZ,annual_net_income_including_noncontrolling_interests,1,0.0
AFT.NZ,annual_net_interest_income,1,0.0
AFT.NZ,annual_normalized_ebitda,1,0.0
AFT.NZ,annual_normalized_income,1,0.0
AFT.NZ,annual_other_gand_a,1,0.0
AFT.NZ,annual_other_non_operating_income_expenses,1,0.0
AFT.NZ,annual_pretax_income,1,0.0
AFT.NZ,annual_reconciled_depreciation,1,0.0
AFT.NZ,annual_selling_and_marketing_expense,1,0.0
AFT.NZ,annual_selling_general_and_administration,1,0.0
AFT.NZ,annual_tax_effect_of_unusual_items,4,1096.0
AFT.NZ,annual_tax_provision,1,0.0
AFT.NZ,annual_tax_rate_for_calcs,1,0.0
AFT.NZ,annual_total_revenue,1,0.0
AFT.NZ,close,31,46.0
AFT.NZ,dividend,1,0.0
AFT.NZ,high,31,46.0
AFT.NZ,low,31,46.0
AFT.NZ,open,31,46.0
AFT.NZ,trailing_amortization,1,0.0
AFT.NZ,trailing_amortization_of_intangibles_income_statement,1,0.0
AFT.NZ,trailing_basic_average_shares,3,365.0
AFT.NZ,trailing_basic_eps,1,0.0
AFT.NZ,trailing_depreciation_amortization_depletion_income_statement,1,0.0
AFT.NZ,trailing_depreciation_and_amortization_in_income_statement,1,0.0
AFT.NZ,trailing_depreciation_income_statement,1,0.0
AFT.NZ,trailing_diluted_average_shares,3,365.0
AFT.NZ,trailing_diluted_eps,1,0.0
AFT.NZ,trailing_ebit,1,0.0
AFT.NZ,trailing_ebitda,1,0.0
AFT.NZ,trailing_general_and_administrative_expense,1,0.0
AFT.NZ,trailing_interest_expense,1,0.0
AFT.NZ,trailing_interest_income,1,0.0
AFT.NZ,trailing_minority_interests,1,0.0
AFT.NZ,trailing_net_income,1,0.0
AFT.NZ,trailing_net_income_common_stockholders,1,0.0
AFT.NZ,trailing_net_income_continuous_operations,1,0.0
AFT.NZ,trailing_net_income_from_continuing_and_discontinued_operation,1,0.0
AFT.NZ,trailing_net_income_from_continuing_operation_net_minority_interest,1,0.0
AFT.NZ,trailing_net_income_including_noncontrolling_interests,1,0.0
AFT.NZ,trailing_net_interest_income,1,0.0
AFT.NZ,trailing_normalized_ebitda,1,0.0
AFT.NZ,trailing_normalized_income,1,0.0
AFT.NZ,trailing_other_gand_a,1,0.0
AFT.NZ,trailing_other_non_operating_income_expenses,1,0.0
AFT.NZ,trailing_reconciled_depreciation,1,0.0
AFT.NZ,trailing_selling_and_marketing_expense,1,0.0
AFT.NZ,trailing_selling_general_and_administration,1,0.0
AFT.NZ,trailing_tax_effect_of_unusual_items,1,0.0
AFT.NZ,trailing_tax_provision,1,0.0
AFT.NZ,trailing_tax_rate_for_calcs,1,0.0
AFT.NZ,trailing_total_revenue,1,0.0
AFT.NZ,volume,10,17.0
AGG.NZ,adj_close,4,7.0
AGG.NZ,close,4,7.0
AGG.NZ,dividend,1,0.0
AGG.NZ,high,7,14.0
AGG.NZ,low,5,7.0
AGG.NZ,open,7,14.0
AGG.NZ,volume,1,0.0
AGL.NZ,adj_close,32,49.0
AGL.NZ,annual_amortization,1,0.0
AGL.NZ,annual_amortization_of_intangibles_income_statement,1,0.0
AGL.NZ,annual_basic_average_shares,2,365.0
AGL.NZ,annual_basic_eps,1,0.0
AGL.NZ,annual_depreciation_amortization_depletion_income_statement,1,0.0
AGL.NZ,annual_depreciation_and_amortization_in_income_statement,1,0.0
AGL.NZ,annual_depreciation_income_statement,1,0.0
AGL.NZ,annual_diluted_average_shares,2,365.0
AGL.NZ,annual_diluted_eps,1,0.0
AGL.NZ,annual_ebit,1,0.0
AGL.NZ,annual_ebitda,1,0.0
AGL.NZ,annual_general_and_administrative_expense,1,0.0
AGL.NZ,annual_impairment_of_capital_assets,1,0.0
AGL.NZ,annual_interest_expense,1,0.0
AGL.NZ,annual_interest_income,1,0.0
AGL.NZ,annual_net_income,1,0.0
AGL.NZ,annual_net_income_common_stockholders,1,0.0
AGL.NZ,annual_net_income_continuous_operations,1,0.0
AGL.NZ,annual_net_income_from_continuing_and_discontinued_operation,1,0.0
AGL.NZ,annual_net_income_from_continuing_operation_net_minority_interest,1,0.0
AGL.NZ,annual_net_income_including_noncontrolling_interests,1,0.0
AGL.NZ,annual_net_interest_income,1,0.0
AGL.NZ,annual_normalized_ebitda,1,0.0
AGL.NZ,annual_normalized_income,1,0.0
AGL.NZ,annual_other_non_operating_income_expenses,1,0.0
AGL.NZ,annual_pretax_income,1,0.0
AGL.NZ,annual_reconciled_depreciation,1,0.0
AGL.NZ,annual_salaries_and_wages,1,0.0
AGL.NZ,annual_selling_general_and_administration,1,0.0
AGL.NZ,annual_special_income_charges,1,0.0
AGL.NZ,annual_tax_effect_of_unusual_items,1,0.0
AGL.NZ,annual_tax_provision,1,0.0
AGL.NZ,annual_tax_rate_for_calcs,1,0.0
AGL.NZ,annual_total_revenue,1,0.0
AGL.NZ,annual_total_unusual_items,1,0.0
AGL.NZ,annual_total_unusual_items_excluding_goodwill,1,0.0
AGL.NZ,close,33,50.0
AGL.NZ,dividend,2,154.0
AGL.NZ,high,33,50.0
AGL.NZ,low,32,43.0
AGL.NZ,open,31,42.0
AGL.NZ,trailing_basic_average_shares,1,0.0
AGL.NZ,trailing_basic_eps,1,0.0
AGL.NZ,trailing_depreciation_amortization_depletion_income_statement,1,0.0
AGL.NZ,trailing_depreciation_and_amortization_in_income_statement,1,0.0
AGL.NZ,trailing_depreciation_income_statement,1,0.0
AGL.NZ,trailing_diluted_average_shares,1,0.0
AGL.NZ,trailing_diluted_eps,1,0.0
AGL.NZ,trailing_ebit,1,0.0
AGL.NZ,trailing_ebitda,1,0.0
AGL.NZ,trailing_general_and_administrative_expense,1,0.0
AGL.NZ,trailing_interest_expense,1,0.0
AGL.NZ,trailing_net_income,1,0.0
AGL.NZ,trailing_net_income_common_stockholders,1,0.0
AGL.NZ,trailing_net_income_continuous_operations,1,0.0
AGL.NZ,trailing_net_income_from_continuing_and_discontinued_operation,1,0.0
AGL.NZ,trailing_net_income_from_continuing_operation_net_minority_interest,1,0.0
AGL.NZ,trailing_net_income_including_noncontrolling_interests,1,0.0
AGL.NZ,trailing_net_interest_income,1,0.0
AGL.NZ,trailing_normalized_ebitda,1,0.0
AGL.NZ,trailing_normalized_income,1,0.0
AGL.NZ,trailing_other_non_operating_income_expenses,1,0.0
AGL.NZ,trailing_reconciled_depreciation,1,0.0
AGL.NZ,trailing_salaries_and_wages,1,0.0
AGL.NZ,trailing_selling_general_and_administration,1,0.0
AGL.NZ,trailing_tax_effect_of_unusual_items,1,0.0
AGL.NZ,trailing_tax_provision,1,0.0
AGL.NZ,trailing_tax_rate_for_calcs,1,0.0
AGL.NZ,trailing_total_revenue,1,0.0
AGL.NZ,volume,27,41.0
AIA.NZ,adj_close,5,6.0
AIA.NZ,annual_basic_average_shares,1,0.0
AIA.NZ,annual_basic_eps,1,0.0
AIA.NZ,annual_depreciation_amortization_depletion_income_statement,1,0.0
AIA.NZ,annual_depreciation_and_amortization_in_income_statement,1,0.0
AIA.NZ,annual_depreciation_income_statement,1,0.0
AIA.NZ,annual_diluted_average_shares,1,0.0
AIA.NZ,annual_diluted_eps,1,0.0
AIA.NZ,annual_ebit,1,0.0
AIA.NZ,annual_ebitda,1,0.0
AIA.NZ,annual_general_and_administrative_expense,1,0.0
AIA.NZ,annual_impairment_of_capital_assets,1,0.0
AIA.NZ,annual_interest_expense,1,0.0
AIA.NZ,annual_interest_income,1,0.0
AIA.NZ,annual_net_income,1,0.0
AIA.NZ,annual_net_income_common_stockholders,1,0.0
AIA.NZ,annual_net_income_continuous_operations,1,0.0
AIA.NZ,annual_net_income_from_continuing_and_discontinued_operation,1,0.0
AIA.NZ,annual_net_income_from_continuing_operation_net_minority_interest,1,0.0
AIA.NZ,annual_net_income_including_noncontrolling_interests,1,0.0
AIA.NZ,annual_net_interest_income,1,0.0
AIA.NZ,annual_normalized_ebitda,1,0.0
AIA.NZ,annual_normalized_income,1,0.0
AIA.NZ,annual_other_non_operating_income_expenses,1,0.0
AIA.NZ,annual_other_special_charges,1,0.0
AIA.NZ,annual_pretax_income,1,0.0
AIA.NZ,annual_reconciled_depreciation,1,0.0
AIA.NZ,annual_salaries_and_wages,1,0.0
AIA.NZ,annual_selling_and_marketing_expense,1,0.0
AIA.NZ,annual_selling_general_and_administration,1,0.0
AIA.NZ,annual_special_income_charges,1,0.0
AIA.NZ,annual_tax_effect_of_unusual_items,1,0.0
AIA.NZ,annual_tax_provision,1,0.0
AIA.NZ,annual_tax_rate_for_calcs,1,0.0
AIA.NZ,annual_total_revenue,1,0.0
AIA.NZ,annual_total_unusual_items,1,0.0
AIA.NZ,annual_total_unusual_items_excluding_goodwill,1,0.0
AIA.NZ,close,5,6.0
AIA.NZ,dividend,2,197.0
AIA.NZ,high,6,7.0
AIA.NZ,low,7,8.0
AIA.NZ,open,5,6.0
AIA.NZ,split,1,0.0
AIA.NZ,trailing_basic_average_shares,1,0.0
AIA.NZ,trailing_basic_eps,1,0.0
AIA.NZ,trailing_depreciation_amortization_depletion_income_statement,1,0.0
AIA.NZ,trailing_depreciation_and_amortization_in_income_statement,1,0.0
AIA.NZ,trailing_depreciation_income_statement,1,0.0
AIA.NZ,trailing_diluted_average_shares,1,0.0
AIA.NZ,trailing_diluted_eps,1,0.0
AIA.NZ,trailing_ebit,1,0.0
AIA.NZ,trailing_ebitda,1,0.0
AIA.NZ,trailing_general_and_administrative_expense,1,0.0
AIA.NZ,trailing_impairment_of_capital_assets,1,0.0
AIA.NZ,trailing_interest_expense,1,0.0
AIA.NZ,trailing_interest_income,1,0.0
AIA.NZ,trailing_net_income,1,0.0
AIA.NZ,trailing_net_income_common_stockholders,1,0.0
AIA.NZ,trailing_net_income_continuous_operations,1,0.0
AIA.NZ,trailing_net_income_from_continuing_and_discontinued_operation,1,0.0
AIA.NZ,trailing_net_income_from_continuing_operation_net_minority_interest,1,0.0
AIA.NZ,trailing_net_income_including_noncontrolling_interests,1,0.0
AIA.NZ,trailing_net_interest_income,1,0.0
AIA.NZ,trailing_normalized_ebitda,1,0.0
AIA.NZ,trailing_normalized_income,1,0.0
AIA.NZ,trailing_other_gand_a,1,0.0
AIA.NZ,trailing_other_non_operating_income_expenses,1,0.0
AIA.NZ,trailing_other_special_charges,1,0.0
AIA.NZ,trailing_reconciled_depreciation,1,0.0
AIA.NZ,trailing_salaries_and_wages,1,0.0
AIA.NZ,trailing_selling_and_marketing_expense,1,0.0
AIA.NZ,trailing_selling_general_and_administration,1,0.0
AIA.NZ,trailing_special_income_charges,1,0.0
AIA.NZ,trailing_tax_effect_of_unusual_items,1,0.0
AIA.NZ,trailing_tax_provision,1,0.0
AIA.NZ,trailing_tax_rate_for_calcs,1,0.0
AIA.NZ,trailing_total_revenue,1,0.0
AIA.NZ,trailing_total_unusual_items,1,0.0
AIA.NZ,trailing_total_unusual_items_excluding_goodwill,1,0.0
AIA.NZ,volume,4,5.0
AIA.NZ,wiki_views,4,3.0
AIA.NZ,wiki_views_desktop,3,2.0
AIA.NZ,wiki_views_mobile,5,4.0
AIR.NZ,adj_close,11,14.0
AIR.NZ,annual_amortization,1,0.0
AIR.NZ,annual_amortization_of_intangibles_income_statement,1,0.0
AIR.NZ,annual_basic_average_shares,3,731.0
AIR.NZ,annual_basic_eps,1,0.0
AIR.NZ,annual_depreciation_amortization_depletion_income_statement,1,0.0
AIR.NZ,annual_depreciation_and_amortization_in_income_statement,1,0.0
AIR.NZ,annual_depreciation_income_statement,1,0.0
AIR.NZ,annual_diluted_average_shares,2,366.0
AIR.NZ,annual_diluted_eps,1,0.0
AIR.NZ,annual_ebit,1,0.0
AIR.NZ,annual_ebitda,1,0.0
AIR.NZ,annual_general_and_administrative_expense,1,0.0
AIR.NZ,annual_impairment_of_capital_assets,1,0.0
AIR.NZ,annual_interest_expense,1,0.0
AIR.NZ,annual_interest_income,1,0.0
AIR.NZ,annual_net_income,1,0.0
AIR.NZ,annual_net_income_common_stockholders,1,0.0
AIR.NZ,annual_net_income_continuous_operations,1,0.0
AIR.NZ,annual_net_income_from_continuing_and_discontinued_operation,1,0.0
AIR.NZ,annual_net_income_from_continuing_operation_net_minority_interest,1,0.0
AIR.NZ,annual_net_income_including_noncontrolling_interests,1,0.0
AIR.NZ,annual_net_interest_income,1,0.0
AIR.NZ,annual_normalized_ebitda,1,0.0
AIR.NZ,annual_normalized_income,1,0.0
AIR.NZ,annual_other_non_operating_income_expenses,1,0.0
AIR.NZ,annual_pretax_income,1,0.0
AIR.NZ,annual_reconciled_depreciation,1,0.0
AIR.NZ,annual_salaries_and_wages,1,0.0
AIR.NZ,annual_selling_and_marketing_expense,1,0.0
AIR.NZ,annual_selling_general_and_administration,1,0.0
AIR.NZ,annual_special_income_charges,1,0.0
AIR.NZ,annual_tax_effect_of_unusual_items,2,365.0
AIR.NZ,annual_tax_provision,1,0.0
AIR.NZ,annual_tax_rate_for_calcs,1,0.0
AIR.NZ,annual_total_revenue,1,0.0
AIR.NZ,annual_total_unusual_items,1,0.0
AIR.NZ,annual_total_unusual_items_excluding_goodwill,1,0.0
AIR.NZ,close,11,14.0
AIR.NZ,dividend,5,728.0
AIR.NZ,high,17,22.0
AIR.NZ,low,18,25.0
AIR.NZ,open,8,11.0
AIR.NZ,split,1,0.0
AIR.NZ,trailing_amortization,1,0.0
AIR.NZ,trailing_amortization_of_intangibles_income_statement,1,0.0
AIR.NZ,trailing_basic_average_shares,3,550.0
AIR.NZ,trailing_basic_eps,1,0.0
AIR.NZ,trailing_depreciation_amortization_depletion_income_statement,1,0.0
AIR.NZ,trailing_depreciation_and_amortization_in_income_statement,1,0.0
AIR.NZ,trailing_depreciation_income_statement,1,0.0
AIR.NZ,trailing_diluted_average_shares,2,366.0
AIR.NZ,trailing_diluted_eps,1,0.0
AIR.NZ,trailing_ebit,1,0.0
AIR.NZ,trailing_ebitda,1,0.0
AIR.NZ,trailing_general_and_administrative_expense,1,0.0
AIR.NZ,trailing_impairment_of_capital_assets,1,0.0
AIR.NZ,trailing_interest_expense,1,0.0
AIR.NZ,trailing_interest_income,1,0.0
AIR.NZ,trailing_net_income,1,0.0
AIR.NZ,trailing_net_income_common_stockholders,1,0.0
AIR.NZ,trailing_net_income_continuous_operations,1,0.0
AIR.NZ,trailing_net_income_from_continuing_and_discontinued_operation,1,0.0
AIR.NZ,trailing_net_income_from_continuing_operation_net_minority_interest,1,0.0
AIR.NZ,trailing_net_income_including_noncontrolling_interests,1,0.0
AIR.NZ,trailing_net_interest_income,1,0.0
AIR.NZ,trailing_normalized_ebitda,1,0.0
AIR.NZ,trailing_normalized_income,1,0.0
AIR.NZ,trailing_other_non_operating_income_expenses,1,0.0
AIR.NZ,trailing_reconciled_depreciation,1,0.0
AIR.NZ,trailing_rent_and_landing_fees,1,0.0
AIR.NZ,trailing_salaries_and_wages,1,0.0
AIR.NZ,trailing_selling_and_marketing_expense,1,0.0
AIR.NZ,trailing_selling_general_and_administration,1,0.0
AIR.NZ,trailing_special_income_charges,1,0.0
AIR.NZ,trailing_tax_effect_of_unusual_items,1,0.0
AIR.NZ,trailing_tax_provision,1,0.0
AIR.NZ,trailing_tax_rate_for_calcs,1,0.0
AIR.NZ,trailing_total_revenue,1,0.0
AIR.NZ,trailing_total_unusual_items,1,0.0
AIR.NZ,trailing_total_unusual_items_excluding_goodwill,1,0.0
AIR.NZ,volume,4,3.0
AIR.NZ,wiki_views,3,2.0
AIR.NZ,wiki_views_desktop,2,1.0
AIR.NZ,wiki_views_mobile,2,1.0
ALF.NZ,adj_close,21,29.0
ALF.NZ,annual_basic_average_shares,2,366.0
ALF.NZ,annual_basic_eps,1,0.0
ALF.NZ,annual_depreciation_amortization_depletion_income_statement,1,0.0
ALF.NZ,annual_depreciation_and_amortization_in_income_statement,1,0.0
ALF.NZ,annual_depreciation_income_statement,1,0.0
ALF.NZ,annual_diluted_average_shares,1,0.0
ALF.NZ,annual_diluted_eps,1,0.0
ALF.NZ,annual_ebit,1,0.0
ALF.NZ,annual_ebitda,1,0.0
ALF.NZ,annual_general_and_administrative_expense,1,0.0
ALF.NZ,annual_interest_expense,1,0.0
ALF.NZ,annual_interest_income,1,0.0
ALF.NZ,annual_minority_interests,1,0.0
ALF.NZ,annual_net_income,1,0.0
ALF.NZ,annual_net_income_common_stockholders,1,0.0
ALF.NZ,annual_net_income_continuous_operations,1,0.0
ALF.NZ,annual_net_income_from_continuing_and_discontinued_operation,1,0.0
ALF.NZ,annual_net_income_from_continuing_operation_net_minority_interest,1,0.0
ALF.NZ,annual_net_income_including_noncontrolling_interests,1,0.0
ALF.NZ,annual_net_interest_income,1,0.0
ALF.NZ,annual_normalized_ebitda,1,0.0
ALF.NZ,annual_normalized_income,1,0.0
ALF.NZ,annual_other_gand_a,1,0.0
ALF.NZ,annual_other_non_operating_income_expenses,1,0.0
ALF.NZ,annual_pretax_income,1,0.0
ALF.NZ,annual_reconciled_depreciation,1,0.0
ALF.NZ,annual_rent_and_landing_fees,1,0.0
ALF.NZ,annual_salaries_and_wages,1,0.0
ALF.NZ,annual_selling_general_and_administration,1,0.0
ALF.NZ,annual_special_income_charges,1,0.0
ALF.NZ,annual_tax_effect_of_unusual_items,2,365.0
ALF.NZ,annual_tax_provision,1,0.0
ALF.NZ,annual_tax_rate_for_calcs,1,0.0
ALF.NZ,annual_total_revenue,1,0.0
ALF.NZ,annual_total_unusual_items,1,0.0
ALF.NZ,annual_total_unusual_items_excluding_goodwill,1,0.0
ALF.NZ,close,21,29.0
ALF.NZ,dividend,3,729.0
ALF.NZ,high,16,21.0
ALF.NZ,low,24,33.0
ALF.NZ,open,17,22.0
ALF.NZ,split,2,238.0
ALF.NZ,trailing_basic_average_shares,3,550.0
ALF.NZ,trailing_basic_eps,1,0.0
ALF.NZ,trailing_depreciation_amortization_depletion_income_statement,1,0.0
ALF.NZ,trailing_depreciation_and_amortization_in_income_statement,1,0.0
ALF.NZ,trailing_depreciation_income_statement,1,0.0
ALF.NZ,trailing_diluted_average_shares,2,184.0
ALF.NZ,trailing_diluted_eps,1,0.0
ALF.NZ,trailing_ebit,1,0.0
ALF.NZ,trailing_ebitda,1,0.0
ALF.NZ,trailing_general_and_administrative_expense,1,0.0
ALF.NZ,trailing_interest_expense,1,0.0
ALF.NZ,trailing_interest_income,1,0.0
ALF.NZ,trailing_minority_interests,1,0.0
ALF.NZ,trailing_net_income,1,0.0
ALF.NZ,trailing_net_income_common_stockholders,1,0.0
ALF.NZ,trailing_net_income_continuous_operations,1,0.0
ALF.NZ,trailing_net_income_from_continuing_and_discontinued_operation,1,0.0
ALF.NZ,trailing_net_income_from_continuing_operation_net_minority_interest,1,0.0
ALF.NZ,trailing_net_income_including_noncontrolling_interests,1,0.0
ALF.NZ,trailing_net_interest_income,1,0.0
ALF.NZ,trailing_normalized_ebitda,1,0.0
ALF.NZ,trailing_normalized_income,1,0.0
ALF.NZ,trailing_other_gand_a,1,0.0
ALF.NZ,trailing_other_non_operating_income_expenses,1,0.0
ALF.NZ,trailing_reconciled_depreciation,1,0.0
ALF.NZ,trailing_salaries_and_wages,1,0.0
ALF.NZ,trailing_selling_general_and_administration,1,0.0
ALF.NZ,trailing_special_income_charges,1,0.0
ALF.NZ,trailing_tax_effect_of_unusual_items,1,0.0
ALF.NZ,trailing_tax_provision,1,0.0
ALF.NZ,trailing_tax_rate_for_calcs,1,0.0
ALF.NZ,trailing_total_revenue,1,0.0
ALF.NZ,trailing_total_unusual_items,1,0.0
ALF.NZ,trailing_total_unusual_items_excluding_goodwill,1,0.0
ALF.NZ,volume,10,14.0
ANZ.NZ,adj_close,7,10.0
ANZ.NZ,annual_amortization,1,0.0
ANZ.NZ,annual_average_dilution_earnings,1,0.0
ANZ.NZ,annual_basic_average_shares,1,0.0
ANZ.NZ,annual_basic_eps,1,0.0
ANZ.NZ,annual_depreciation_and_amortization_in_income_statement,1,0.0
ANZ.NZ,annual_depreciation_income_statement,1,0.0
ANZ.NZ,annual_diluted_average_shares,1,0.0
ANZ.NZ,annual_diluted_eps,1,0.0
ANZ.NZ,annual_diluted_niavailto_com_stockholders,1,0.0
ANZ.NZ,annual_dividend_income,1,0.0
ANZ.NZ,annual_fees_and_commissions,1,0.0
ANZ.NZ,annual_feesand_commission_expense,1,0.0
ANZ.NZ,annual_feesand_commission_income,1,0.0
ANZ.NZ,annual_general_and_administrative_expense,1,0.0
ANZ.NZ,annual_incomefrom_associatesand_other_participating_interests,1,0.0
ANZ.NZ,annual_interest_expense,1,0.0
ANZ.NZ,annual_interest_income,1,0.0
ANZ.NZ,annual_minority_interests,1,0.0
ANZ.NZ,annual_net_income,1,0.0
ANZ.NZ,annual_net_income_common_stockholders,1,0.0
ANZ.NZ,annual_net_income_continuous_operations,1,0.0
ANZ.NZ,annual_net_income_discontinuous_operations,1,0.0
ANZ.NZ,annual_net_income_from_continuing_and_discontinued_operation,1,0.0
ANZ.NZ,annual_net_income_from_continuing_operation_net_minority_interest,1,0.0
ANZ.NZ,annual_net_income_including_noncontrolling_interests,1,0.0
ANZ.NZ,annual_net_interest_income,1,0.0
ANZ.NZ,annual_non_interest_income,1,0.0
ANZ.NZ,annual_normalized_income,1,0.0
ANZ.NZ,annual_other_special_charges,1,0.0
ANZ.NZ,annual_pretax_income,1,0.0
ANZ.NZ,annual_reconciled_depreciation,1,0.0
ANZ.NZ,annual_rent_and_landing_fees,1,0.0
ANZ.NZ,annual_restructuring_and_mergern_acquisition,1,0.0
ANZ.NZ,annual_selling_and_marketing_expense,1,0.0
ANZ.NZ,annual_selling_general_and_administration,1,0.0
ANZ.NZ,annual_special_income_charges,1,0.0
ANZ.NZ,annual_tax_effect_of_unusual_items,1,0.0
ANZ.NZ,annual_tax_provision,1,0.0
ANZ.NZ,annual_tax_rate_for_calcs,1,0.0
ANZ.NZ,annual_total_premiums_earned,1,0.0
ANZ.NZ,annual_total_revenue,1,0.0
ANZ.NZ,annual_total_unusual_items,1,0.0
ANZ.NZ,annual_total_unusual_items_excluding_goodwill,1,0.0
ANZ.NZ,annual_write_off,2,731.0
ANZ.NZ,close,7,10.0
ANZ.NZ,dividend,7,1092.0
ANZ.NZ,high,6,9.0
ANZ.NZ,low,6,9.0
ANZ.NZ,open,6,9.0
ANZ.NZ,split,1,0.0
ANZ.NZ,trailing_amortization,1,0.0
ANZ.NZ,trailing_average_dilution_earnings,1,0.0
ANZ.NZ,trailing_basic_average_shares,1,0.0
ANZ.NZ,trailing_basic_eps,1,0.0
ANZ.NZ,trailing_depreciation_and_amortization_in_income_statement,1,0.0
ANZ.NZ,trailing_depreciation_income_statement,1,0.0
ANZ.NZ,trailing_diluted_average_shares,1,0.0
ANZ.NZ,trailing_diluted_eps,1,0.0
ANZ.NZ,trailing_diluted_niavailto_com_stockholders,1,0.0
ANZ.NZ,trailing_fees_and_commissions,1,0.0
ANZ.NZ,trailing_feesand_commission_expense,1,0.0
ANZ.NZ,trailing_feesand_commission_income,1,0.0
ANZ.NZ,trailing_general_and_administrative_expense,1,0.0
ANZ.NZ,trailing_incomefrom_associatesand_other_participating_interests,1,0.0
ANZ.NZ,trailing_interest_expense,1,0.0
ANZ.NZ,trailing_interest_income,1,0.0
ANZ.NZ,trailing_minority_interests,1,0.0
ANZ.NZ,trailing_net_income,1,0.0
ANZ.NZ,trailing_net_income_common_stockholders,1,0.0
ANZ.NZ,trailing_net_income_continuous_operations,1,0.0
ANZ.NZ,trailing_net_income_from_continuing_and_discontinued_operation,1,0.0
ANZ.NZ,trailing_net_income_from_continuing_operation_net_minority_interest,1,0.0
ANZ.NZ,trailing_net_income_including_noncontrolling_interests,1,0.0
ANZ.NZ,trailing_net_interest_income,1,0.0
ANZ.NZ,trailing_non_interest_income,1,0.0
ANZ.NZ,trailing_normalized_income,1,0.0
ANZ.NZ,trailing_other_special_charges,1,0.0
ANZ.NZ,trailing_reconciled_depreciation,1,0.0
ANZ.NZ,trailing_rent_and_landing_fees,1,0.0
ANZ.NZ,trailing_restructuring_and_mergern_acquisition,1,0.0
ANZ.NZ,trailing_selling_and_marketing_expense,1,0.0
ANZ.NZ,trailing_selling_general_and_administration,1,0.0
ANZ.NZ,trailing_special_income_charges,1,0.0
ANZ.NZ,trailing_tax_effect_of_unusual_items,1,0.0
ANZ.NZ,trailing_tax_provision,1,0.0
ANZ.NZ,trailing_tax_rate_for_calcs,1,0.0
ANZ.NZ,trailing_total_premiums_earned,1,0.0
ANZ.NZ,trailing_total_revenue,1,0.0
ANZ.NZ,trailing_total_unusual_items,1,0.0
ANZ.NZ,trailing_total_unusual_items_excluding_goodwill,1,0.0
ANZ.NZ,trailing_write_off,1,0.0
ANZ.NZ,volume,6,9.0
ANZ.NZ,wiki_views,2,1.0
ANZ.NZ,wiki_views_desktop,2,1.0
ANZ.NZ,wiki_views_mobile,3,2.0
AOF.NZ,adj_close,21,28.0
AOF.NZ,annual_amortization,1,0.0
AOF.NZ,annual_amortization_of_intangibles_income_statement,1,0.0
AOF.NZ,annual_basic_average_shares,2,366.0
AOF.NZ,annual_basic_eps,1,0.0
AOF.NZ,annual_depreciation_amortization_depletion_income_statement,1,0.0
AOF.NZ,annual_depreciation_and_amortization_in_income_statement,1,0.0
AOF.NZ,annual_depreciation_income_statement,1,0.0
AOF.NZ,annual_diluted_average_shares,2,366.0
AOF.NZ,annual_diluted_eps,1,0.0
AOF.NZ,annual_ebit,1,0.0
AOF.NZ,annual_ebitda,1,0.0
AOF.NZ,annual_general_and_administrative_expense,1,0.0
AOF.NZ,annual_interest_expense,1,0.0
AOF.NZ,annual_interest_income,1,0.0
AOF.NZ,annual_net_income,1,0.0
AOF.NZ,annual_net_income_common_stockholders,1,0.0
AOF.NZ,annual_net_income_continuous_operations,1,0.0
AOF.NZ,annual_net_income_from_continuing_and_discontinued_operation,1,0.0
AOF.NZ,annual_net_income_from_continuing_operation_net_minority_interest,1,0.0
AOF.NZ,annual_net_income_including_noncontrolling_interests,1,0.0
AOF.NZ,annual_net_interest_income,1,0.0
AOF.NZ,annual_normalized_ebitda,1,0.0
AOF.NZ,annual_normalized_income,1,0.0
AOF.NZ,annual_other_non_operating_income_expenses,1,0.0
AOF.NZ,annual_pretax_income,1,0.0
AOF.NZ,annual_reconciled_depreciation,1,0.0
AOF.NZ,annual_salaries_and_wages,1,0.0
AOF.NZ,annual_selling_general_and_administration,1,0.0
AOF.NZ,annual_tax_effect_of_unusual_items,4,1096.0
AOF.NZ,annual_tax_provision,1,0.0
AOF.NZ,annual_tax_rate_for_calcs,2,365.0
AOF.NZ,annual_total_revenue,1,0.0
AOF.NZ,close,21,28.0
AOF.NZ,high,23,30.0
AOF.NZ,low,20,31.0
AOF.NZ,open,23,30.0
AOF.NZ,split,1,0.0
AOF.NZ,trailing_amortization,1,0.0
AOF.NZ,trailing_amortization_of_intangibles_income_statement,1,0.0
AOF.NZ,trailing_basic_average_shares,2,182.0
AOF.NZ,trailing_basic_eps,1,0.0
AOF.NZ,trailing_depreciation_amortization_depletion_income_statement,1,0.0
AOF.NZ,trailing_depreciation_and_amortization_in_income_statement,1,0.0
AOF.NZ,trailing_depreciation_income_statement,1,0.0
AOF.NZ,trailing_diluted_average_shares,2,182.0
AOF.NZ,trailing_diluted_eps,1,0.0
AOF.NZ,trailing_ebit,1,0.0
AOF.NZ,trailing_ebitda,1,0.0
AOF.NZ,trailing_general_and_administrative_expense,1,0.0
AOF.NZ,trailing_interest_expense,1,0.0
AOF.NZ,trailing_interest_income,1,0.0
AOF.NZ,trailing_net_income,1,0.0
AOF.NZ,trailing_net_income_common_stockholders,1,0.0
AOF.NZ,trailing_net_income_continuous_operations,1,0.0
AOF.NZ,trailing_net_income_from_continuing_and_discontinued_operation,1,0.0
AOF.NZ,trailing_net_income_from_continuing_operation_net_minority_interest,1,0.0
AOF.NZ,trailing_net_income_including_noncontrolling_interests,1,0.0
AOF.NZ,trailing_net_interest_income,1,0.0
AOF.NZ,trailing_normalized_ebitda,1,0.0
AOF.NZ,trailing_normalized_income,1,0.0
AOF.NZ,trailing_other_non_operating_income_expenses,1,0.0
AOF.NZ,trailing_reconciled_depreciation,1,0.0
AOF.NZ,trailing_salaries_and_wages,1,0.0
AOF.NZ,trailing_selling_general_and_administration,1,0.0
AOF.NZ,trailing_tax_effect_of_unusual_items,1,0.0
AOF.NZ,trailing_tax_provision,1,0.0
AOF.NZ,trailing_tax_rate_for_calcs,1,0.0
AOF.NZ,trailing_total_revenue,1,0.0
AOF.NZ,volume,12,15.0
APA.NZ,adj_close,21,29.0
APA.NZ,close,21,29.0
APA.NZ,dividend,1,0.0
APA.NZ,high,21,29.0
APA.NZ,low,21,29.0
APA.NZ,open,21,29.0
APA.NZ,volume,20,28.0
APL.NZ,adj_close,14,19.0
APL.NZ,annual_basic_average_shares,4,1096.0
APL.NZ,annual_basic_eps,1,0.0
APL.NZ,annual_diluted_average_shares,4,1096.0
APL.NZ,annual_diluted_eps,1,0.0
APL.NZ,annual_ebit,1,0.0
APL.NZ,annual_ebitda,1,0.0
APL.NZ,annual_general_and_administrative_expense,1,0.0
APL.NZ,annual_interest_expense,1,0.0
APL.NZ,annual_interest_income,1,0.0
APL.NZ,annual_net_income,1,0.0
APL.NZ,annual_net_income_common_stockholders,1,0.0
APL.NZ,annual_net_income_continuous_operations,1,0.0
APL.NZ,annual_net_income_from_continuing_and_discontinued_operation,1,0.0
APL.NZ,annual_net_income_from_continuing_operation_net_minority_interest,1,0.0
APL.NZ,annual_net_income_including_noncontrolling_interests,1,0.0
APL.NZ,annual_net_interest_income,1,0.0
APL.NZ,annual_normalized_ebitda,1,0.0
APL.NZ,annual_normalized_income,1,0.0
APL.NZ,annual_other_gand_a,1,0.0
APL.NZ,annual_other_non_operating_income_expenses,1,0.0
APL.NZ,annual_pretax_income,1,0.0
APL.NZ,annual_salaries_and_wages,2,365.0
APL.NZ,annual_selling_general_and_administration,1,0.0
APL.NZ,annual_tax_effect_of_unusual_items,2,365.0
APL.NZ,annual_tax_provision,2,365.0
APL.NZ,annual_tax_rate_for_calcs,2,365.0
APL.NZ,annual_total_revenue,1,0.0
APL.NZ,close,14,19.0
APL.NZ,dividend,15,1282.0
APL.NZ,high,38,54.0
APL.NZ,low,38,54.0
APL.NZ,open,17,23.0
APL.NZ,trailing_basic_average_shares,4,914.0
APL.NZ,trailing_basic_eps,1,0.0
APL.NZ,trailing_diluted_average_shares,4,914.0
APL.NZ,trailing_diluted_eps,1,0.0
APL.NZ,trailing_ebit,1,0.0
APL.NZ,trailing_ebitda,1,0.0
APL.NZ,trailing_general_and_administrative_expense,1,0.0
APL.NZ,trailing_interest_income,1,0.0
APL.NZ,trailing_net_income,1,0.0
APL.NZ,trailing_net_income_common_stockholders,1,0.0
APL.NZ,trailing_net_income_continuous_operations,1,0.0
APL.NZ,trailing_net_income_from_continuing_and_discontinued_operation,1,0.0
APL.NZ,trailing_net_income_from_continuing_operation_net_minority_interest,1,0.0
APL.NZ,trailing_net_income_including_noncontrolling_interests,1,0.0
APL.NZ,trailing_net_interest_income,1,0.0
APL.NZ,trailing_normalized_ebitda,1,0.0
APL.NZ,trailing_normalized_income,1,0.0
APL.NZ,trailing_other_gand_a,1,0.0
APL.NZ,trailing_other_non_operating_income_expenses,1,0.0
APL.NZ,trailing_salaries_and_wages,1,0.0
APL.NZ,trailing_selling_general_and_administration,1,0.0
APL.NZ,trailing_tax_effect_of_unusual_items,1,0.0
APL.NZ,trailing_tax_provision,1,0.0
APL.NZ,trailing_tax_rate_for_calcs,1,0.0
APL.NZ,trailing_total_revenue,1,0.0
APL.NZ,volume,8,11.0
ARB.NZ,adj_close,22,30.0
ARB.NZ,annual_amortization,1,0.0
ARB.NZ,annual_amortization_of_intangibles_income_statement,1,0.0
ARB.NZ,annual_basic_average_shares,1,0.0
ARB.NZ,annual_basic_eps,1,0.0
ARB.NZ,annual_depreciation_amortization_depletion_income_statement,1,0.0
ARB.NZ,annual_depreciation_and_amortization_in_income_statement,1,0.0
ARB.NZ,annual_depreciation_income_statement,1,0.0
ARB.NZ,annual_diluted_average_shares,1,0.0
ARB.NZ,annual_diluted_eps,1,0.0
ARB.NZ,annual_ebit,1,0.0
ARB.NZ,annual_ebitda,1,0.0
ARB.NZ,annual_general_and_administrative_expense,1,0.0
ARB.NZ,annual_interest_expense,1,0.0
ARB.NZ,annual_interest_income,1,0.0
ARB.NZ,annual_net_income,1,0.0
ARB.NZ,annual_net_income_common_stockholders,1,0.0
ARB.NZ,annual_net_income_continuous_operations,1,0.0
ARB.NZ,annual_net_income_from_continuing_and_discontinued_operation,1,0.0
ARB.NZ,annual_net_income_from_continuing_operation_net_minority_interest,1,0.0
ARB.NZ,annual_net_income_including_noncontrolling_interests,1,0.0
ARB.NZ,annual_net_interest_income,1,0.0
ARB.NZ,annual_normalized_ebitda,1,0.0
ARB.NZ,annual_normalized_income,1,0.0
ARB.NZ,annual_other_gand_a,1,0.0
ARB.NZ,annual_other_non_operating_income_expenses,1,0.0
ARB.NZ,annual_pretax_income,1,0.0
ARB.NZ,annual_reconciled_depreciation,1,0.0
ARB.NZ,annual_salaries_and_wages,1,0.0
ARB.NZ,annual_selling_general_and_administration,1,0.0
ARB.NZ,annual_tax_effect_of_unusual_items,4,1096.0
ARB.NZ,annual_tax_provision,1,0.0
ARB.NZ,annual_tax_rate_for_calcs,3,731.0
ARB.NZ,annual_total_revenue,1,0.0
ARB.NZ,close,22,30.0
ARB.NZ,high,15,20.0
ARB.NZ,low,25,35.0
ARB.NZ,open,19,27.0
ARB.NZ,trailing_amortization,1,0.0
ARB.NZ,trailing_amortization_of_intangibles_income_statement,1,0.0
ARB.NZ,trailing_basic_average_shares,1,0.0
ARB.NZ,trailing_basic_eps,2,730.0
ARB.NZ,trailing_depreciation_amortization_depletion_income_statement,1,0.0
ARB.NZ,trailing_depreciation_and_amortization_in_income_statement,1,0.0
ARB.NZ,trailing_depreciation_income_statement,1,0.0
ARB.NZ,trailing_diluted_average_shares,1,0.0
ARB.NZ,trailing_diluted_eps,1,0.0
ARB.NZ,trailing_ebit,1,0.0
ARB.NZ,trailing_ebitda,1,0.0
ARB.NZ,trailing_general_and_administrative_expense,1,0.0
ARB.NZ,trailing_interest_expense,1,0.0
ARB.NZ,trailing_interest_income,1,0.0
ARB.NZ,trailing_minority_interests,1,0.0
ARB.NZ,trailing_net_income,1,0.0
ARB.NZ,trailing_net_income_common_stockholders,1,0.0
ARB.NZ,trailing_net_income_continuous_operations,1,0.0
ARB.NZ,trailing_net_income_discontinuous_operations,1,0.0
ARB.NZ,trailing_net_income_from_continuing_and_discontinued_operation,1,0.0
ARB.NZ,trailing_net_income_from_continuing_operation_net_minority_interest,1,0.0
ARB.NZ,trailing_net_income_including_noncontrolling_interests,1,0.0
ARB.NZ,trailing_net_interest_income,1,0.0
ARB.NZ,trailing_normalized_ebitda,1,0.0
ARB.NZ,trailing_normalized_income,1,0.0
ARB.NZ,trailing_other_gand_a,1,0.0
ARB.NZ,trailing_other_non_operating_income_expenses,1,0.0
ARB.NZ,trailing_preferred_stock_dividends,1,0.0
ARB.NZ,trailing_reconciled_depreciation,1,0.0
ARB.NZ,trailing_selling_and_marketing_expense,1,0.0
ARB.NZ,trailing_selling_general_and_administration,1,0.0
ARB.NZ,trailing_tax_effect_of_unusual_items,1,0.0
ARB.NZ,trailing_tax_provision,1,0.0
ARB.NZ,trailing_tax_rate_for_calcs,1,0.0
ARB.NZ,trailing_total_revenue,1,0.0
ARB.NZ,volume,8,14.0
ARG.NZ,adj_close,27,37.0
ARG.NZ,annual_basic_average_shares,1,0.0
ARG.NZ,annual_basic_eps,1,0.0
ARG.NZ,annual_depreciation_amortization_depletion_income_statement,1,0.0
ARG.NZ,annual_depreciation_and_amortization_in_income_statement,1,0.0
ARG.NZ,annual_depreciation_income_statement,1,0.0
ARG.NZ,annual_diluted_average_shares,1,0.0
ARG.NZ,annual_diluted_eps,1,0.0
ARG.NZ,annual_ebit,1,0.0
ARG.NZ,annual_ebitda,1,0.0
ARG.NZ,annual_general_and_administrative_expense,1,0.0
ARG.NZ,annual_interest_expense,1,0.0
ARG.NZ,annual_interest_income,1,0.0
ARG.NZ,annual_net_income,1,0.0
ARG.NZ,annual_net_income_common_stockholders,1,0.0
ARG.NZ,annual_net_income_continuous_operations,1,0.0
ARG.NZ,annual_net_income_from_continuing_and_discontinued_operation,1,0.0
ARG.NZ,annual_net_income_from_continuing_operation_net_minority_interest,1,0.0
ARG.NZ,annual_net_income_including_noncontrolling_interests,1,0.0
ARG.NZ,annual_net_interest_income,1,0.0
ARG.NZ,annual_normalized_ebitda,1,0.0
ARG.NZ,annual_normalized_income,1,0.0
ARG.NZ,annual_other_non_operating_income_expenses,1,0.0
ARG.NZ,annual_pretax_income,1,0.0
ARG.NZ,annual_reconciled_depreciation,1,0.0
ARG.NZ,annual_salaries_and_wages,1,0.0
ARG.NZ,annual_selling_general_and_administration,1,0.0
ARG.NZ,annual_tax_effect_of_unusual_items,4,1096.0
ARG.NZ,annual_tax_provision,1,0.0
ARG.NZ,annual_tax_rate_for_calcs,2,366.0
ARG.NZ,annual_total_revenue,1,0.0
ARG.NZ,close,27,37.0
ARG.NZ,dividend,15,1274.0
ARG.NZ,high,27,37.0
ARG.NZ,low,33,44.0
ARG.NZ,open,26,36.0
ARG.NZ,trailing_basic_average_shares,1,0.0
ARG.NZ,trailing_basic_eps,1,0.0
ARG.NZ,trailing_diluted_average_shares,1,0.0
ARG.NZ,trailing_diluted_eps,1,0.0
ARG.NZ,trailing_ebit,1,0.0
ARG.NZ,trailing_ebitda,1,0.0
ARG.NZ,trailing_general_and_administrative_expense,1,0.0
ARG.NZ,trailing_interest_expense,1,0.0
ARG.NZ,trailing_interest_income,1,0.0
ARG.NZ,trailing_net_income,1,0.0
ARG.NZ,trailing_net_income_common_stockholders,1,0.0
ARG.NZ,trailing_net_income_continuous_operations,1,0.0
ARG.NZ,trailing_net_income_from_continuing_and_discontinued_operation,1,0.0
ARG.NZ,trailing_net_income_from_continuing_operation_net_minority_interest,1,0.0
ARG.NZ,trailing_net_income_including_noncontrolling_interests,1,0.0
ARG.NZ,trailing_net_interest_income,1,0.0
ARG.NZ,trailing_normalized_ebitda,1,0.0
ARG.NZ,trailing_normalized_income,1,0.0
ARG.NZ,trailing_other_non_operating_income_expenses,1,0.0
ARG.NZ,trailing_selling_general_and_administration,1,0.0
ARG.NZ,trailing_tax_effect_of_unusual_items,1,0.0
ARG.NZ,trailing_tax_provision,1,0.0
ARG.NZ,trailing_tax_rate_for_calcs,1,0.0
ARG.NZ,trailing_total_revenue,1,0.0
ARG.NZ,volume,123,179.0
ARG.NZ,wiki_views,4,3418.0
ARG.NZ,wiki_views_desktop,5,140.0
ARG.NZ,wiki_views_mobile,2,60.0
ARV.NZ,wiki_views,6,226.0
ARV.NZ,wiki_views_desktop,6,226.0
ARV.NZ,wiki_views_mobile,6,226.0
ASD.NZ,adj_close,9,12.0
ASD.NZ,close,9,12.0
ASD.NZ,dividend,1,0.0
ASD.NZ,high,9,12.0
ASD.NZ,low,9,12.0
ASD.NZ,open,9,12.0
ASD.NZ,volume,13,16.0
ASF.NZ,adj_close,11,20.0
ASF.NZ,close,11,20.0
ASF.NZ,dividend,1,0.0
ASF.NZ,high,11,20.0
ASF.NZ,low,11,20.0
ASF.NZ,open,11,20.0
ASF.NZ,volume,24,34.0
ASP.NZ,adj_close,14,19.0
ASP.NZ,close,14,19.0
ASP.NZ,dividend,1,0.0
ASP.NZ,high,14,19.0
ASP.NZ,low,14,19.0
ASP.NZ,open,14,19.0
ASP.NZ,volume,17,22.0
ASR.NZ,adj_close,3,2.0
ASR.NZ,close,3,2.0
ASR.NZ,dividend,1,0.0
ASR.NZ,high,3,2.0
ASR.NZ,low,3,2.0
ASR.NZ,open,3,2.0
ASR.NZ,volume,52,71.0
ATM.NZ,adj_close,32,44.0
ATM.NZ,annual_amortization,1,0.0
ATM.NZ,annual_amortization_of_intangibles_income_statement,1,0.0
ATM.NZ,annual_basic_average_shares,1,0.0
ATM.NZ,annual_basic_eps,1,0.0
ATM.NZ,annual_depreciation_amortization_depletion_income_statement,1,0.0
ATM.NZ,annual_depreciation_and_amortization_in_income_statement,1,0.0
ATM.NZ,annual_depreciation_income_statement,1,0.0
ATM.NZ,annual_diluted_average_shares,1,0.0
ATM.NZ,annual_diluted_eps,1,0.0
ATM.NZ,annual_ebit,1,0.0
ATM.NZ,annual_ebitda,1,0.0
ATM.NZ,annual_general_and_administrative_expense,1,0.0
ATM.NZ,annual_interest_expense,1,0.0
ATM.NZ,annual_interest_income,1,0.0
ATM.NZ,annual_minority_interests,1,0.0
ATM.NZ,annual_net_income,1,0.0
ATM.NZ,annual_net_income_common_stockholders,1,0.0
ATM.NZ,annual_net_income_continuous_operations,1,0.0
ATM.NZ,annual_net_income_from_continuing_and_discontinued_operation,1,0.0
ATM.NZ,annual_net_income_from_continuing_operation_net_minority_interest,1,0.0
ATM.NZ,annual_net_income_including_noncontrolling_interests,1,0.0
ATM.NZ,annual_net_interest_income,1,0.0
ATM.NZ,annual_normalized_ebitda,1,0.0
ATM.NZ,annual_normalized_income,1,0.0
ATM.NZ,annual_other_gand_a,1,0.0
ATM.NZ,annual_other_non_operating_income_expenses,1,0.0
ATM.NZ,annual_pretax_income,1,0.0
ATM.NZ,annual_reconciled_depreciation,1,0.0
ATM.NZ,annual_selling_and_marketing_expense,1,0.0
ATM.NZ,annual_selling_general_and_administration,1,0.0
ATM.NZ,annual_tax_effect_of_unusual_items,4,1096.0
ATM.NZ,annual_tax_provision,1,0.0
ATM.NZ,annual_tax_rate_for_calcs,1,0.0
ATM.NZ,annual_total_revenue,1,0.0
ATM.NZ,close,32,44.0
ATM.NZ,dividend,2,182.0
ATM.NZ,high,32,44.0
ATM.NZ,low,32,44.0
ATM.NZ,open,33,45.0
ATM.NZ,split,1,0.0
ATM.NZ,trailing_basic_average_shares,1,0.0
ATM.NZ,trailing_basic_eps,1,0.0
ATM.NZ,trailing_depreciation_amortization_depletion_income_statement,1,0.0
ATM.NZ,trailing_depreciation_and_amortization_in_income_statement,1,0.0
ATM.NZ,trailing_depreciation_income_statement,1,0.0
ATM.NZ,trailing_diluted_average_shares,1,0.0
ATM.NZ,trailing_diluted_eps,1,0.0
ATM.NZ,trailing_ebit,1,0.0
ATM.NZ,trailing_ebitda,1,0.0
ATM.NZ,trailing_general_and_administrative_expense,1,0.0
ATM.NZ,trailing_interest_expense,1,0.0
ATM.NZ,trailing_interest_income,1,0.0
ATM.NZ,trailing_minority_interests,1,0.0
ATM.NZ,trailing_net_income,1,0.0
ATM.NZ,trailing_net_income_common_stockholders,1,0.0
ATM.NZ,trailing_net_income_continuous_operations,1,0.0
ATM.NZ,trailing_net_income_discontinuous_operations,1,0.0
ATM.NZ,trailing_net_income_from_continuing_and_discontinued_operation,1,0.0
ATM.NZ,trailing_net_income_from_continuing_operation_net_minority_interest,1,0.0
ATM.NZ,trailing_net_income_including_noncontrolling_interests,1,0.0
ATM.NZ,trailing_net_interest_income,1,0.0
ATM.NZ,trailing_normalized_ebitda,1,0.0
ATM.NZ,trailing_normalized_income,1,0.0
ATM.NZ,trailing_other_gand_a,1,0.0
ATM.NZ,trailing_other_non_operating_income_expenses,1,0.0
ATM.NZ,trailing_reconciled_depreciation,1,0.0
ATM.NZ,trailing_selling_and_marketing_expense,1,0.0
ATM.NZ,trailing_selling_general_and_administration,1,0.0
ATM.NZ,trailing_tax_effect_of_unusual_items,1,0.0
ATM.NZ,trailing_tax_provision,1,0.0
ATM.NZ,trailing_tax_rate_for_calcs,1,0.0
ATM.NZ,trailing_total_revenue,1,0.0
ATM.NZ,volume,38,52.0
AUE.NZ,adj_close,3,3.0
AUE.NZ,close,3,3.0
AUE.NZ,dividend,1,0.0
AUE.NZ,high,3,3.0
AUE.NZ,low,2,5.0
AUE.NZ,open,3,2.0
AUE.NZ,volume,2,3.0
AUS.NZ,adj_close,3,4.0
AUS.NZ,close,3,4.0
AUS.NZ,dividend,1,0.0
AUS.NZ,high,3,4.0
AUS.NZ,low,2,3.0
AUS.NZ,open,3,2.0
AUS.NZ,volume,2,3.0
BAI.NZ,adj_close,594,861.0
BAI.NZ,annual_amortization,1,0.0
BAI.NZ,annual_amortization_of_intangibles_income_statement,1,0.0
BAI.NZ,annual_basic_average_shares,2,365.0
BAI.NZ,annual_basic_eps,1,0.0
BAI.NZ,annual_depreciation_amortization_depletion_income_statement,1,0.0
BAI.NZ,annual_depreciation_and_amortization_in_income_statement,1,0.0
BAI.NZ,annual_depreciation_income_statement,1,0.0
BAI.NZ,annual_diluted_average_shares,2,365.0
BAI.NZ,annual_diluted_eps,1,0.0
BAI.NZ,annual_ebit,1,0.0
BAI.NZ,annual_ebitda,1,0.0
BAI.NZ,annual_general_and_administrative_expense,2,365.0
BAI.NZ,annual_impairment_of_capital_assets,1,0.0
BAI.NZ,annual_interest_expense,1,0.0
BAI.NZ,annual_interest_income,1,0.0
BAI.NZ,annual_net_income,1,0.0
BAI.NZ,annual_net_income_common_stockholders,1,0.0
BAI.NZ,annual_net_income_continuous_operations,1,0.0
BAI.NZ,annual_net_income_from_continuing_and_discontinued_operation,1,0.0
BAI.NZ,annual_net_income_from_continuing_operation_net_minority_interest,1,0.0
BAI.NZ,annual_net_income_including_noncontrolling_interests,1,0.0
BAI.NZ,annual_net_interest_income,1,0.0
BAI.NZ,annual_normalized_ebitda,1,0.0
BAI.NZ,annual_normalized_income,1,0.0
BAI.NZ,annual_other_non_operating_income_expenses,1,0.0
BAI.NZ,annual_pretax_income,1,0.0
BAI.NZ,annual_reconciled_depreciation,1,0.0
BAI.NZ,annual_rent_and_landing_fees,1,0.0
BAI.NZ,annual_salaries_and_wages,2,365.0
BAI.NZ,annual_selling_general_and_administration,2,365.0
BAI.NZ,annual_special_income_charges,1,0.0
BAI.NZ,annual_tax_effect_of_unusual_items,3,731.0
BAI.NZ,annual_tax_provision,2,365.0
BAI.NZ,annual_tax_rate_for_calcs,2,365.0
BAI.NZ,annual_total_revenue,1,0.0
BAI.NZ,annual_total_unusual_items,1,0.0
BAI.NZ,annual_total_unusual_items_excluding_goodwill,1,0.0
BAI.NZ,close,594,861.0
BAI.NZ,high,594,861.0
BAI.NZ,low,594,861.0
BAI.NZ,open,594,861.0
BAI.NZ,split,1,0.0
BAI.NZ,trailing_amortization,1,0.0
BAI.NZ,trailing_amortization_of_intangibles_income_statement,1,0.0
BAI.NZ,trailing_basic_average_shares,1,0.0
BAI.NZ,trailing_basic_eps,1,0.0
BAI.NZ,trailing_depreciation_amortization_depletion_income_statement,1,0.0
BAI.NZ,trailing_depreciation_and_amortization_in_income_statement,1,0.0
BAI.NZ,trailing_depreciation_income_statement,1,0.0
BAI.NZ,trailing_diluted_average_shares,1,0.0
BAI.NZ,trailing_diluted_eps,1,0.0
BAI.NZ,trailing_ebit,1,0.0
BAI.NZ,trailing_ebitda,1,0.0
BAI.NZ,trailing_general_and_administrative_expense,1,0.0
BAI.NZ,trailing_interest_expense,1,0.0
BAI.NZ,trailing_interest_income,1,0.0
BAI.NZ,trailing_net_income,1,0.0
BAI.NZ,trailing_net_income_common_stockholders,1,0.0
BAI.NZ,trailing_net_income_continuous_operations,1,0.0
BAI.NZ,trailing_net_income_from_continuing_and_discontinued_operation,1,0.0
BAI.NZ,trailing_net_income_from_continuing_operation_net_minority_interest,1,0.0
BAI.NZ,trailing_net_income_including_noncontrolling_interests,1,0.0
BAI.NZ,trailing_net_interest_income,1,0.0
BAI.NZ,trailing_normalized_ebitda,1,0.0
BAI.NZ,trailing_normalized_income,1,0.0
BAI.NZ,trailing_reconciled_depreciation,1,0.0
BAI.NZ,trailing_salaries_and_wages,1,0.0
BAI.NZ,trailing_selling_general_and_administration,1,0.0
BAI.NZ,trailing_tax_effect_of_unusual_items,1,0.0
BAI.NZ,trailing_tax_provision,1,0.0
BAI.NZ,trailing_tax_rate_for_calcs,1,0.0
BAI.NZ,trailing_total_revenue,1,0.0
BAI.NZ,trailing_total_unusual_items,1,0.0
BAI.NZ,trailing_total_unusual_items_excluding_goodwill,1,0.0
BAI.NZ,volume,1549,2183.0
BFG.NZ,adj_close,39,55.0
BFG.NZ,annual_amortization,1,0.0
BFG.NZ,annual_amortization_of_intangibles_income_statement,1,0.0
BFG.NZ,annual_basic_average_shares,1,0.0
BFG.NZ,annual_basic_eps,1,0.0
BFG.NZ,annual_depreciation_amortization_depletion_income_statement,1,0.0
BFG.NZ,annual_depreciation_and_amortization_in_income_statement,1,0.0
BFG.NZ,annual_depreciation_income_statement,1,0.0
BFG.NZ,annual_diluted_average_shares,1,0.0
BFG.NZ,annual_diluted_eps,1,0.0
BFG.NZ,annual_ebit,1,0.0
BFG.NZ,annual_ebitda,1,0.0
BFG.NZ,annual_general_and_administrative_expense,1,0.0
BFG.NZ,annual_impairment_of_capital_assets,1,0.0
BFG.NZ,annual_interest_expense,1,0.0
BFG.NZ,annual_interest_income,1,0.0
BFG.NZ,annual_net_income,1,0.0
BFG.NZ,annual_net_income_common_stockholders,1,0.0
BFG.NZ,annual_net_income_continuous_operations,1,0.0
BFG.NZ,annual_net_income_from_continuing_and_discontinued_operation,1,0.0
BFG.NZ,annual_net_income_from_continuing_operation_net_minority_interest,1,0.0
BFG.NZ,annual_net_income_including_noncontrolling_interests,1,0.0
BFG.NZ,annual_net_interest_income,1,0.0
BFG.NZ,annual_normalized_ebitda,1,0.0
BFG.NZ,annual_normalized_income,1,0.0
BFG.NZ,annual_other_non_operating_income_expenses,1,0.0
BFG.NZ,annual_other_special_charges,1,0.0
BFG.NZ,annual_pretax_income,1,0.0
BFG.NZ,annual_reconciled_depreciation,1,0.0
BFG.NZ,annual_rent_and_landing_fees,1,0.0
BFG.NZ,annual_salaries_and_wages,1,0.0
BFG.NZ,annual_selling_and_marketing_expense,1,0.0
BFG.NZ,annual_selling_general_and_administration,1,0.0
BFG.NZ,annual_special_income_charges,1,0.0
BFG.NZ,annual_tax_effect_of_unusual_items,1,0.0
BFG.NZ,annual_tax_provision,1,0.0
BFG.NZ,annual_tax_rate_for_calcs,1,0.0
BFG.NZ,annual_total_revenue,1,0.0
BFG.NZ,annual_total_unusual_items,1,0.0
BFG.NZ,annual_total_unusual_items_excluding_goodwill,1,0.0
BFG.NZ,close,39,55.0
BFG.NZ,dividend,1,0.0
BFG.NZ,high,38,54.0
BFG.NZ,low,39,55.0
BFG.NZ,open,39,55.0
BFG.NZ,split,1,0.0
BFG.NZ,trailing_amortization,1,0.0
BFG.NZ,trailing_amortization_of_intangibles_income_statement,1,0.0
BFG.NZ,trailing_basic_average_shares,2,183.0
BFG.NZ,trailing_basic_eps,1,0.0
BFG.NZ,trailing_depreciation_amortization_depletion_income_statement,1,0.0
BFG.NZ,trailing_depreciation_and_amortization_in_income_statement,1,0.0
BFG.NZ,trailing_depreciation_income_statement,1,0.0
BFG.NZ,trailing_diluted_average_shares,2,183.0
BFG.NZ,trailing_diluted_eps,1,0.0
BFG.NZ,trailing_ebit,1,0.0
BFG.NZ,trailing_ebitda,1,0.0
BFG.NZ,trailing_general_and_administrative_expense,1,0.0
BFG.NZ,trailing_interest_expense,1,0.0
BFG.NZ,trailing_interest_income,1,0.0
BFG.NZ,trailing_net_income,1,0.0
BFG.NZ,trailing_net_income_common_stockholders,1,0.0
BFG.NZ,trailing_net_income_continuous_operations,1,0.0
BFG.NZ,trailing_net_income_from_continuing_and_discontinued_operation,1,0.0
BFG.NZ,trailing_net_income_from_continuing_operation_net_minority_interest,1,0.0
BFG.NZ,trailing_net_income_including_noncontrolling_interests,1,0.0
BFG.NZ,trailing_net_interest_income,1,0.0
BFG.NZ,trailing_normalized_ebitda,1,0.0
BFG.NZ,trailing_normalized_income,1,0.0
BFG.NZ,trailing_other_non_operating_income_expenses,1,0.0
BFG.NZ,trailing_reconciled_depreciation,1,0.0
BFG.NZ,trailing_salaries_and_wages,1,0.0
BFG.NZ,trailing_selling_and_marketing_expense,1,0.0
BFG.NZ,trailing_selling_general_and_administration,1,0.0
BFG.NZ,trailing_special_income_charges,1,0.0
BFG.NZ,trailing_tax_effect_of_unusual_items,1,0.0
BFG.NZ,trailing_tax_provision,1,0.0
BFG.NZ,trailing_tax_rate_for_calcs,1,0.0
BFG.NZ,trailing_total_revenue,1,0.0
BFG.NZ,trailing_total_unusual_items,1,0.0
BFG.NZ,trailing_total_unusual_items_excluding_goodwill,1,0.0
BFG.NZ,volume,38,54.0
BGP.NZ,adj_close,15,25.0
BGP.NZ,annual_amortization,1,0.0
BGP.NZ,annual_amortization_of_intangibles_income_statement,1,0.0
BGP.NZ,annual_basic_average_shares,1,0.0
BGP.NZ,annual_basic_eps,1,0.0
BGP.NZ,annual_depreciation_amortization_depletion_income_statement,1,0.0
BGP.NZ,annual_depreciation_and_amortization_in_income_statement,1,0.0
BGP.NZ,annual_depreciation_income_statement,1,0.0
BGP.NZ,annual_diluted_average_shares,1,0.0
BGP.NZ,annual_diluted_eps,1,0.0
BGP.NZ,annual_ebit,1,0.0
BGP.NZ,annual_ebitda,1,0.0
BGP.NZ,annual_general_and_administrative_expense,1,0.0
BGP.NZ,annual_interest_expense,1,0.0
BGP.NZ,annual_interest_income,1,0.0
BGP.NZ,annual_net_income,1,0.0
BGP.NZ,annual_net_income_common_stockholders,1,0.0
BGP.NZ,annual_net_income_continuous_operations,1,0.0
BGP.NZ,annual_net_income_from_continuing_and_discontinued_operation,1,0.0
BGP.NZ,annual_net_income_from_continuing_operation_net_minority_interest,1,0.0
BGP.NZ,annual_net_income_including_noncontrolling_interests,1,0.0
BGP.NZ,annual_net_interest_income,1,0.0
BGP.NZ,annual_normalized_ebitda,1,0.0
BGP.NZ,annual_normalized_income,1,0.0
BGP.NZ,annual_other_gand_a,1,0.0
BGP.NZ,annual_other_non_operating_income_expenses,1,0.0
BGP.NZ,annual_pretax_income,1,0.0
BGP.NZ,annual_reconciled_depreciation,1,0.0
BGP.NZ,annual_selling_general_and_administration,1,0.0
BGP.NZ,annual_tax_effect_of_unusual_items,4,1096.0
BGP.NZ,annual_tax_provision,1,0.0
BGP.NZ,annual_tax_rate_for_calcs,1,0.0
BGP.NZ,annual_total_revenue,1,0.0
BGP.NZ,close,15,25.0
BGP.NZ,dividend,3,365.0
BGP.NZ,high,15,25.0
BGP.NZ,low,15,20.0
BGP.NZ,open,14,17.0
BGP.NZ,trailing_amortization,1,0.0
BGP.NZ,trailing_amortization_of_intangibles_income_statement,1,0.0
BGP.NZ,trailing_basic_average_shares,1,0.0
BGP.NZ,trailing_basic_eps,1,0.0
BGP.NZ,trailing_depreciation_amortization_depletion_income_statement,1,0.0
BGP.NZ,trailing_depreciation_and_amortization_in_income_statement,1,0.0
BGP.NZ,trailing_depreciation_income_statement,1,0.0
BGP.NZ,trailing_diluted_average_shares,1,0.0
BGP.NZ,trailing_diluted_eps,1,0.0
BGP.NZ,trailing_ebit,1,0.0
BGP.NZ,trailing_ebitda,1,0.0
BGP.NZ,trailing_general_and_administrative_expense,1,0.0
BGP.NZ,trailing_interest_expense,1,0.0
BGP.NZ,trailing_interest_income,1,0.0
BGP.NZ,trailing_net_income,1,0.0
BGP.NZ,trailing_net_income_common_stockholders,1,0.0
BGP.NZ,trailing_net_income_continuous_operations,1,0.0
BGP.NZ,trailing_net_income_from_continuing_and_discontinued_operation,1,0.0
BGP.NZ,trailing_net_income_from_continuing_operation_net_minority_interest,1,0.0
BGP.NZ,trailing_net_income_including_noncontrolling_interests,1,0.0
BGP.NZ,trailing_net_interest_income,1,0.0
BGP.NZ,trailing_normalized_ebitda,1,0.0
BGP.NZ,trailing_normalized_income,1,0.0
BGP.NZ,trailing_other_gand_a,1,0.0
BGP.NZ,trailing_other_non_operating_income_expenses,1,0.0
BGP.NZ,trailing_reconciled_depreciation,1,0.0
BGP.NZ,trailing_selling_general_and_administration,1,0.0
BGP.NZ,trailing_tax_effect_of_unusual_items,2,1280.0
BGP.NZ,trailing_tax_provision,1,0.0
BGP.NZ,trailing_tax_rate_for_calcs,1,0.0
BGP.NZ,trailing_total_revenue,1,0.0
BGP.NZ,volume,6,12.0
BIF.NZ,adj_close,1,0.0
BIF.NZ,close,1,0.0
BIF.NZ,high,1,0.0
BIF.NZ,low,1,0.0
BIF.NZ,open,1,0.0
BIF.NZ,volume,1,0.0
BIT.NZ,adj_close,9,12.0
BIT.NZ,annual_basic_average_shares,1,0.0
BIT.NZ,annual_basic_eps,1,0.0
BIT.NZ,annual_diluted_average_shares,1,0.0
BIT.NZ,annual_diluted_eps,1,0.0
BIT.NZ,annual_diluted_niavailto_com_stockholders,1,0.0
BIT.NZ,annual_dividend_income,1,0.0
BIT.NZ,annual_fees_and_commissions,1,0.0
BIT.NZ,annual_feesand_commission_expense,1,0.0
BIT.NZ,annual_gain_on_sale_of_security,1,0.0
BIT.NZ,annual_general_and_administrative_expense,1,0.0
BIT.NZ,annual_interest_expense,1,0.0
BIT.NZ,annual_interest_income,1,0.0
BIT.NZ,annual_net_income,1,0.0
BIT.NZ,annual_net_income_common_stockholders,1,0.0
BIT.NZ,annual_net_income_continuous_operations,1,0.0
BIT.NZ,annual_net_income_from_continuing_and_discontinued_operation,1,0.0
BIT.NZ,annual_net_income_from_continuing_operation_net_minority_interest,1,0.0
BIT.NZ,annual_net_income_including_noncontrolling_interests,1,0.0
BIT.NZ,annual_net_interest_income,1,0.0
BIT.NZ,annual_non_interest_income,1,0.0
BIT.NZ,annual_normalized_income,1,0.0
BIT.NZ,annual_pretax_income,1,0.0
BIT.NZ,annual_selling_and_marketing_expense,1,0.0
BIT.NZ,annual_selling_general_and_administration,1,0.0
BIT.NZ,annual_tax_effect_of_unusual_items,4,1096.0
BIT.NZ,annual_tax_provision,1,0.0
BIT.NZ,annual_tax_rate_for_calcs,1,0.0
BIT.NZ,annual_total_revenue,1,0.0
BIT.NZ,close,9,12.0
BIT.NZ,dividend,1,0.0
BIT.NZ,high,9,12.0
BIT.NZ,low,9,12.0
BIT.NZ,open,9,12.0
BIT.NZ,split,1,0.0
BIT.NZ,trailing_basic_average_shares,1,0.0
BIT.NZ,trailing_basic_eps,1,0.0
BIT.NZ,trailing_diluted_average_shares,1,0.0
BIT.NZ,trailing_diluted_eps,1,0.0
BIT.NZ,trailing_diluted_niavailto_com_stockholders,1,0.0
BIT.NZ,trailing_dividend_income,1,0.0
BIT.NZ,trailing_fees_and_commissions,1,0.0
BIT.NZ,trailing_feesand_commission_expense,1,0.0
BIT.NZ,trailing_gain_on_sale_of_security,1,0.0
BIT.NZ,trailing_general_and_administrative_expense,1,0.0
BIT.NZ,trailing_interest_expense,1,0.0
BIT.NZ,trailing_interest_income,1,0.0
BIT.NZ,trailing_net_income,1,0.0
BIT.NZ,trailing_net_income_common_stockholders,1,0.0
BIT.NZ,trailing_net_income_continuous_operations,1,0.0
BIT.NZ,trailing_net_income_from_continuing_and_discontinued_operation,1,0.0
BIT.NZ,trailing_net_income_from_continuing_operation_net_minority_interest,1,0.0
BIT.NZ,trailing_net_income_including_noncontrolling_interests,1,0.0
BIT.NZ,trailing_net_interest_income,1,0.0
BIT.NZ,trailing_non_interest_income,1,0.0
BIT.NZ,trailing_normalized_income,1,0.0
BIT.NZ,trailing_selling_and_marketing_expense,1,0.0
BIT.NZ,trailing_selling_general_and_administration,1,0.0
BIT.NZ,trailing_tax_effect_of_unusual_items,1,0.0
BIT.NZ,trailing_tax_provision,1,0.0
BIT.NZ,trailing_tax_rate_for_calcs,1,0.0
BIT.NZ,trailing_total_revenue,1,0.0
BIT.NZ,volume,8,9.0
BLT.NZ,adj_close,22,34.0
BLT.NZ,annual_amortization,1,0.0
BLT.NZ,annual_amortization_of_intangibles_income_statement,1,0.0
BLT.NZ,annual_basic_average_shares,1,0.0
BLT.NZ,annual_basic_eps,1,0.0
BLT.NZ,annual_depreciation_amortization_depletion_income_statement,1,0.0
BLT.NZ,annual_depreciation_and_amortization_in_income_statement,1,0.0
BLT.NZ,annual_depreciation_income_statement,2,366.0
BLT.NZ,annual_diluted_average_shares,1,0.0
BLT.NZ,annual_diluted_eps,1,0.0
BLT.NZ,annual_ebit,1,0.0
BLT.NZ,annual_ebitda,1,0.0
BLT.NZ,annual_general_and_administrative_expense,1,0.0
BLT.NZ,annual_interest_expense,1,0.0
BLT.NZ,annual_interest_income,1,0.0
BLT.NZ,annual_net_income,1,0.0
BLT.NZ,annual_net_income_common_stockholders,1,0.0
BLT.NZ,annual_net_income_continuous_operations,1,0.0
BLT.NZ,annual_net_income_from_continuing_and_discontinued_operation,1,0.0
BLT.NZ,annual_net_income_from_continuing_operation_net_minority_interest,1,0.0
BLT.NZ,annual_net_income_including_noncontrolling_interests,1,0.0
BLT.NZ,annual_net_interest_income,1,0.0
BLT.NZ,annual_normalized_ebitda,1,0.0
BLT.NZ,annual_normalized_income,1,0.0
BLT.NZ,annual_other_non_operating_income_expenses,1,0.0
BLT.NZ,annual_pretax_income,1,0.0
BLT.NZ,annual_reconciled_depreciation,1,0.0
BLT.NZ,annual_rent_and_landing_fees,1,0.0
BLT.NZ,annual_salaries_and_wages,1,0.0
BLT.NZ,annual_selling_and_marketing_expense,1,0.0
BLT.NZ,annual_selling_general_and_administration,1,0.0
BLT.NZ,annual_tax_effect_of_unusual_items,4,1096.0
BLT.NZ,annual_tax_provision,2,365.0
BLT.NZ,annual_tax_rate_for_calcs,2,365.0
BLT.NZ,annual_total_revenue,1,0.0
BLT.NZ,close,22,34.0
BLT.NZ,high,22,34.0
BLT.NZ,low,22,34.0
BLT.NZ,open,27,36.0
BLT.NZ,trailing_amortization,1,0.0
BLT.NZ,trailing_amortization_of_intangibles_income_statement,1,0.0
BLT.NZ,trailing_basic_average_shares,2,183.0
BLT.NZ,trailing_basic_eps,1,0.0
BLT.NZ,trailing_depreciation_amortization_depletion_income_statement,1,0.0
BLT.NZ,trailing_depreciation_and_amortization_in_income_statement,1,0.0
BLT.NZ,trailing_depreciation_income_statement,1,0.0
BLT.NZ,trailing_diluted_average_shares,2,183.0
BLT.NZ,trailing_diluted_eps,1,0.0
BLT.NZ,trailing_ebit,1,0.0
BLT.NZ,trailing_ebitda,1,0.0
BLT.NZ,trailing_general_and_administrative_expense,1,0.0
BLT.NZ,trailing_interest_expense,1,0.0
BLT.NZ,trailing_interest_income,1,0.0
BLT.NZ,trailing_net_income,1,0.0
BLT.NZ,trailing_net_income_common_stockholders,1,0.0
BLT.NZ,trailing_net_income_continuous_operations,1,0.0
BLT.NZ,trailing_net_income_from_continuing_and_discontinued_operation,1,0.0
BLT.NZ,trailing_net_income_from_continuing_operation_net_minority_interest,1,0.0
BLT.NZ,trailing_net_income_including_noncontrolling_interests,1,0.0
BLT.NZ,trailing_net_interest_income,1,0.0
BLT.NZ,trailing_normalized_ebitda,1,0.0
BLT.NZ,trailing_normalized_income,1,0.0
BLT.NZ,trailing_other_non_operating_income_expenses,1,0.0
BLT.NZ,trailing_reconciled_depreciation,1,0.0
BLT.NZ,trailing_rent_and_landing_fees,1,0.0
BLT.NZ,trailing_salaries_and_wages,1,0.0
BLT.NZ,trailing_selling_and_marketing_expense,1,0.0
BLT.NZ,trailing_selling_general_and_administration,1,0.0
BLT.NZ,trailing_tax_effect_of_unusual_items,1,0.0
BLT.NZ,trailing_tax_provision,1,0.0
BLT.NZ,trailing_tax_rate_for_calcs,1,0.0
BLT.NZ,trailing_total_revenue,1,0.0
BLT.NZ,volume,10,18.0
BOT.NZ,adj_close,3,4.0
BOT.NZ,close,3,4.0
BOT.NZ,dividend,1,0.0
BOT.NZ,high,4,3.0
BOT.NZ,low,4,5.0
BOT.NZ,open,3,4.0
BOT.NZ,volume,2,3.0
BPG.NZ,adj_close,11,14.0
BPG.NZ,annual_basic_average_shares,1,0.0
BPG.NZ,annual_basic_eps,1,0.0
BPG.NZ,annual_depreciation_amortization_depletion_income_statement,1,0.0
BPG.NZ,annual_depreciation_and_amortization_in_income_statement,1,0.0
BPG.NZ,annual_depreciation_income_statement,1,0.0
BPG.NZ,annual_diluted_average_shares,1,0.0
BPG.NZ,annual_diluted_eps,1,0.0
BPG.NZ,annual_ebit,1,0.0
BPG.NZ,annual_ebitda,1,0.0
BPG.NZ,annual_general_and_administrative_expense,1,0.0
BPG.NZ,annual_interest_expense,1,0.0
BPG.NZ,annual_interest_income,1,0.0
BPG.NZ,annual_net_income,1,0.0
BPG.NZ,annual_net_income_common_stockholders,1,0.0
BPG.NZ,annual_net_income_continuous_operations,1,0.0
BPG.NZ,annual_net_income_from_continuing_and_discontinued_operation,1,0.0
BPG.NZ,annual_net_income_from_continuing_operation_net_minority_interest,1,0.0
BPG.NZ,annual_net_income_including_noncontrolling_interests,1,0.0
BPG.NZ,annual_net_interest_income,1,0.0
BPG.NZ,annual_normalized_ebitda,1,0.0
BPG.NZ,annual_normalized_income,1,0.0
BPG.NZ,annual_other_gand_a,1,0.0
BPG.NZ,annual_other_non_operating_income_expenses,1,0.0
BPG.NZ,annual_pretax_income,1,0.0
BPG.NZ,annual_reconciled_depreciation,1,0.0
BPG.NZ,annual_salaries_and_wages,1,0.0
BPG.NZ,annual_selling_and_marketing_expense,1,0.0
BPG.NZ,annual_selling_general_and_administration,1,0.0
BPG.NZ,annual_tax_effect_of_unusual_items,3,731.0
BPG.NZ,annual_tax_provision,2,365.0
BPG.NZ,annual_tax_rate_for_calcs,2,365.0
BPG.NZ,annual_total_revenue,1,0.0
BPG.NZ,close,11,14.0
BPG.NZ,high,13,16.0
BPG.NZ,low,12,17.0
BPG.NZ,open,11,14.0
BPG.NZ,trailing_basic_average_shares,1,0.0
BPG.NZ,trailing_basic_eps,1,0.0
BPG.NZ,trailing_depreciation_amortization_depletion_income_statement,1,0.0
BPG.NZ,trailing_depreciation_and_amortization_in_income_statement,1,0.0
BPG.NZ,trailing_depreciation_income_statement,1,0.0
BPG.NZ,trailing_diluted_average_shares,1,0.0
BPG.NZ,trailing_diluted_eps,1,0.0
BPG.NZ,trailing_ebit,1,0.0
BPG.NZ,trailing_ebitda,1,0.0
BPG.NZ,trailing_general_and_administrative_expense,1,0.0
BPG.NZ,trailing_interest_expense,1,0.0
BPG.NZ,trailing_net_income,1,0.0
BPG.NZ,trailing_net_income_common_stockholders,1,0.0
BPG.NZ,trailing_net_income_continuous_operations,1,0.0
BPG.NZ,trailing_net_income_from_continuing_and_discontinued_operation,1,0.0
BPG.NZ,trailing_net_income_from_continuing_operation_net_minority_interest,1,0.0
BPG.NZ,trailing_net_income_including_noncontrolling_interests,1,0.0
BPG.NZ,trailing_net_interest_income,1,0.0
BPG.NZ,trailing_normalized_ebitda,1,0.0
BPG.NZ,trailing_normalized_income,1,0.0
BPG.NZ,trailing_other_gand_a,1,0.0
BPG.NZ,trailing_other_non_operating_income_expenses,1,0.0
BPG.NZ,trailing_reconciled_depreciation,1,0.0
BPG.NZ,trailing_salaries_and_wages,1,0.0
BPG.NZ,trailing_selling_general_and_administration,1,0.0
BPG.NZ,trailing_tax_effect_of_unusual_items,1,0.0
BPG.NZ,trailing_tax_provision,1,0.0
BPG.NZ,trailing_tax_rate_for_calcs,1,0.0
BPG.NZ,trailing_total_revenue,1,0.0
BPG.NZ,volume,7,12.0
BRM.NZ,adj_close,40,59.0
BRM.NZ,annual_basic_average_shares,1,0.0
BRM.NZ,annual_basic_eps,1,0.0
BRM.NZ,annual_diluted_average_shares,1,0.0
BRM.NZ,annual_diluted_eps,1,0.0
BRM.NZ,annual_diluted_niavailto_com_stockholders,1,0.0
BRM.NZ,annual_dividend_income,1,0.0
BRM.NZ,annual_fees_and_commissions,1,0.0
BRM.NZ,annual_feesand_commission_expense,1,0.0
BRM.NZ,annual_gain_on_sale_of_security,1,0.0
BRM.NZ,annual_general_and_administrative_expense,1,0.0
BRM.NZ,annual_interest_income,1,0.0
BRM.NZ,annual_net_income,1,0.0
BRM.NZ,annual_net_income_common_stockholders,1,0.0
BRM.NZ,annual_net_income_continuous_operations,1,0.0
BRM.NZ,annual_net_income_from_continuing_and_discontinued_operation,1,0.0
BRM.NZ,annual_net_income_from_continuing_operation_net_minority_interest,1,0.0
BRM.NZ,annual_net_income_including_noncontrolling_interests,1,0.0
BRM.NZ,annual_net_interest_income,1,0.0
BRM.NZ,annual_non_interest_income,1,0.0
BRM.NZ,annual_normalized_income,1,0.0
BRM.NZ,annual_pretax_income,1,0.0
BRM.NZ,annual_selling_general_and_administration,1,0.0
BRM.NZ,annual_tax_effect_of_unusual_items,3,731.0
BRM.NZ,annual_tax_provision,1,0.0
BRM.NZ,annual_tax_rate_for_calcs,1,0.0
BRM.NZ,annual_total_revenue,1,0.0
BRM.NZ,close,40,59.0
BRM.NZ,dividend,2,91.0
BRM.NZ,high,40,59.0
BRM.NZ,low,23,30.0
BRM.NZ,open,40,59.0
BRM.NZ,trailing_basic_average_shares,1,0.0
BRM.NZ,trailing_basic_eps,1,0.0
BRM.NZ,trailing_diluted_average_shares,1,0.0
BRM.NZ,trailing_diluted_eps,1,0.0
BRM.NZ,trailing_diluted_niavailto_com_stockholders,1,0.0
BRM.NZ,trailing_dividend_income,1,0.0
BRM.NZ,trailing_fees_and_commissions,1,0.0
BRM.NZ,trailing_feesand_commission_expense,1,0.0
BRM.NZ,trailing_gain_on_sale_of_security,1,0.0
BRM.NZ,trailing_general_and_administrative_expense,1,0.0
BRM.NZ,trailing_interest_income,1,0.0
BRM.NZ,trailing_net_income,1,0.0
BRM.NZ,trailing_net_income_common_stockholders,1,0.0
BRM.NZ,trailing_net_income_continuous_operations,1,0.0
BRM.NZ,trailing_net_income_from_continuing_and_discontinued_operation,1,0.0
BRM.NZ,trailing_net_income_from_continuing_operation_net_minority_interest,1,0.0
BRM.NZ,trailing_net_income_including_noncontrolling_interests,1,0.0
BRM.NZ,trailing_net_interest_income,1,0.0
BRM.NZ,trailing_non_interest_income,1,0.0
BRM.NZ,trailing_normalized_income,1,0.0
BRM.NZ,trailing_selling_general_and_administration,1,0.0
BRM.NZ,trailing_tax_effect_of_unusual_items,2,365.0
BRM.NZ,trailing_tax_provision,1,0.0
BRM.NZ,trailing_tax_rate_for_calcs,1,0.0
BRM.NZ,trailing_total_revenue,1,0.0
BRM.NZ,volume,61,88.0
BRW.NZ,adj_close,12,18.0
BRW.NZ,annual_amortization,1,0.0
BRW.NZ,annual_amortization_of_intangibles_income_statement,1,0.0
BRW.NZ,annual_basic_average_shares,1,0.0
BRW.NZ,annual_basic_eps,1,0.0
BRW.NZ,annual_depreciation_amortization_depletion_income_statement,1,0.0
BRW.NZ,annual_depreciation_and_amortization_in_income_statement,1,0.0
BRW.NZ,annual_depreciation_income_statement,1,0.0
BRW.NZ,annual_diluted_average_shares,1,0.0
BRW.NZ,annual_diluted_eps,1,0.0
BRW.NZ,annual_ebit,1,0.0
BRW.NZ,annual_ebitda,1,0.0
BRW.NZ,annual_general_and_administrative_expense,1,0.0
BRW.NZ,annual_impairment_of_capital_assets,1,0.0
BRW.NZ,annual_interest_expense,1,0.0
BRW.NZ,annual_interest_income,1,0.0
BRW.NZ,annual_net_income,1,0.0
BRW.NZ,annual_net_income_common_stockholders,1,0.0
BRW.NZ,annual_net_income_continuous_operations,1,0.0
BRW.NZ,annual_net_income_from_continuing_and_discontinued_operation,1,0.0
BRW.NZ,annual_net_income_from_continuing_operation_net_minority_interest,1,0.0
BRW.NZ,annual_net_income_including_noncontrolling_interests,1,0.0
BRW.NZ,annual_net_interest_income,1,0.0
BRW.NZ,annual_normalized_ebitda,1,0.0
BRW.NZ,annual_normalized_income,1,0.0
BRW.NZ,annual_other_gand_a,1,0.0
BRW.NZ,annual_other_non_operating_income_expenses,1,0.0
BRW.NZ,annual_pretax_income,1,0.0
BRW.NZ,annual_reconciled_depreciation,1,0.0
BRW.NZ,annual_selling_and_marketing_expense,1,0.0
BRW.NZ,annual_selling_general_and_administration,1,0.0
BRW.NZ,annual_special_income_charges,1,0.0
BRW.NZ,annual_tax_effect_of_unusual_items,1,0.0
BRW.NZ,annual_tax_provision,1,0.0
BRW.NZ,annual_tax_rate_for_calcs,1,0.0
BRW.NZ,annual_total_revenue,1,0.0
BRW.NZ,annual_total_unusual_items,1,0.0
BRW.NZ,annual_total_unusual_items_excluding_goodwill,1,0.0
BRW.NZ,close,12,18.0
BRW.NZ,dividend,1,0.0
BRW.NZ,high,10,14.0
BRW.NZ,low,12,18.0
BRW.NZ,open,11,14.0
BRW.NZ,split,1,0.0
BRW.NZ,trailing_basic_average_shares,1,0.0
BRW.NZ,trailing_basic_eps,1,0.0
BRW.NZ,trailing_diluted_average_shares,1,0.0
BRW.NZ,trailing_diluted_eps,1,0.0
BRW.NZ,trailing_ebit,1,0.0
BRW.NZ,trailing_ebitda,1,0.0
BRW.NZ,trailing_general_and_administrative_expense,1,0.0
BRW.NZ,trailing_impairment_of_capital_assets,1,0.0
BRW.NZ,trailing_interest_expense,1,0.0
BRW.NZ,trailing_interest_income,1,0.0
BRW.NZ,trailing_net_income,1,0.0
BRW.NZ,trailing_net_income_common_stockholders,1,0.0
BRW.NZ,trailing_net_income_continuous_operations,1,0.0
BRW.NZ,trailing_net_income_from_continuing_and_discontinued_operation,1,0.0
BRW.NZ,trailing_net_income_from_continuing_operation_net_minority_interest,1,0.0
BRW.NZ,trailing_net_income_including_noncontrolling_interests,1,0.0
BRW.NZ,trailing_net_interest_income,1,0.0
BRW.NZ,trailing_normalized_ebitda,1,0.0
BRW.NZ,trailing_normalized_income,1,0.0
BRW.NZ,trailing_other_gand_a,1,0.0
BRW.NZ,trailing_other_non_operating_income_expenses,1,0.0
BRW.NZ,trailing_restructuring_and_mergern_acquisition,1,0.0
BRW.NZ,trailing_selling_and_marketing_expense,1,0.0
BRW.NZ,trailing_selling_general_and_administration,1,0.0
BRW.NZ,trailing_tax_effect_of_unusual_items,1,0.0
BRW.NZ,trailing_tax_provision,1,0.0
BRW.NZ,trailing_tax_rate_for_calcs,1,0.0
BRW.NZ,trailing_total_revenue,1,0.0
BRW.NZ,trailing_total_unusual_items,1,0.0
BRW.NZ,trailing_total_unusual_items_excluding_goodwill,1,0.0
BRW.NZ,volume,4,7.0
BTC.NZ,adj_close,2,1.0
BTC.NZ,close,2,1.0
BTC.NZ,dividend,1,0.0
BTC.NZ,high,2,1.0
BTC.NZ,low,2,3.0
BTC.NZ,open,2,1.0
BTC.NZ,volume,1,0.0
CCC.NZ,adj_close,271,395.0
CCC.NZ,annual_amortization,1,0.0
CCC.NZ,annual_amortization_of_intangibles_income_statement,1,0.0
CCC.NZ,annual_basic_average_shares,1,0.0
CCC.NZ,annual_basic_eps,1,0.0
CCC.NZ,annual_depreciation_amortization_depletion_income_statement,1,0.0
CCC.NZ,annual_depreciation_and_amortization_in_income_statement,1,0.0
CCC.NZ,annual_depreciation_income_statement,1,0.0
CCC.NZ,annual_diluted_average_shares,1,0.0
CCC.NZ,annual_diluted_eps,1,0.0
CCC.NZ,annual_ebit,1,0.0
CCC.NZ,annual_ebitda,1,0.0
CCC.NZ,annual_general_and_administrative_expense,1,0.0
CCC.NZ,annual_impairment_of_capital_assets,1,0.0
CCC.NZ,annual_interest_expense,1,0.0
CCC.NZ,annual_interest_income,1,0.0
CCC.NZ,annual_net_income,1,0.0
CCC.NZ,annual_net_income_common_stockholders,1,0.0
CCC.NZ,annual_net_income_continuous_operations,1,0.0
CCC.NZ,annual_net_income_discontinuous_operations,1,0.0
CCC.NZ,annual_net_income_from_continuing_and_discontinued_operation,1,0.0
CCC.NZ,annual_net_income_from_continuing_operation_net_minority_interest,1,0.0
CCC.NZ,annual_net_income_including_noncontrolling_interests,1,0.0
CCC.NZ,annual_net_interest_income,1,0.0
CCC.NZ,annual_normalized_ebitda,1,0.0
CCC.NZ,annual_normalized_income,1,0.0
CCC.NZ,annual_other_gand_a,1,0.0
CCC.NZ,annual_other_non_operating_income_expenses,1,0.0
CCC.NZ,annual_pretax_income,1,0.0
CCC.NZ,annual_reconciled_depreciation,1,0.0
CCC.NZ,annual_salaries_and_wages,1,0.0
CCC.NZ,annual_selling_and_marketing_expense,1,0.0
CCC.NZ,annual_selling_general_and_administration,1,0.0
CCC.NZ,annual_special_income_charges,1,0.0
CCC.NZ,annual_tax_effect_of_unusual_items,2,365.0
CCC.NZ,annual_tax_provision,2,365.0
CCC.NZ,annual_tax_rate_for_calcs,2,365.0
CCC.NZ,annual_total_revenue,1,0.0
CCC.NZ,annual_total_unusual_items,1,0.0
CCC.NZ,annual_total_unusual_items_excluding_goodwill,1,0.0
CCC.NZ,close,271,395.0
CCC.NZ,high,271,395.0
CCC.NZ,low,271,395.0
CCC.NZ,open,271,395.0
CCC.NZ,split,1,0.0
CCC.NZ,trailing_amortization,1,0.0
CCC.NZ,trailing_amortization_of_intangibles_income_statement,1,0.0
CCC.NZ,trailing_basic_average_shares,1,0.0
CCC.NZ,trailing_basic_eps,1,0.0
CCC.NZ,trailing_depreciation_amortization_depletion_income_statement,1,0.0
CCC.NZ,trailing_depreciation_and_amortization_in_income_statement,1,0.0
CCC.NZ,trailing_depreciation_income_statement,1,0.0
CCC.NZ,trailing_diluted_average_shares,1,0.0
CCC.NZ,trailing_diluted_eps,1,0.0
CCC.NZ,trailing_ebit,1,0.0
CCC.NZ,trailing_ebitda,1,0.0
CCC.NZ,trailing_general_and_administrative_expense,1,0.0
CCC.NZ,trailing_impairment_of_capital_assets,1,0.0
CCC.NZ,trailing_interest_expense,1,0.0
CCC.NZ,trailing_interest_income,1,0.0
CCC.NZ,trailing_net_income,1,0.0
CCC.NZ,trailing_net_income_common_stockholders,1,0.0
CCC.NZ,trailing_net_income_continuous_operations,1,0.0
CCC.NZ,trailing_net_income_discontinuous_operations,1,0.0
CCC.NZ,trailing_net_income_from_continuing_and_discontinued_operation,1,0.0
CCC.NZ,trailing_net_income_from_continuing_operation_net_minority_interest,1,0.0
CCC.NZ,trailing_net_income_including_noncontrolling_interests,1,0.0
CCC.NZ,trailing_net_interest_income,1,0.0
CCC.NZ,trailing_normalized_ebitda,1,0.0
CCC.NZ,trailing_normalized_income,1,0.0
CCC.NZ,trailing_other_gand_a,1,0.0
CCC.NZ,trailing_other_non_operating_income_expenses,1,0.0
CCC.NZ,trailing_reconciled_depreciation,1,0.0
CCC.NZ,trailing_rent_and_landing_fees,1,0.0
CCC.NZ,trailing_salaries_and_wages,1,0.0
CCC.NZ,trailing_selling_and_marketing_expense,1,0.0
CCC.NZ,trailing_selling_general_and_administration,1,0.0
CCC.NZ,trailing_special_income_charges,1,0.0
CCC.NZ,trailing_tax_effect_of_unusual_items,1,0.0
CCC.NZ,trailing_tax_provision,1,0.0
CCC.NZ,trailing_tax_rate_for_calcs,1,0.0
CCC.NZ,trailing_total_revenue,1,0.0
CCC.NZ,trailing_total_unusual_items,1,0.0
CCC.NZ,trailing_total_unusual_items_excluding_goodwill,1,0.0
CCC.NZ,volume,249,357.0
CDI.NZ,adj_close,257,371.0
CDI.NZ,annual_basic_average_shares,1,0.0
CDI.NZ,annual_basic_eps,1,0.0
CDI.NZ,annual_depreciation_amortization_depletion_income_statement,1,0.0
CDI.NZ,annual_depreciation_and_amortization_in_income_statement,1,0.0
CDI.NZ,annual_depreciation_income_statement,1,0.0
CDI.NZ,annual_diluted_average_shares,1,0.0
CDI.NZ,annual_diluted_eps,1,0.0
CDI.NZ,annual_ebit,1,0.0
CDI.NZ,annual_ebitda,1,0.0
CDI.NZ,annual_general_and_administrative_expense,1,0.0
CDI.NZ,annual_interest_expense,1,0.0
CDI.NZ,annual_interest_income,1,0.0
CDI.NZ,annual_net_income,1,0.0
CDI.NZ,annual_net_income_common_stockholders,1,0.0
CDI.NZ,annual_net_income_continuous_operations,1,0.0
CDI.NZ,annual_net_income_from_continuing_and_discontinued_operation,1,0.0
CDI.NZ,annual_net_income_from_continuing_operation_net_minority_interest,1,0.0
CDI.NZ,annual_net_income_including_noncontrolling_interests,1,0.0
CDI.NZ,annual_net_interest_income,1,0.0
CDI.NZ,annual_normalized_ebitda,1,0.0
CDI.NZ,annual_normalized_income,1,0.0
CDI.NZ,annual_other_gand_a,1,0.0
CDI.NZ,annual_other_non_operating_income_expenses,1,0.0
CDI.NZ,annual_pretax_income,1,0.0
CDI.NZ,annual_reconciled_depreciation,1,0.0
CDI.NZ,annual_rent_and_landing_fees,3,731.0
CDI.NZ,annual_salaries_and_wages,1,0.0
CDI.NZ,annual_selling_and_marketing_expense,1,0.0
CDI.NZ,annual_selling_general_and_administration,1,0.0
CDI.NZ,annual_tax_effect_of_unusual_items,4,1096.0
CDI.NZ,annual_tax_provision,1,0.0
CDI.NZ,annual_tax_rate_for_calcs,1,0.0
CDI.NZ,annual_total_revenue,1,0.0
CDI.NZ,close,1280,1863.0
CDI.NZ,dividend,8,2555.0
CDI.NZ,high,1286,1876.0
CDI.NZ,low,1280,1863.0
CDI.NZ,open,1286,1876.0
CDI.NZ,trailing_basic_average_shares,1,0.0
CDI.NZ,trailing_basic_eps,1,0.0
CDI.NZ,trailing_depreciation_amortization_depletion_income_statement,1,0.0
CDI.NZ,trailing_depreciation_and_amortization_in_income_statement,1,0.0
CDI.NZ,trailing_depreciation_income_statement,1,0.0
CDI.NZ,trailing_diluted_average_shares,1,0.0
CDI.NZ,trailing_diluted_eps,1,0.0
CDI.NZ,trailing_ebit,1,0.0
CDI.NZ,trailing_ebitda,1,0.0
CDI.NZ,trailing_general_and_administrative_expense,1,0.0
CDI.NZ,trailing_interest_expense,1,0.0
CDI.NZ,trailing_interest_income,1,0.0
CDI.NZ,trailing_net_income,1,0.0
CDI.NZ,trailing_net_income_common_stockholders,1,0.0
CDI.NZ,trailing_net_income_continuous_operations,1,0.0
CDI.NZ,trailing_net_income_from_continuing_and_discontinued_operation,1,0.0
CDI.NZ,trailing_net_income_from_continuing_operation_net_minority_interest,1,0.0
CDI.NZ,trailing_net_income_including_noncontrolling_interests,1,0.0
CDI.NZ,trailing_net_interest_income,1,0.0
CDI.NZ,trailing_normalized_ebitda,1,0.0
CDI.NZ,trailing_normalized_income,1,0.0
CDI.NZ,trailing_other_gand_a,1,0.0
CDI.NZ,trailing_other_non_operating_income_expenses,1,0.0
CDI.NZ,trailing_reconciled_depreciation,1,0.0
CDI.NZ,trailing_rent_and_landing_fees,1,0.0
CDI.NZ,trailing_salaries_and_wages,1,0.0
CDI.NZ,trailing_selling_and_marketing_expense,1,0.0
CDI.NZ,trailing_selling_general_and_administration,1,0.0
CDI.NZ,trailing_tax_effect_of_unusual_items,1,0.0
CDI.NZ,trailing_tax_provision,1,0.0
CDI.NZ,trailing_tax_rate_for_calcs,1,0.0
CDI.NZ,trailing_total_revenue,1,0.0
CDI.NZ,volume,1275,1856.0
CEN.NZ,adj_close,5,6.0
CEN.NZ,annual_amortization,1,0.0
CEN.NZ,annual_amortization_of_intangibles_income_statement,1,0.0
CEN.NZ,annual_basic_average_shares,1,0.0
CEN.NZ,annual_basic_eps,1,0.0
CEN.NZ,annual_depreciation_amortization_depletion_income_statement,1,0.0
CEN.NZ,annual_depreciation_and_amortization_in_income_statement,1,0.0
CEN.NZ,annual_depreciation_income_statement,1,0.0
CEN.NZ,annual_diluted_average_shares,1,0.0
CEN.NZ,annual_diluted_eps,1,0.0
CEN.NZ,annual_ebit,1,0.0
CEN.NZ,annual_ebitda,1,0.0
CEN.NZ,annual_impairment_of_capital_assets,1,0.0
CEN.NZ,annual_interest_expense,1,0.0
CEN.NZ,annual_interest_income,2,365.0
CEN.NZ,annual_net_income,1,0.0
CEN.NZ,annual_net_income_common_stockholders,1,0.0
CEN.NZ,annual_net_income_continuous_operations,1,0.0
CEN.NZ,annual_net_income_from_continuing_and_discontinued_operation,1,0.0
CEN.NZ,annual_net_income_from_continuing_operation_net_minority_interest,1,0.0
CEN.NZ,annual_net_income_including_noncontrolling_interests,1,0.0
CEN.NZ,annual_net_interest_income,1,0.0
CEN.NZ,annual_normalized_ebitda,1,0.0
CEN.NZ,annual_normalized_income,1,0.0
CEN.NZ,annual_other_non_operating_income_expenses,1,0.0
CEN.NZ,annual_pretax_income,1,0.0
CEN.NZ,annual_reconciled_depreciation,1,0.0
CEN.NZ,annual_special_income_charges,1,0.0
CEN.NZ,annual_tax_effect_of_unusual_items,2,365.0
CEN.NZ,annual_tax_provision,1,0.0
CEN.NZ,annual_tax_rate_for_calcs,1,0.0
CEN.NZ,annual_total_revenue,1,0.0
CEN.NZ,annual_total_unusual_items,1,0.0
CEN.NZ,annual_total_unusual_items_excluding_goodwill,1,0.0
CEN.NZ,close,5,6.0
CEN.NZ,dividend,1,0.0
CEN.NZ,high,6,7.0
CEN.NZ,low,8,9.0
CEN.NZ,open,6,7.0
CEN.NZ,split,1,0.0
CEN.NZ,trailing_amortization,1,0.0
CEN.NZ,trailing_amortization_of_intangibles_income_statement,1,0.0
CEN.NZ,trailing_basic_average_shares,1,0.0
CEN.NZ,trailing_basic_eps,1,0.0
CEN.NZ,trailing_depreciation_amortization_depletion_income_statement,1,0.0
CEN.NZ,trailing_depreciation_and_amortization_in_income_statement,1,0.0
CEN.NZ,trailing_depreciation_income_statement,1,0.0
CEN.NZ,trailing_diluted_average_shares,1,0.0
CEN.NZ,trailing_diluted_eps,1,0.0
CEN.NZ,trailing_ebit,1,0.0
CEN.NZ,trailing_ebitda,1,0.0
CEN.NZ,trailing_interest_expense,1,0.0
CEN.NZ,trailing_interest_income,1,0.0
CEN.NZ,trailing_net_income,1,0.0
CEN.NZ,trailing_net_income_common_stockholders,1,0.0
CEN.NZ,trailing_net_income_continuous_operations,1,0.0
CEN.NZ,trailing_net_income_from_continuing_and_discontinued_operation,1,0.0
CEN.NZ,trailing_net_income_from_continuing_operation_net_minority_interest,1,0.0
CEN.NZ,trailing_net_income_including_noncontrolling_interests,1,0.0
CEN.NZ,trailing_net_interest_income,1,0.0
CEN.NZ,trailing_normalized_ebitda,1,0.0
CEN.NZ,trailing_normalized_income,1,0.0
CEN.NZ,trailing_other_non_operating_income_expenses,1,0.0
CEN.NZ,trailing_reconciled_depreciation,1,0.0
CEN.NZ,trailing_tax_effect_of_unusual_items,1,0.0
CEN.NZ,trailing_tax_provision,1,0.0
CEN.NZ,trailing_tax_rate_for_calcs,1,0.0
CEN.NZ,trailing_total_revenue,1,0.0
CEN.NZ,trailing_total_unusual_items,1,0.0
CEN.NZ,trailing_total_unusual_items_excluding_goodwill,1,0.0
CEN.NZ,volume,3,4.0
CEN.NZ,wiki_views,3,2.0
CEN.NZ,wiki_views_desktop,3,2.0
CEN.NZ,wiki_views_mobile,4,3.0
CHI.NZ,adj_close,8,11.0
CHI.NZ,annual_amortization,1,0.0
CHI.NZ,annual_amortization_of_intangibles_income_statement,1,0.0
CHI.NZ,annual_basic_average_shares,1,0.0
CHI.NZ,annual_basic_eps,1,0.0
CHI.NZ,annual_depreciation_amortization_depletion_income_statement,1,0.0
CHI.NZ,annual_depreciation_and_amortization_in_income_statement,1,0.0
CHI.NZ,annual_depreciation_income_statement,1,0.0
CHI.NZ,annual_diluted_average_shares,1,0.0
CHI.NZ,annual_diluted_eps,1,0.0
CHI.NZ,annual_ebit,1,0.0
CHI.NZ,annual_ebitda,1,0.0
CHI.NZ,annual_general_and_administrative_expense,1,0.0
CHI.NZ,annual_interest_expense,1,0.0
CHI.NZ,annual_interest_income,1,0.0
CHI.NZ,annual_net_income,1,0.0
CHI.NZ,annual_net_income_common_stockholders,1,0.0
CHI.NZ,annual_net_income_continuous_operations,1,0.0
CHI.NZ,annual_net_income_discontinuous_operations,1,0.0
CHI.NZ,annual_net_income_from_continuing_and_discontinued_operation,1,0.0
CHI.NZ,annual_net_income_from_continuing_operation_net_minority_interest,1,0.0
CHI.NZ,annual_net_income_including_noncontrolling_interests,1,0.0
CHI.NZ,annual_net_interest_income,1,0.0
CHI.NZ,annual_normalized_ebitda,1,0.0
CHI.NZ,annual_normalized_income,1,0.0
CHI.NZ,annual_other_gand_a,1,0.0
CHI.NZ,annual_other_non_operating_income_expenses,1,0.0
CHI.NZ,annual_pretax_income,1,0.0
CHI.NZ,annual_reconciled_depreciation,1,0.0
CHI.NZ,annual_salaries_and_wages,1,0.0
CHI.NZ,annual_selling_general_and_administration,1,0.0
CHI.NZ,annual_special_income_charges,1,0.0
CHI.NZ,annual_tax_effect_of_unusual_items,2,365.0
CHI.NZ,annual_tax_provision,1,0.0
CHI.NZ,annual_tax_rate_for_calcs,1,0.0
CHI.NZ,annual_total_revenue,1,0.0
CHI.NZ,annual_total_unusual_items,1,0.0
CHI.NZ,annual_total_unusual_items_excluding_goodwill,1,0.0
CHI.NZ,close,8,11.0
CHI.NZ,dividend,2,182.0
CHI.NZ,high,10,14.0
CHI.NZ,low,9,13.0
CHI.NZ,open,9,12.0
CHI.NZ,split,1,0.0
CHI.NZ,trailing_basic_average_shares,1,0.0
CHI.NZ,trailing_basic_eps,1,0.0
CHI.NZ,trailing_depreciation_amortization_depletion_income_statement,1,0.0
CHI.NZ,trailing_depreciation_and_amortization_in_income_statement,1,0.0
CHI.NZ,trailing_depreciation_income_statement,1,0.0
CHI.NZ,trailing_diluted_average_shares,1,0.0
CHI.NZ,trailing_diluted_eps,1,0.0
CHI.NZ,trailing_ebit,1,0.0
CHI.NZ,trailing_ebitda,1,0.0
CHI.NZ,trailing_general_and_administrative_expense,1,0.0
CHI.NZ,trailing_interest_expense,1,0.0
CHI.NZ,trailing_interest_income,1,0.0
CHI.NZ,trailing_net_income,1,0.0
CHI.NZ,trailing_net_income_common_stockholders,1,0.0
CHI.NZ,trailing_net_income_continuous_operations,1,0.0
CHI.NZ,trailing_net_income_discontinuous_operations,1,0.0
CHI.NZ,trailing_net_income_from_continuing_and_discontinued_operation,1,0.0
CHI.NZ,trailing_net_income_from_continuing_operation_net_minority_interest,1,0.0
CHI.NZ,trailing_net_income_including_noncontrolling_interests,1,0.0
CHI.NZ,trailing_net_interest_income,1,0.0
CHI.NZ,trailing_normalized_ebitda,1,0.0
CHI.NZ,trailing_normalized_income,1,0.0
CHI.NZ,trailing_other_gand_a,1,0.0
CHI.NZ,trailing_other_non_operating_income_expenses,1,0.0
CHI.NZ,trailing_reconciled_depreciation,1,0.0
CHI.NZ,trailing_rent_and_landing_fees,1,0.0
CHI.NZ,trailing_salaries_and_wages,1,0.0
CHI.NZ,trailing_selling_general_and_administration,1,0.0
CHI.NZ,trailing_tax_effect_of_unusual_items,1,0.0
CHI.NZ,trailing_tax_provision,1,0.0
CHI.NZ,trailing_tax_rate_for_calcs,1,0.0
CHI.NZ,trailing_total_revenue,1,0.0
CHI.NZ,volume,3,6.0
CMO.NZ,adj_close,35,48.0
CMO.NZ,annual_basic_average_shares,1,0.0
CMO.NZ,annual_basic_eps,1,0.0
CMO.NZ,annual_depreciation_amortization_depletion_income_statement,1,0.0
CMO.NZ,annual_depreciation_and_amortization_in_income_statement,1,0.0
CMO.NZ,annual_depreciation_income_statement,1,0.0
CMO.NZ,annual_diluted_average_shares,1,0.0
CMO.NZ,annual_diluted_eps,1,0.0
CMO.NZ,annual_ebit,1,0.0
CMO.NZ,annual_ebitda,1,0.0
CMO.NZ,annual_general_and_administrative_expense,1,0.0
CMO.NZ,annual_interest_expense,1,0.0
CMO.NZ,annual_minority_interests,1,0.0
CMO.NZ,annual_net_income,1,0.0
CMO.NZ,annual_net_income_common_stockholders,1,0.0
CMO.NZ,annual_net_income_continuous_operations,1,0.0
CMO.NZ,annual_net_income_from_continuing_and_discontinued_operation,1,0.0
CMO.NZ,annual_net_income_from_continuing_operation_net_minority_interest,1,0.0
CMO.NZ,annual_net_income_including_noncontrolling_interests,1,0.0
CMO.NZ,annual_net_interest_income,1,0.0
CMO.NZ,annual_normalized_ebitda,1,0.0
CMO.NZ,annual_normalized_income,1,0.0
CMO.NZ,annual_other_non_operating_income_expenses,1,0.0
CMO.NZ,annual_pretax_income,1,0.0
CMO.NZ,annual_reconciled_depreciation,1,0.0
CMO.NZ,annual_rent_and_landing_fees,1,0.0
CMO.NZ,annual_salaries_and_wages,1,0.0
CMO.NZ,annual_selling_and_marketing_expense,1,0.0
CMO.NZ,annual_selling_general_and_administration,1,0.0
CMO.NZ,annual_tax_effect_of_unusual_items,3,731.0
CMO.NZ,annual_tax_provision,1,0.0
CMO.NZ,annual_tax_rate_for_calcs,1,0.0
CMO.NZ,annual_total_revenue,1,0.0
CMO.NZ,close,35,48.0
CMO.NZ,dividend,1,0.0
CMO.NZ,high,35,48.0
CMO.NZ,low,35,48.0
CMO.NZ,open,35,48.0
CMO.NZ,split,1,0.0
CMO.NZ,trailing_basic_average_shares,2,184.0
CMO.NZ,trailing_basic_eps,1,0.0
CMO.NZ,trailing_depreciation_amortization_depletion_income_statement,1,0.0
CMO.NZ,trailing_depreciation_and_amortization_in_income_statement,1,0.0
CMO.NZ,trailing_depreciation_income_statement,1,0.0
CMO.NZ,trailing_diluted_average_shares,2,184.0
CMO.NZ,trailing_diluted_eps,1,0.0
CMO.NZ,trailing_ebit,1,0.0
CMO.NZ,trailing_ebitda,1,0.0
CMO.NZ,trailing_general_and_administrative_expense,1,0.0
CMO.NZ,trailing_interest_expense,1,0.0
CMO.NZ,trailing_interest_income,1,0.0
CMO.NZ,trailing_minority_interests,1,0.0
CMO.NZ,trailing_net_income,1,0.0
CMO.NZ,trailing_net_income_common_stockholders,1,0.0
CMO.NZ,trailing_net_income_continuous_operations,1,0.0
CMO.NZ,trailing_net_income_from_continuing_and_discontinued_operation,1,0.0
CMO.NZ,trailing_net_income_from_continuing_operation_net_minority_interest,1,0.0
CMO.NZ,trailing_net_income_including_noncontrolling_interests,1,0.0
CMO.NZ,trailing_net_interest_income,1,0.0
CMO.NZ,trailing_normalized_ebitda,1,0.0
CMO.NZ,trailing_normalized_income,1,0.0
CMO.NZ,trailing_other_non_operating_income_expenses,1,0.0
CMO.NZ,trailing_reconciled_depreciation,1,0.0
CMO.NZ,trailing_rent_and_landing_fees,1,0.0
CMO.NZ,trailing_salaries_and_wages,1,0.0
CMO.NZ,trailing_selling_and_marketing_expense,1,0.0
CMO.NZ,trailing_selling_general_and_administration,1,0.0
CMO.NZ,trailing_tax_effect_of_unusual_items,1,0.0
CMO.NZ,trailing_tax_provision,1,0.0
CMO.NZ,trailing_tax_rate_for_calcs,1,0.0
CMO.NZ,trailing_total_revenue,1,0.0
CMO.NZ,volume,21,28.0
CNU.NZ,adj_close,5,6.0
CNU.NZ,annual_amortization,1,0.0
CNU.NZ,annual_amortization_of_intangibles_income_statement,1,0.0
CNU.NZ,annual_basic_average_shares,2,365.0
CNU.NZ,annual_basic_eps,1,0.0
CNU.NZ,annual_depreciation_amortization_depletion_income_statement,1,0.0
CNU.NZ,annual_depreciation_and_amortization_in_income_statement,1,0.0
CNU.NZ,annual_depreciation_income_statement,1,0.0
CNU.NZ,annual_diluted_average_shares,1,0.0
CNU.NZ,annual_diluted_eps,1,0.0
CNU.NZ,annual_ebit,1,0.0
CNU.NZ,annual_ebitda,1,0.0
CNU.NZ,annual_general_and_administrative_expense,1,0.0
CNU.NZ,annual_interest_expense,1,0.0
CNU.NZ,annual_interest_income,1,0.0
CNU.NZ,annual_net_income,1,0.0
CNU.NZ,annual_net_income_common_stockholders,1,0.0
CNU.NZ,annual_net_income_continuous_operations,1,0.0
CNU.NZ,annual_net_income_from_continuing_and_discontinued_operation,1,0.0
CNU.NZ,annual_net_income_from_continuing_operation_net_minority_interest,1,0.0
CNU.NZ,annual_net_income_including_noncontrolling_interests,1,0.0
CNU.NZ,annual_net_interest_income,1,0.0
CNU.NZ,annual_normalized_ebitda,1,0.0
CNU.NZ,annual_normalized_income,1,0.0
CNU.NZ,annual_pretax_income,2,365.0
CNU.NZ,annual_reconciled_depreciation,1,0.0
CNU.NZ,annual_rent_and_landing_fees,2,365.0
CNU.NZ,annual_salaries_and_wages,1,0.0
CNU.NZ,annual_selling_and_marketing_expense,1,0.0
CNU.NZ,annual_selling_general_and_administration,1,0.0
CNU.NZ,annual_tax_effect_of_unusual_items,4,1096.0
CNU.NZ,annual_tax_provision,1,0.0
CNU.NZ,annual_tax_rate_for_calcs,2,365.0
CNU.NZ,annual_total_revenue,1,0.0
CNU.NZ,close,5,6.0
CNU.NZ,dividend,1,0.0
CNU.NZ,high,8,9.0
CNU.NZ,low,4,6.0
CNU.NZ,open,4,5.0
CNU.NZ,trailing_amortization,1,0.0
CNU.NZ,trailing_amortization_of_intangibles_income_statement,1,0.0
CNU.NZ,trailing_basic_average_shares,2,365.0
CNU.NZ,trailing_basic_eps,1,0.0
CNU.NZ,trailing_depreciation_amortization_depletion_income_statement,1,0.0
CNU.NZ,trailing_depreciation_and_amortization_in_income_statement,1,0.0
CNU.NZ,trailing_depreciation_income_statement,1,0.0
CNU.NZ,trailing_diluted_average_shares,1,0.0
CNU.NZ,trailing_diluted_eps,1,0.0
CNU.NZ,trailing_ebit,1,0.0
CNU.NZ,trailing_ebitda,1,0.0
CNU.NZ,trailing_general_and_administrative_expense,1,0.0
CNU.NZ,trailing_interest_expense,1,0.0
CNU.NZ,trailing_interest_income,1,0.0
CNU.NZ,trailing_net_income,1,0.0
CNU.NZ,trailing_net_income_common_stockholders,1,0.0
CNU.NZ,trailing_net_income_continuous_operations,1,0.0
CNU.NZ,trailing_net_income_from_continuing_and_discontinued_operation,1,0.0
CNU.NZ,trailing_net_income_from_continuing_operation_net_minority_interest,1,0.0
CNU.NZ,trailing_net_income_including_noncontrolling_interests,1,0.0
CNU.NZ,trailing_net_interest_income,1,0.0
CNU.NZ,trailing_normalized_ebitda,1,0.0
CNU.NZ,trailing_normalized_income,1,0.0
CNU.NZ,trailing_reconciled_depreciation,1,0.0
CNU.NZ,trailing_rent_and_landing_fees,1,0.0
CNU.NZ,trailing_salaries_and_wages,1,0.0
CNU.NZ,trailing_selling_and_marketing_expense,1,0.0
CNU.NZ,trailing_selling_general_and_administration,1,0.0
CNU.NZ,trailing_tax_effect_of_unusual_items,1,0.0
CNU.NZ,trailing_tax_provision,1,0.0
CNU.NZ,trailing_tax_rate_for_calcs,1,0.0
CNU.NZ,trailing_total_revenue,1,0.0
CNU.NZ,volume,2,4.0
CRP.NZ,adj_close,127,182.0
CRP.NZ,annual_basic_average_shares,1,0.0
CRP.NZ,annual_basic_eps,1,0.0
CRP.NZ,annual_diluted_average_shares,1,0.0
CRP.NZ,annual_diluted_eps,1,0.0
CRP.NZ,annual_diluted_niavailto_com_stockholders,1,0.0
CRP.NZ,annual_ebit,1,0.0
CRP.NZ,annual_ebitda,1,0.0
CRP.NZ,annual_gain_on_sale_of_business,1,0.0
CRP.NZ,annual_gain_on_sale_of_security,1,0.0
CRP.NZ,annual_general_and_administrative_expense,1,0.0
CRP.NZ,annual_insurance_and_claims,1,0.0
CRP.NZ,annual_interest_expense,1,0.0
CRP.NZ,annual_interest_income,1,0.0
CRP.NZ,annual_net_income,1,0.0
CRP.NZ,annual_net_income_common_stockholders,1,0.0
CRP.NZ,annual_net_income_continuous_operations,1,0.0
CRP.NZ,annual_net_income_from_continuing_and_discontinued_operation,1,0.0
CRP.NZ,annual_net_income_from_continuing_operation_net_minority_interest,1,0.0
CRP.NZ,annual_net_income_including_noncontrolling_interests,1,0.0
CRP.NZ,annual_net_interest_income,1,0.0
CRP.NZ,annual_normalized_ebitda,1,0.0
CRP.NZ,annual_normalized_income,1,0.0
CRP.NZ,annual_other_gand_a,1,0.0
CRP.NZ,annual_other_special_charges,1,0.0
CRP.NZ,annual_pretax_income,1,0.0
CRP.NZ,annual_reconciled_depreciation,1,0.0
CRP.NZ,annual_rent_and_landing_fees,1,0.0
CRP.NZ,annual_rent_expense_supplemental,1,0.0
CRP.NZ,annual_salaries_and_wages,1,0.0
CRP.NZ,annual_selling_and_marketing_expense,1,0.0
CRP.NZ,annual_selling_general_and_administration,1,0.0
CRP.NZ,annual_special_income_charges,1,0.0
CRP.NZ,annual_tax_effect_of_unusual_items,4,1096.0
CRP.NZ,annual_tax_provision,4,1096.0
CRP.NZ,annual_tax_rate_for_calcs,4,1096.0
CRP.NZ,annual_total_revenue,2,365.0
CRP.NZ,annual_total_unusual_items,1,0.0
CRP.NZ,annual_total_unusual_items_excluding_goodwill,1,0.0
CRP.NZ,close,127,182.0
CRP.NZ,high,127,182.0
CRP.NZ,low,127,182.0
CRP.NZ,open,127,182.0
CRP.NZ,split,2,1068.0
CRP.NZ,trailing_basic_average_shares,1,0.0
CRP.NZ,trailing_basic_eps,1,0.0
CRP.NZ,trailing_diluted_average_shares,1,0.0
CRP.NZ,trailing_diluted_eps,1,0.0
CRP.NZ,trailing_diluted_niavailto_com_stockholders,1,0.0
CRP.NZ,trailing_ebit,1,0.0
CRP.NZ,trailing_ebitda,1,0.0
CRP.NZ,trailing_general_and_administrative_expense,1,0.0
CRP.NZ,trailing_insurance_and_claims,1,0.0
CRP.NZ,trailing_interest_income,1,0.0
CRP.NZ,trailing_net_income,1,0.0
CRP.NZ,trailing_net_income_common_stockholders,1,0.0
CRP.NZ,trailing_net_income_continuous_operations,1,0.0
CRP.NZ,trailing_net_income_from_continuing_and_discontinued_operation,1,0.0
CRP.NZ,trailing_net_income_from_continuing_operation_net_minority_interest,1,0.0
CRP.NZ,trailing_net_income_including_noncontrolling_interests,1,0.0
CRP.NZ,trailing_net_interest_income,1,0.0
CRP.NZ,trailing_normalized_ebitda,1,0.0
CRP.NZ,trailing_normalized_income,1,0.0
CRP.NZ,trailing_other_gand_a,1,0.0
CRP.NZ,trailing_rent_and_landing_fees,1,0.0
CRP.NZ,trailing_rent_expense_supplemental,1,0.0
CRP.NZ,trailing_salaries_and_wages,1,0.0
CRP.NZ,trailing_selling_and_marketing_expense,1,0.0
CRP.NZ,trailing_selling_general_and_administration,1,0.0
CRP.NZ,trailing_tax_effect_of_unusual_items,1,0.0
CRP.NZ,trailing_tax_provision,1,0.0
CRP.NZ,trailing_tax_rate_for_calcs,1,0.0
CRP.NZ,trailing_total_revenue,1,0.0
CRP.NZ,trailing_total_unusual_items,1,0.0
CRP.NZ,trailing_total_unusual_items_excluding_goodwill,1,0.0
CRP.NZ,volume,80,116.0
CVT.NZ,adj_close,3,2.0
CVT.NZ,annual_amortization,1,0.0
CVT.NZ,annual_amortization_of_intangibles_income_statement,1,0.0
CVT.NZ,annual_basic_average_shares,1,0.0
CVT.NZ,annual_basic_eps,1,0.0
CVT.NZ,annual_depreciation_amortization_depletion_income_statement,1,0.0
CVT.NZ,annual_depreciation_and_amortization_in_income_statement,1,0.0
CVT.NZ,annual_depreciation_income_statement,1,0.0
CVT.NZ,annual_diluted_average_shares,1,0.0
CVT.NZ,annual_diluted_eps,1,0.0
CVT.NZ,annual_ebit,1,0.0
CVT.NZ,annual_ebitda,1,0.0
CVT.NZ,annual_general_and_administrative_expense,1,0.0
CVT.NZ,annual_impairment_of_capital_assets,1,0.0
CVT.NZ,annual_interest_expense,1,0.0
CVT.NZ,annual_interest_income,1,0.0
CVT.NZ,annual_net_income,1,0.0
CVT.NZ,annual_net_income_common_stockholders,1,0.0
CVT.NZ,annual_net_income_continuous_operations,1,0.0
CVT.NZ,annual_net_income_from_continuing_and_discontinued_operation,1,0.0
CVT.NZ,annual_net_income_from_continuing_operation_net_minority_interest,1,0.0
CVT.NZ,annual_net_income_including_noncontrolling_interests,1,0.0
CVT.NZ,annual_net_interest_income,1,0.0
CVT.NZ,annual_normalized_ebitda,1,0.0
CVT.NZ,annual_normalized_income,1,0.0
CVT.NZ,annual_other_gand_a,1,0.0
CVT.NZ,annual_other_non_operating_income_expenses,1,0.0
CVT.NZ,annual_pretax_income,1,0.0
CVT.NZ,annual_reconciled_depreciation,1,0.0
CVT.NZ,annual_selling_and_marketing_expense,1,0.0
CVT.NZ,annual_selling_general_and_administration,1,0.0
CVT.NZ,annual_special_income_charges,1,0.0
CVT.NZ,annual_tax_effect_of_unusual_items,1,0.0
CVT.NZ,annual_tax_provision,1,0.0
CVT.NZ,annual_tax_rate_for_calcs,1,0.0
CVT.NZ,annual_total_revenue,1,0.0
CVT.NZ,annual_total_unusual_items,1,0.0
CVT.NZ,annual_total_unusual_items_excluding_goodwill,1,0.0
CVT.NZ,close,3,2.0
CVT.NZ,high,4,3.0
CVT.NZ,low,4,3.0
CVT.NZ,open,3,2.0
CVT.NZ,trailing_amortization,1,0.0
CVT.NZ,trailing_amortization_of_intangibles_income_statement,1,0.0
CVT.NZ,trailing_basic_average_shares,1,0.0
CVT.NZ,trailing_basic_eps,1,0.0
CVT.NZ,trailing_depreciation_amortization_depletion_income_statement,1,0.0
CVT.NZ,trailing_depreciation_and_amortization_in_income_statement,1,0.0
CVT.NZ,trailing_depreciation_income_statement,1,0.0
CVT.NZ,trailing_diluted_average_shares,1,0.0
CVT.NZ,trailing_diluted_eps,1,0.0
CVT.NZ,trailing_ebit,1,0.0
CVT.NZ,trailing_ebitda,1,0.0
CVT.NZ,trailing_general_and_administrative_expense,1,0.0
CVT.NZ,trailing_impairment_of_capital_assets,1,0.0
CVT.NZ,trailing_interest_expense,1,0.0
CVT.NZ,trailing_interest_income,1,0.0
CVT.NZ,trailing_net_income,1,0.0
CVT.NZ,trailing_net_income_common_stockholders,1,0.0
CVT.NZ,trailing_net_income_continuous_operations,1,0.0
CVT.NZ,trailing_net_income_from_continuing_and_discontinued_operation,1,0.0
CVT.NZ,trailing_net_income_from_continuing_operation_net_minority_interest,1,0.0
CVT.NZ,trailing_net_income_including_noncontrolling_interests,1,0.0
CVT.NZ,trailing_net_interest_income,1,0.0
CVT.NZ,trailing_normalized_ebitda,1,0.0
CVT.NZ,trailing_normalized_income,1,0.0
CVT.NZ,trailing_other_gand_a,1,0.0
CVT.NZ,trailing_other_non_operating_income_expenses,1,0.0
CVT.NZ,trailing_reconciled_depreciation,1,0.0
CVT.NZ,trailing_restructuring_and_mergern_acquisition,1,0.0
CVT.NZ,trailing_salaries_and_wages,1,0.0
CVT.NZ,trailing_selling_and_marketing_expense,1,0.0
CVT.NZ,trailing_selling_general_and_administration,1,0.0
CVT.NZ,trailing_special_income_charges,1,0.0
CVT.NZ,trailing_tax_effect_of_unusual_items,1,0.0
CVT.NZ,trailing_tax_provision,1,0.0
CVT.NZ,trailing_tax_rate_for_calcs,1,0.0
CVT.NZ,trailing_total_revenue,1,0.0
CVT.NZ,trailing_total_unusual_items,1,0.0
CVT.NZ,trailing_total_unusual_items_excluding_goodwill,1,0.0
CVT.NZ,volume,1,0.0
CVT.NZ,wiki_views,2,2630.0
CVT.NZ,wiki_views_desktop,1,0.0
CVT.NZ,wiki_views_mobile,1,0.0
DGL.NZ,adj_close,257,371.0
DGL.NZ,annual_amortization,1,0.0
DGL.NZ,annual_amortization_of_intangibles_income_statement,1,0.0
DGL.NZ,annual_basic_average_shares,4,1096.0
DGL.NZ,annual_basic_eps,1,0.0
DGL.NZ,annual_depreciation_amortization_depletion_income_statement,1,0.0
DGL.NZ,annual_depreciation_and_amortization_in_income_statement,1,0.0
DGL.NZ,annual_depreciation_income_statement,1,0.0
DGL.NZ,annual_diluted_average_shares,4,1096.0
DGL.NZ,annual_diluted_eps,1,0.0
DGL.NZ,annual_ebit,1,0.0
DGL.NZ,annual_ebitda,1,0.0
DGL.NZ,annual_general_and_administrative_expense,1,0.0
DGL.NZ,annual_interest_expense,1,0.0
DGL.NZ,annual_interest_income,1,0.0
DGL.NZ,annual_net_income,1,0.0
DGL.NZ,annual_net_income_common_stockholders,1,0.0
DGL.NZ,annual_net_income_continuous_operations,1,0.0
DGL.NZ,annual_net_income_from_continuing_and_discontinued_operation,1,0.0
DGL.NZ,annual_net_income_from_continuing_operation_net_minority_interest,1,0.0
DGL.NZ,annual_net_income_including_noncontrolling_interests,1,0.0
DGL.NZ,annual_net_interest_income,1,0.0
DGL.NZ,annual_normalized_ebitda,1,0.0
DGL.NZ,annual_normalized_income,1,0.0
DGL.NZ,annual_other_gand_a,1,0.0
DGL.NZ,annual_other_non_operating_income_expenses,1,0.0
DGL.NZ,annual_pretax_income,1,0.0
DGL.NZ,annual_reconciled_depreciation,1,0.0
DGL.NZ,annual_selling_and_marketing_expense,1,0.0
DGL.NZ,annual_selling_general_and_administration,1,0.0
DGL.NZ,annual_special_income_charges,1,0.0
DGL.NZ,annual_tax_effect_of_unusual_items,2,366.0
DGL.NZ,annual_tax_provision,1,0.0
DGL.NZ,annual_tax_rate_for_calcs,1,0.0
DGL.NZ,annual_total_revenue,1,0.0
DGL.NZ,annual_total_unusual_items,1,0.0
DGL.NZ,annual_total_unusual_items_excluding_goodwill,1,0.0
DGL.NZ,close,1230,1792.0
DGL.NZ,dividend,5,1463.0
DGL.NZ,high,1230,1792.0
DGL.NZ,low,1230,1792.0
DGL.NZ,open,1230,1792.0
DGL.NZ,trailing_basic_average_shares,3,731.0
DGL.NZ,trailing_basic_eps,1,0.0
DGL.NZ,trailing_depreciation_amortization_depletion_income_statement,1,0.0
DGL.NZ,trailing_depreciation_and_amortization_in_income_statement,1,0.0
DGL.NZ,trailing_depreciation_income_statement,1,0.0
DGL.NZ,trailing_diluted_average_shares,3,731.0
DGL.NZ,trailing_diluted_eps,1,0.0
DGL.NZ,trailing_ebit,1,0.0
DGL.NZ,trailing_ebitda,1,0.0
DGL.NZ,trailing_general_and_administrative_expense,1,0.0
DGL.NZ,trailing_interest_expense,1,0.0
DGL.NZ,trailing_interest_income,1,0.0
DGL.NZ,trailing_net_income,1,0.0
DGL.NZ,trailing_net_income_common_stockholders,1,0.0
DGL.NZ,trailing_net_income_continuous_operations,1,0.0
DGL.NZ,trailing_net_income_from_continuing_and_discontinued_operation,1,0.0
DGL.NZ,trailing_net_income_from_continuing_operation_net_minority_interest,1,0.0
DGL.NZ,trailing_net_income_including_noncontrolling_interests,1,0.0
DGL.NZ,trailing_net_interest_income,1,0.0
DGL.NZ,trailing_normalized_ebitda,1,0.0
DGL.NZ,trailing_normalized_income,1,0.0
DGL.NZ,trailing_other_gand_a,1,0.0
DGL.NZ,trailing_other_non_operating_income_expenses,1,0.0
DGL.NZ,trailing_reconciled_depreciation,1,0.0
DGL.NZ,trailing_selling_and_marketing_expense,1,0.0
DGL.NZ,trailing_selling_general_and_administration,1,0.0
DGL.NZ,trailing_tax_effect_of_unusual_items,1,0.0
DGL.NZ,trailing_tax_provision,1,0.0
DGL.NZ,trailing_tax_rate_for_calcs,1,0.0
DGL.NZ,trailing_total_revenue,1,0.0
DGL.NZ,volume,1229,1791.0
DIV.NZ,adj_close,6,7.0
DIV.NZ,close,6,7.0
DIV.NZ,dividend,1,0.0
DIV.NZ,high,5,6.0
DIV.NZ,low,5,6.0
DIV.NZ,open,4,5.0
DIV.NZ,volume,8,13.0
DOW.NZ,adj_close,564,818.0
DOW.NZ,annual_amortization,1,0.0
DOW.NZ,annual_amortization_of_intangibles_income_statement,1,0.0
DOW.NZ,annual_basic_average_shares,1,0.0
DOW.NZ,annual_basic_eps,1,0.0
DOW.NZ,annual_depreciation_amortization_depletion_income_statement,1,0.0
DOW.NZ,annual_depreciation_and_amortization_in_income_statement,1,0.0
DOW.NZ,annual_depreciation_income_statement,1,0.0
DOW.NZ,annual_diluted_average_shares,1,0.0
DOW.NZ,annual_diluted_eps,1,0.0
DOW.NZ,annual_ebit,1,0.0
DOW.NZ,annual_ebitda,1,0.0
DOW.NZ,annual_general_and_administrative_expense,1,0.0
DOW.NZ,annual_impairment_of_capital_assets,1,0.0
DOW.NZ,annual_interest_expense,1,0.0
DOW.NZ,annual_interest_income,1,0.0
DOW.NZ,annual_minority_interests,1,0.0
DOW.NZ,annual_net_income,1,0.0
DOW.NZ,annual_net_income_common_stockholders,1,0.0
DOW.NZ,annual_net_income_continuous_operations,1,0.0
DOW.NZ,annual_net_income_from_continuing_and_discontinued_operation,1,0.0
DOW.NZ,annual_net_income_from_continuing_operation_net_minority_interest,1,0.0
DOW.NZ,annual_net_income_including_noncontrolling_interests,1,0.0
DOW.NZ,annual_net_interest_income,1,0.0
DOW.NZ,annual_normalized_ebitda,1,0.0
DOW.NZ,annual_normalized_income,1,0.0
DOW.NZ,annual_other_non_operating_income_expenses,1,0.0
DOW.NZ,annual_pretax_income,1,0.0
DOW.NZ,annual_reconciled_depreciation,1,0.0
DOW.NZ,annual_salaries_and_wages,1,0.0
DOW.NZ,annual_selling_general_and_administration,1,0.0
DOW.NZ,annual_special_income_charges,1,0.0
DOW.NZ,annual_tax_effect_of_unusual_items,1,0.0
DOW.NZ,annual_tax_provision,1,0.0
DOW.NZ,annual_tax_rate_for_calcs,1,0.0
DOW.NZ,annual_total_revenue,1,0.0
DOW.NZ,annual_total_unusual_items,1,0.0
DOW.NZ,annual_total_unusual_items_excluding_goodwill,1,0.0
DOW.NZ,close,3847,5607.0
DOW.NZ,dividend,7,1123.0
DOW.NZ,high,3847,5607.0
DOW.NZ,low,3847,5607.0
DOW.NZ,open,3847,5607.0
DOW.NZ,split,1,0.0
DOW.NZ,trailing_amortization,1,0.0
DOW.NZ,trailing_amortization_of_intangibles_income_statement,1,0.0
DOW.NZ,trailing_basic_average_shares,1,0.0
DOW.NZ,trailing_basic_eps,1,0.0
DOW.NZ,trailing_depreciation_amortization_depletion_income_statement,1,0.0
DOW.NZ,trailing_depreciation_and_amortization_in_income_statement,1,0.0
DOW.NZ,trailing_depreciation_income_statement,1,0.0
DOW.NZ,trailing_diluted_average_shares,1,0.0
DOW.NZ,trailing_diluted_eps,1,0.0
DOW.NZ,trailing_ebit,1,0.0
DOW.NZ,trailing_ebitda,1,0.0
DOW.NZ,trailing_general_and_administrative_expense,1,0.0
DOW.NZ,trailing_impairment_of_capital_assets,1,0.0
DOW.NZ,trailing_interest_expense,1,0.0
DOW.NZ,trailing_interest_income,1,0.0
DOW.NZ,trailing_minority_interests,1,0.0
DOW.NZ,trailing_net_income,1,0.0
DOW.NZ,trailing_net_income_common_stockholders,1,0.0
DOW.NZ,trailing_net_income_continuous_operations,1,0.0
DOW.NZ,trailing_net_income_from_continuing_and_discontinued_operation,1,0.0
DOW.NZ,trailing_net_income_from_continuing_operation_net_minority_interest,1,0.0
DOW.NZ,trailing_net_income_including_noncontrolling_interests,1,0.0
DOW.NZ,trailing_net_interest_income,1,0.0
DOW.NZ,trailing_normalized_ebitda,1,0.0
DOW.NZ,trailing_normalized_income,1,0.0
DOW.NZ,trailing_other_non_operating_income_expenses,1,0.0
DOW.NZ,trailing_reconciled_depreciation,1,0.0
DOW.NZ,trailing_salaries_and_wages,1,0.0
DOW.NZ,trailing_selling_general_and_administration,1,0.0
DOW.NZ,trailing_special_income_charges,1,0.0
DOW.NZ,trailing_tax_effect_of_unusual_items,1,0.0
DOW.NZ,trailing_tax_provision,1,0.0
DOW.NZ,trailing_tax_rate_for_calcs,1,0.0
DOW.NZ,trailing_total_revenue,1,0.0
DOW.NZ,trailing_total_unusual_items,1,0.0
DOW.NZ,trailing_total_unusual_items_excluding_goodwill,1,0.0
DOW.NZ,volume,3846,5604.0
EBO.NZ,adj_close,13,18.0
EBO.NZ,annual_amortization,1,0.0
EBO.NZ,annual_amortization_of_intangibles_income_statement,1,0.0
EBO.NZ,annual_basic_average_shares,1,0.0
EBO.NZ,annual_basic_eps,1,0.0
EBO.NZ,annual_depreciation_amortization_depletion_income_statement,1,0.0
EBO.NZ,annual_depreciation_and_amortization_in_income_statement,1,0.0
EBO.NZ,annual_depreciation_income_statement,1,0.0
EBO.NZ,annual_diluted_average_shares,1,0.0
EBO.NZ,annual_diluted_eps,1,0.0
EBO.NZ,annual_ebit,1,0.0
EBO.NZ,annual_ebitda,1,0.0
EBO.NZ,annual_general_and_administrative_expense,1,0.0
EBO.NZ,annual_interest_expense,1,0.0
EBO.NZ,annual_interest_income,1,0.0
EBO.NZ,annual_minority_interests,1,0.0
EBO.NZ,annual_net_income,1,0.0
EBO.NZ,annual_net_income_common_stockholders,1,0.0
EBO.NZ,annual_net_income_continuous_operations,1,0.0
EBO.NZ,annual_net_income_from_continuing_and_discontinued_operation,1,0.0
EBO.NZ,annual_net_income_from_continuing_operation_net_minority_interest,1,0.0
EBO.NZ,annual_net_income_including_noncontrolling_interests,1,0.0
EBO.NZ,annual_net_interest_income,1,0.0
EBO.NZ,annual_normalized_ebitda,1,0.0
EBO.NZ,annual_normalized_income,1,0.0
EBO.NZ,annual_other_non_operating_income_expenses,1,0.0
EBO.NZ,annual_other_special_charges,1,0.0
EBO.NZ,annual_pretax_income,1,0.0
EBO.NZ,annual_reconciled_depreciation,1,0.0
EBO.NZ,annual_rent_and_landing_fees,1,0.0
EBO.NZ,annual_salaries_and_wages,1,0.0
EBO.NZ,annual_selling_general_and_administration,1,0.0
EBO.NZ,annual_special_income_charges,1,0.0
EBO.NZ,annual_tax_effect_of_unusual_items,2,365.0
EBO.NZ,annual_tax_provision,1,0.0
EBO.NZ,annual_tax_rate_for_calcs,1,0.0
EBO.NZ,annual_total_revenue,1,0.0
EBO.NZ,annual_total_unusual_items,1,0.0
EBO.NZ,annual_total_unusual_items_excluding_goodwill,1,0.0
EBO.NZ,close,13,18.0
EBO.NZ,dividend,2,203.0
EBO.NZ,high,9,10.0
EBO.NZ,low,9,12.0
EBO.NZ,open,8,9.0
EBO.NZ,split,1,0.0
EBO.NZ,trailing_amortization,1,0.0
EBO.NZ,trailing_amortization_of_intangibles_income_statement,1,0.0
EBO.NZ,trailing_basic_average_shares,1,0.0
EBO.NZ,trailing_basic_eps,1,0.0
EBO.NZ,trailing_depreciation_amortization_depletion_income_statement,1,0.0
EBO.NZ,trailing_depreciation_and_amortization_in_income_statement,1,0.0
EBO.NZ,trailing_depreciation_income_statement,1,0.0
EBO.NZ,trailing_diluted_average_shares,1,0.0
EBO.NZ,trailing_diluted_eps,1,0.0
EBO.NZ,trailing_ebit,1,0.0
EBO.NZ,trailing_ebitda,1,0.0
EBO.NZ,trailing_general_and_administrative_expense,1,0.0
EBO.NZ,trailing_interest_expense,1,0.0
EBO.NZ,trailing_interest_income,1,0.0
EBO.NZ,trailing_minority_interests,1,0.0
EBO.NZ,trailing_net_income,1,0.0
EBO.NZ,trailing_net_income_common_stockholders,1,0.0
EBO.NZ,trailing_net_income_continuous_operations,1,0.0
EBO.NZ,trailing_net_income_from_continuing_and_discontinued_operation,1,0.0
EBO.NZ,trailing_net_income_from_continuing_operation_net_minority_interest,1,0.0
EBO.NZ,trailing_net_income_including_noncontrolling_interests,1,0.0
EBO.NZ,trailing_net_interest_income,1,0.0
EBO.NZ,trailing_normalized_ebitda,1,0.0
EBO.NZ,trailing_normalized_income,1,0.0
EBO.NZ,trailing_other_non_operating_income_expenses,1,0.0
EBO.NZ,trailing_reconciled_depreciation,1,0.0
EBO.NZ,trailing_rent_and_landing_fees,1,0.0
EBO.NZ,trailing_salaries_and_wages,1,0.0
EBO.NZ,trailing_selling_general_and_administration,1,0.0
EBO.NZ,trailing_tax_effect_of_unusual_items,1,0.0
EBO.NZ,trailing_tax_provision,1,0.0
EBO.NZ,trailing_tax_rate_for_calcs,1,0.0
EBO.NZ,trailing_total_revenue,1,0.0
EBO.NZ,trailing_total_unusual_items,1,0.0
EBO.NZ,trailing_total_unusual_items_excluding_goodwill,1,0.0
EBO.NZ,volume,5,4.0
EBO.NZ,wiki_views,1,0.0
EBO.NZ,wiki_views_desktop,1,0.0
EBO.NZ,wiki_views_mobile,1,0.0
EMF.NZ,adj_close,12,15.0
EMF.NZ,close,13,16.0
EMF.NZ,dividend,1,0.0
EMF.NZ,high,13,16.0
EMF.NZ,low,13,16.0
EMF.NZ,open,13,16.0
EMF.NZ,volume,12,15.0
EMG.NZ,adj_close,3,4.0
EMG.NZ,close,3,4.0
EMG.NZ,dividend,2,1.0
EMG.NZ,high,5,6.0
EMG.NZ,low,3,4.0
EMG.NZ,open,5,6.0
EMG.NZ,volume,1,0.0
ENS.NZ,adj_close,185,265.0
ENS.NZ,annual_amortization,1,0.0
ENS.NZ,annual_amortization_of_intangibles_income_statement,1,0.0
ENS.NZ,annual_basic_average_shares,2,365.0
ENS.NZ,annual_basic_eps,2,365.0
ENS.NZ,annual_depreciation_amortization_depletion_income_statement,1,0.0
ENS.NZ,annual_depreciation_and_amortization_in_income_statement,1,0.0
ENS.NZ,annual_depreciation_income_statement,1,0.0
ENS.NZ,annual_diluted_average_shares,2,365.0
ENS.NZ,annual_diluted_eps,2,365.0
ENS.NZ,annual_ebit,1,0.0
ENS.NZ,annual_ebitda,1,0.0
ENS.NZ,annual_general_and_administrative_expense,1,0.0
ENS.NZ,annual_impairment_of_capital_assets,1,0.0
ENS.NZ,annual_interest_expense,1,0.0
ENS.NZ,annual_interest_income,1,0.0
ENS.NZ,annual_minority_interests,1,0.0
ENS.NZ,annual_net_income,1,0.0
ENS.NZ,annual_net_income_common_stockholders,1,0.0
ENS.NZ,annual_net_income_continuous_operations,1,0.0
ENS.NZ,annual_net_income_from_continuing_and_discontinued_operation,1,0.0
ENS.NZ,annual_net_income_from_continuing_operation_net_minority_interest,1,0.0
ENS.NZ,annual_net_income_including_noncontrolling_interests,1,0.0
ENS.NZ,annual_net_interest_income,1,0.0
ENS.NZ,annual_normalized_ebitda,1,0.0
ENS.NZ,annual_normalized_income,1,0.0
ENS.NZ,annual_other_gand_a,1,0.0
ENS.NZ,annual_other_non_operating_income_expenses,1,0.0
ENS.NZ,annual_pretax_income,1,0.0
ENS.NZ,annual_reconciled_depreciation,1,0.0
ENS.NZ,annual_rent_and_landing_fees,1,0.0
ENS.NZ,annual_salaries_and_wages,1,0.0
ENS.NZ,annual_selling_and_marketing_expense,1,0.0
ENS.NZ,annual_selling_general_and_administration,1,0.0
ENS.NZ,annual_special_income_charges,1,0.0
ENS.NZ,annual_tax_effect_of_unusual_items,1,0.0
ENS.NZ,annual_tax_provision,1,0.0
ENS.NZ,annual_tax_rate_for_calcs,2,366.0
ENS.NZ,annual_total_revenue,1,0.0
ENS.NZ,annual_total_unusual_items,1,0.0
ENS.NZ,annual_total_unusual_items_excluding_goodwill,1,0.0
ENS.NZ,close,185,265.0
ENS.NZ,dividend,2,259.0
ENS.NZ,high,185,265.0
ENS.NZ,low,185,265.0
ENS.NZ,open,185,265.0
ENS.NZ,trailing_amortization,1,0.0
ENS.NZ,trailing_amortization_of_intangibles_income_statement,1,0.0
ENS.NZ,trailing_basic_average_shares,1,0.0
ENS.NZ,trailing_basic_eps,1,0.0
ENS.NZ,trailing_depreciation_amortization_depletion_income_statement,1,0.0
ENS.NZ,trailing_depreciation_and_amortization_in_income_statement,1,0.0
ENS.NZ,trailing_depreciation_income_statement,1,0.0
ENS.NZ,trailing_diluted_average_shares,1,0.0
ENS.NZ,trailing_diluted_eps,1,0.0
ENS.NZ,trailing_ebit,1,0.0
ENS.NZ,trailing_ebitda,1,0.0
ENS.NZ,trailing_general_and_administrative_expense,1,0.0
ENS.NZ,trailing_interest_expense,1,0.0
ENS.NZ,trailing_minority_interests,1,0.0
ENS.NZ,trailing_net_income,1,0.0
ENS.NZ,trailing_net_income_common_stockholders,1,0.0
ENS.NZ,trailing_net_income_continuous_operations,1,0.0
ENS.NZ,trailing_net_income_from_continuing_and_discontinued_operation,1,0.0
ENS.NZ,trailing_net_income_from_continuing_operation_net_minority_interest,1,0.0
ENS.NZ,trailing_net_income_including_noncontrolling_interests,1,0.0
ENS.NZ,trailing_net_interest_income,1,0.0
ENS.NZ,trailing_normalized_ebitda,1,0.0
ENS.NZ,trailing_normalized_income,1,0.0
ENS.NZ,trailing_other_non_operating_income_expenses,1,0.0
ENS.NZ,trailing_reconciled_depreciation,1,0.0
ENS.NZ,trailing_salaries_and_wages,1,0.0
ENS.NZ,trailing_selling_general_and_administration,1,0.0
ENS.NZ,trailing_tax_effect_of_unusual_items,1,0.0
ENS.NZ,trailing_tax_provision,1,0.0
ENS.NZ,trailing_tax_rate_for_calcs,1,0.0
ENS.NZ,trailing_total_revenue,1,0.0
ENS.NZ,volume,96,134.0
ERD.NZ,adj_close,9,12.0
ERD.NZ,annual_amortization,1,0.0
ERD.NZ,annual_amortization_of_intangibles_income_statement,1,0.0
ERD.NZ,annual_basic_average_shares,1,0.0
ERD.NZ,annual_basic_eps,1,0.0
ERD.NZ,annual_depreciation_amortization_depletion_income_statement,1,0.0
ERD.NZ,annual_depreciation_and_amortization_in_income_statement,1,0.0
ERD.NZ,annual_depreciation_income_statement,1,0.0
ERD.NZ,annual_diluted_average_shares,1,0.0
ERD.NZ,annual_diluted_eps,1,0.0
ERD.NZ,annual_ebit,1,0.0
ERD.NZ,annual_ebitda,1,0.0
ERD.NZ,annual_general_and_administrative_expense,1,0.0
ERD.NZ,annual_interest_expense,1,0.0
ERD.NZ,annual_interest_income,1,0.0
ERD.NZ,annual_net_income,1,0.0
ERD.NZ,annual_net_income_common_stockholders,1,0.0
ERD.NZ,annual_net_income_continuous_operations,1,0.0
ERD.NZ,annual_net_income_from_continuing_and_discontinued_operation,1,0.0
ERD.NZ,annual_net_income_from_continuing_operation_net_minority_interest,1,0.0
ERD.NZ,annual_net_income_including_noncontrolling_interests,1,0.0
ERD.NZ,annual_net_interest_income,1,0.0
ERD.NZ,annual_normalized_ebitda,1,0.0
ERD.NZ,annual_normalized_income,1,0.0
ERD.NZ,annual_other_gand_a,1,0.0
ERD.NZ,annual_other_non_operating_income_expenses,1,0.0
ERD.NZ,annual_pretax_income,1,0.0
ERD.NZ,annual_reconciled_depreciation,1,0.0
ERD.NZ,annual_salaries_and_wages,1,0.0
ERD.NZ,annual_selling_general_and_administration,1,0.0
ERD.NZ,annual_tax_effect_of_unusual_items,4,1096.0
ERD.NZ,annual_tax_provision,1,0.0
ERD.NZ,annual_tax_rate_for_calcs,3,731.0
ERD.NZ,annual_total_revenue,1,0.0
ERD.NZ,close,9,12.0
ERD.NZ,high,9,10.0
ERD.NZ,low,10,11.0
ERD.NZ,open,9,10.0
ERD.NZ,trailing_amortization,1,0.0
ERD.NZ,trailing_amortization_of_intangibles_income_statement,1,0.0
ERD.NZ,trailing_basic_average_shares,1,0.0
ERD.NZ,trailing_basic_eps,1,0.0
ERD.NZ,trailing_depreciation_amortization_depletion_income_statement,1,0.0
ERD.NZ,trailing_depreciation_and_amortization_in_income_statement,1,0.0
ERD.NZ,trailing_depreciation_income_statement,1,0.0
ERD.NZ,trailing_diluted_average_shares,1,0.0
ERD.NZ,trailing_diluted_eps,1,0.0
ERD.NZ,trailing_ebit,1,0.0
ERD.NZ,trailing_ebitda,1,0.0
ERD.NZ,trailing_interest_expense,1,0.0
ERD.NZ,trailing_interest_income,1,0.0
ERD.NZ,trailing_net_income,1,0.0
ERD.NZ,trailing_net_income_common_stockholders,1,0.0
ERD.NZ,trailing_net_income_continuous_operations,1,0.0
ERD.NZ,trailing_net_income_from_continuing_and_discontinued_operation,1,0.0
ERD.NZ,trailing_net_income_from_continuing_operation_net_minority_interest,1,0.0
ERD.NZ,trailing_net_income_including_noncontrolling_interests,1,0.0
ERD.NZ,trailing_net_interest_income,1,0.0
ERD.NZ,trailing_normalized_ebitda,1,0.0
ERD.NZ,trailing_normalized_income,1,0.0
ERD.NZ,trailing_other_non_operating_income_expenses,1,0.0
ERD.NZ,trailing_reconciled_depreciation,1,0.0
ERD.NZ,trailing_tax_effect_of_unusual_items,1,0.0
ERD.NZ,trailing_tax_provision,1,0.0
ERD.NZ,trailing_tax_rate_for_calcs,1,0.0
ERD.NZ,trailing_total_revenue,1,0.0
ERD.NZ,trailing_total_unusual_items,1,0.0
ERD.NZ,trailing_total_unusual_items_excluding_goodwill,1,0.0
ERD.NZ,volume,5,12.0
ESG.NZ,adj_close,4,3.0
ESG.NZ,close,4,3.0
ESG.NZ,dividend,1,0.0
ESG.NZ,high,4,5.0
ESG.NZ,low,3,5.0
ESG.NZ,open,4,3.0
ESG.NZ,volume,2,3.0
EUF.NZ,adj_close,18,25.0
EUF.NZ,close,18,25.0
EUF.NZ,dividend,1,0.0
EUF.NZ,high,18,25.0
EUF.NZ,low,18,25.0
EUF.NZ,open,18,25.0
EUF.NZ,volume,17,22.0
EUG.NZ,adj_close,4,5.0
EUG.NZ,close,4,5.0
EUG.NZ,dividend,1,0.0
EUG.NZ,high,5,7.0
EUG.NZ,low,4,5.0
EUG.NZ,open,5,7.0
EUG.NZ,volume,2,1.0
FBU.NZ,adj_close,128,183.0
FBU.NZ,annual_amortization,2,366.0
FBU.NZ,annual_amortization_of_intangibles_income_statement,2,366.0
FBU.NZ,annual_basic_average_shares,2,366.0
FBU.NZ,annual_basic_eps,1,0.0
FBU.NZ,annual_depreciation_amortization_depletion_income_statement,1,0.0
FBU.NZ,annual_depreciation_and_amortization_in_income_statement,1,0.0
FBU.NZ,annual_depreciation_income_statement,1,0.0
FBU.NZ,annual_diluted_average_shares,1,0.0
FBU.NZ,annual_diluted_eps,1,0.0
FBU.NZ,annual_ebit,1,0.0
FBU.NZ,annual_ebitda,1,0.0
FBU.NZ,annual_general_and_administrative_expense,1,0.0
FBU.NZ,annual_interest_expense,1,0.0
FBU.NZ,annual_interest_income,1,0.0
FBU.NZ,annual_minority_interests,1,0.0
FBU.NZ,annual_net_income,1,0.0
FBU.NZ,annual_net_income_common_stockholders,1,0.0
FBU.NZ,annual_net_income_continuous_operations,1,0.0
FBU.NZ,annual_net_income_discontinuous_operations,1,0.0
FBU.NZ,annual_net_income_from_continuing_and_discontinued_operation,1,0.0
FBU.NZ,annual_net_income_from_continuing_operation_net_minority_interest,1,0.0
FBU.NZ,annual_net_income_including_noncontrolling_interests,1,0.0
FBU.NZ,annual_net_interest_income,1,0.0
FBU.NZ,annual_normalized_ebitda,1,0.0
FBU.NZ,annual_normalized_income,1,0.0
FBU.NZ,annual_other_gand_a,1,0.0
FBU.NZ,annual_other_non_operating_income_expenses,1,0.0
FBU.NZ,annual_pretax_income,1,0.0
FBU.NZ,annual_reconciled_depreciation,1,0.0
FBU.NZ,annual_restructuring_and_mergern_acquisition,1,0.0
FBU.NZ,annual_selling_and_marketing_expense,1,0.0
FBU.NZ,annual_selling_general_and_administration,1,0.0
FBU.NZ,annual_special_income_charges,1,0.0
FBU.NZ,annual_tax_effect_of_unusual_items,2,366.0
FBU.NZ,annual_tax_provision,1,0.0
FBU.NZ,annual_tax_rate_for_calcs,1,0.0
FBU.NZ,annual_total_revenue,1,0.0
FBU.NZ,annual_total_unusual_items,1,0.0
FBU.NZ,annual_total_unusual_items_excluding_goodwill,1,0.0
FBU.NZ,close,1283,1870.0
FBU.NZ,dividend,3,364.0
FBU.NZ,high,1282,1869.0
FBU.NZ,low,1282,1869.0
FBU.NZ,open,1282,1869.0
FBU.NZ,trailing_basic_average_shares,1,0.0
FBU.NZ,trailing_basic_eps,1,0.0
FBU.NZ,trailing_depreciation_amortization_depletion_income_statement,1,0.0
FBU.NZ,trailing_depreciation_and_amortization_in_income_statement,1,0.0
FBU.NZ,trailing_depreciation_income_statement,1,0.0
FBU.NZ,trailing_diluted_average_shares,1,0.0
FBU.NZ,trailing_diluted_eps,1,0.0
FBU.NZ,trailing_ebit,1,0.0
FBU.NZ,trailing_ebitda,1,0.0
FBU.NZ,trailing_impairment_of_capital_assets,1,0.0
FBU.NZ,trailing_interest_expense,1,0.0
FBU.NZ,trailing_interest_income,1,0.0
FBU.NZ,trailing_net_income,1,0.0
FBU.NZ,trailing_net_income_common_stockholders,1,0.0
FBU.NZ,trailing_net_income_continuous_operations,1,0.0
FBU.NZ,trailing_net_income_discontinuous_operations,1,0.0
FBU.NZ,trailing_net_income_from_continuing_and_discontinued_operation,1,0.0
FBU.NZ,trailing_net_income_from_continuing_operation_net_minority_interest,1,0.0
FBU.NZ,trailing_net_income_including_noncontrolling_interests,1,0.0
FBU.NZ,trailing_net_interest_income,1,0.0
FBU.NZ,trailing_normalized_ebitda,1,0.0
FBU.NZ,trailing_normalized_income,1,0.0
FBU.NZ,trailing_other_non_operating_income_expenses,1,0.0
FBU.NZ,trailing_reconciled_depreciation,1,0.0
FBU.NZ,trailing_selling_and_marketing_expense,1,0.0
FBU.NZ,trailing_selling_general_and_administration,1,0.0
FBU.NZ,trailing_tax_effect_of_unusual_items,1,0.0
FBU.NZ,trailing_tax_provision,1,0.0
FBU.NZ,trailing_tax_rate_for_calcs,1,0.0
FBU.NZ,trailing_total_revenue,1,0.0
FBU.NZ,trailing_total_unusual_items,1,0.0
FBU.NZ,trailing_total_unusual_items_excluding_goodwill,1,0.0
FBU.NZ,volume,1282,1869.0
FBU.NZ,wiki_views,3,2.0
FBU.NZ,wiki_views_desktop,4,3.0
FBU.NZ,wiki_views_mobile,4,3.0
FCG.NZ,adj_close,14,20.0
FCG.NZ,annual_basic_average_shares,1,0.0
FCG.NZ,annual_basic_eps,1,0.0
FCG.NZ,annual_depreciation_and_amortization_in_income_statement,1,0.0
FCG.NZ,annual_depreciation_income_statement,1,0.0
FCG.NZ,annual_diluted_average_shares,1,0.0
FCG.NZ,annual_diluted_eps,1,0.0
FCG.NZ,annual_diluted_niavailto_com_stockholders,1,0.0
FCG.NZ,annual_ebit,1,0.0
FCG.NZ,annual_ebitda,1,0.0
FCG.NZ,annual_general_and_administrative_expense,1,0.0
FCG.NZ,annual_incomefrom_associatesand_other_participating_interests,1,0.0
FCG.NZ,annual_interest_expense,1,0.0
FCG.NZ,annual_interest_income,1,0.0
FCG.NZ,annual_minority_interests,1,0.0
FCG.NZ,annual_net_income,1,0.0
FCG.NZ,annual_net_income_common_stockholders,1,0.0
FCG.NZ,annual_net_income_continuous_operations,1,0.0
FCG.NZ,annual_net_income_discontinuous_operations,1,0.0
FCG.NZ,annual_net_income_from_continuing_and_discontinued_operation,1,0.0
FCG.NZ,annual_net_income_from_continuing_operation_net_minority_interest,1,0.0
FCG.NZ,annual_net_income_including_noncontrolling_interests,1,0.0
FCG.NZ,annual_net_interest_income,1,0.0
FCG.NZ,annual_normalized_ebitda,1,0.0
FCG.NZ,annual_normalized_income,1,0.0
FCG.NZ,annual_pretax_income,1,0.0
FCG.NZ,annual_reconciled_depreciation,1,0.0
FCG.NZ,annual_selling_and_marketing_expense,1,0.0
FCG.NZ,annual_selling_general_and_administration,1,0.0
FCG.NZ,annual_special_income_charges,1,0.0
FCG.NZ,annual_tax_effect_of_unusual_items,1,0.0
FCG.NZ,annual_tax_provision,1,0.0
FCG.NZ,annual_tax_rate_for_calcs,1,0.0
FCG.NZ,annual_total_revenue,1,0.0
FCG.NZ,annual_total_unusual_items,1,0.0
FCG.NZ,annual_total_unusual_items_excluding_goodwill,1,0.0
FCG.NZ,annual_write_off,1,0.0
FCG.NZ,close,14,20.0
FCG.NZ,dividend,2,185.0
FCG.NZ,high,14,20.0
FCG.NZ,low,14,20.0
FCG.NZ,open,14,20.0
FCG.NZ,split,2,6.0
FCG.NZ,trailing_basic_average_shares,1,0.0
FCG.NZ,trailing_basic_eps,1,0.0
FCG.NZ,trailing_depreciation_and_amortization_in_income_statement,1,0.0
FCG.NZ,trailing_depreciation_income_statement,1,0.0
FCG.NZ,trailing_diluted_average_shares,1,0.0
FCG.NZ,trailing_diluted_eps,1,0.0
FCG.NZ,trailing_diluted_niavailto_com_stockholders,1,0.0
FCG.NZ,trailing_ebit,1,0.0
FCG.NZ,trailing_ebitda,1,0.0
FCG.NZ,trailing_general_and_administrative_expense,1,0.0
FCG.NZ,trailing_interest_expense,1,0.0
FCG.NZ,trailing_net_income,1,0.0
FCG.NZ,trailing_net_income_common_stockholders,1,0.0
FCG.NZ,trailing_net_income_continuous_operations,1,0.0
FCG.NZ,trailing_net_income_discontinuous_operations,1,0.0
FCG.NZ,trailing_net_income_from_continuing_and_discontinued_operation,1,0.0
FCG.NZ,trailing_net_income_from_continuing_operation_net_minority_interest,1,0.0
FCG.NZ,trailing_net_income_including_noncontrolling_interests,1,0.0
FCG.NZ,trailing_net_interest_income,1,0.0
FCG.NZ,trailing_normalized_ebitda,1,0.0
FCG.NZ,trailing_normalized_income,1,0.0
FCG.NZ,trailing_other_special_charges,1,0.0
FCG.NZ,trailing_reconciled_depreciation,1,0.0
FCG.NZ,trailing_selling_and_marketing_expense,1,0.0
FCG.NZ,trailing_selling_general_and_administration,1,0.0
FCG.NZ,trailing_tax_effect_of_unusual_items,1,0.0
FCG.NZ,trailing_tax_provision,1,0.0
FCG.NZ,trailing_tax_rate_for_calcs,1,0.0
FCG.NZ,trailing_total_revenue,1,0.0
FCG.NZ,trailing_total_unusual_items,1,0.0
FCG.NZ,trailing_total_unusual_items_excluding_goodwill,1,0.0
FCG.NZ,trailing_write_off,1,0.0
FCG.NZ,volume,13,19.0
FCT.NZ,adj_close,7,12.0
FCT.NZ,close,7,12.0
FCT.NZ,dividend,1,0.0
FCT.NZ,high,7,12.0
FCT.NZ,low,8,11.0
FCT.NZ,open,7,10.0
FCT.NZ,volume,3,4.0
FNZ.NZ,adj_close,5,6.0
FNZ.NZ,close,5,6.0
FNZ.NZ,dividend,1,0.0
FNZ.NZ,high,8,9.0
FNZ.NZ,low,5,6.0
FNZ.NZ,open,5,8.0
FNZ.NZ,volume,253,368.0
FPH.NZ,adj_close,33,44.0
FPH.NZ,annual_amortization,1,0.0
FPH.NZ,annual_amortization_of_intangibles_income_statement,1,0.0
FPH.NZ,annual_basic_average_shares,1,0.0
FPH.NZ,annual_basic_eps,1,0.0
FPH.NZ,annual_depreciation_amortization_depletion_income_statement,1,0.0
FPH.NZ,annual_depreciation_and_amortization_in_income_statement,1,0.0
FPH.NZ,annual_depreciation_income_statement,1,0.0
FPH.NZ,annual_diluted_average_shares,1,0.0
FPH.NZ,annual_diluted_eps,1,0.0
FPH.NZ,annual_ebit,1,0.0
FPH.NZ,annual_ebitda,1,0.0
FPH.NZ,annual_interest_expense,1,0.0
FPH.NZ,annual_interest_income,2,365.0
FPH.NZ,annual_net_income,1,0.0
FPH.NZ,annual_net_income_common_stockholders,1,0.0
FPH.NZ,annual_net_income_continuous_operations,1,0.0
FPH.NZ,annual_net_income_from_continuing_and_discontinued_operation,1,0.0
FPH.NZ,annual_net_income_from_continuing_operation_net_minority_interest,1,0.0
FPH.NZ,annual_net_income_including_noncontrolling_interests,1,0.0
FPH.NZ,annual_net_interest_income,1,0.0
FPH.NZ,annual_normalized_ebitda,1,0.0
FPH.NZ,annual_normalized_income,1,0.0
FPH.NZ,annual_other_non_operating_income_expenses,1,0.0
FPH.NZ,annual_pretax_income,1,0.0
FPH.NZ,annual_reconciled_depreciation,1,0.0
FPH.NZ,annual_selling_and_marketing_expense,1,0.0
FPH.NZ,annual_selling_general_and_administration,1,0.0
FPH.NZ,annual_tax_effect_of_unusual_items,4,1096.0
FPH.NZ,annual_tax_provision,1,0.0
FPH.NZ,annual_tax_rate_for_calcs,1,0.0
FPH.NZ,annual_total_revenue,1,0.0
FPH.NZ,close,33,44.0
FPH.NZ,dividend,1,0.0
FPH.NZ,high,33,44.0
FPH.NZ,low,33,44.0
FPH.NZ,open,33,44.0
FPH.NZ,split,1,0.0
FPH.NZ,trailing_basic_average_shares,1,0.0
FPH.NZ,trailing_basic_eps,1,0.0
FPH.NZ,trailing_depreciation_amortization_depletion_income_statement,1,0.0
FPH.NZ,trailing_depreciation_and_amortization_in_income_statement,1,0.0
FPH.NZ,trailing_depreciation_income_statement,1,0.0
FPH.NZ,trailing_diluted_average_shares,1,0.0
FPH.NZ,trailing_diluted_eps,1,0.0
FPH.NZ,trailing_ebit,1,0.0
FPH.NZ,trailing_ebitda,1,0.0
FPH.NZ,trailing_interest_expense,1,0.0
FPH.NZ,trailing_interest_income,1,0.0
FPH.NZ,trailing_net_income,1,0.0
FPH.NZ,trailing_net_income_common_stockholders,1,0.0
FPH.NZ,trailing_net_income_continuous_operations,1,0.0
FPH.NZ,trailing_net_income_from_continuing_and_discontinued_operation,1,0.0
FPH.NZ,trailing_net_income_from_continuing_operation_net_minority_interest,1,0.0
FPH.NZ,trailing_net_income_including_noncontrolling_interests,1,0.0
FPH.NZ,trailing_net_interest_income,1,0.0
FPH.NZ,trailing_normalized_ebitda,1,0.0
FPH.NZ,trailing_normalized_income,1,0.0
FPH.NZ,trailing_other_non_operating_income_expenses,1,0.0
FPH.NZ,trailing_reconciled_depreciation,1,0.0
FPH.NZ,trailing_selling_and_marketing_expense,1,0.0
FPH.NZ,trailing_selling_general_and_administration,1,0.0
FPH.NZ,trailing_tax_effect_of_unusual_items,1,0.0
FPH.NZ,trailing_tax_provision,1,0.0
FPH.NZ,trailing_tax_rate_for_calcs,1,0.0
FPH.NZ,trailing_total_revenue,1,0.0
FPH.NZ,volume,4,5.0
FPH.NZ,wiki_views,3,2.0
FPH.NZ,wiki_views_desktop,3,2.0
FPH.NZ,wiki_views_mobile,3,2.0
FRE.NZ,wiki_views,2,3602.0
FRE.NZ,wiki_views_desktop,2,3602.0
FRE.NZ,wiki_views_mobile,2,3602.0
FRW.NZ,adj_close,5,7.0
FRW.NZ,annual_amortization,1,0.0
FRW.NZ,annual_amortization_of_intangibles_income_statement,1,0.0
FRW.NZ,annual_basic_average_shares,1,0.0
FRW.NZ,annual_basic_eps,1,0.0
FRW.NZ,annual_depreciation_amortization_depletion_income_statement,1,0.0
FRW.NZ,annual_depreciation_and_amortization_in_income_statement,1,0.0
FRW.NZ,annual_depreciation_income_statement,1,0.0
FRW.NZ,annual_diluted_average_shares,1,0.0
FRW.NZ,annual_diluted_eps,1,0.0
FRW.NZ,annual_ebit,1,0.0
FRW.NZ,annual_ebitda,1,0.0
FRW.NZ,annual_general_and_administrative_expense,1,0.0
FRW.NZ,annual_interest_expense,1,0.0
FRW.NZ,annual_interest_income,1,0.0
FRW.NZ,annual_minority_interests,1,0.0
FRW.NZ,annual_net_income,1,0.0
FRW.NZ,annual_net_income_common_stockholders,1,0.0
FRW.NZ,annual_net_income_continuous_operations,1,0.0
FRW.NZ,annual_net_income_from_continuing_and_discontinued_operation,1,0.0
FRW.NZ,annual_net_income_from_continuing_operation_net_minority_interest,1,0.0
FRW.NZ,annual_net_income_including_noncontrolling_interests,1,0.0
FRW.NZ,annual_net_interest_income,1,0.0
FRW.NZ,annual_normalized_ebitda,1,0.0
FRW.NZ,annual_normalized_income,1,0.0
FRW.NZ,annual_other_gand_a,1,0.0
FRW.NZ,annual_other_non_operating_income_expenses,1,0.0
FRW.NZ,annual_pretax_income,1,0.0
FRW.NZ,annual_reconciled_depreciation,1,0.0
FRW.NZ,annual_rent_and_landing_fees,1,0.0
FRW.NZ,annual_salaries_and_wages,1,0.0
FRW.NZ,annual_selling_and_marketing_expense,1,0.0
FRW.NZ,annual_selling_general_and_administration,1,0.0
FRW.NZ,annual_special_income_charges,1,0.0
FRW.NZ,annual_tax_effect_of_unusual_items,2,365.0
FRW.NZ,annual_tax_provision,1,0.0
FRW.NZ,annual_tax_rate_for_calcs,1,0.0
FRW.NZ,annual_total_revenue,1,0.0
FRW.NZ,annual_total_unusual_items,1,0.0
FRW.NZ,annual_total_unusual_items_excluding_goodwill,1,0.0
FRW.NZ,close,5,7.0
FRW.NZ,dividend,3,189.0
FRW.NZ,high,9,12.0
FRW.NZ,low,6,7.0
FRW.NZ,open,8,11.0
FRW.NZ,trailing_amortization,1,0.0
FRW.NZ,trailing_amortization_of_intangibles_income_statement,1,0.0
FRW.NZ,trailing_basic_average_shares,1,0.0
FRW.NZ,trailing_basic_eps,1,0.0
FRW.NZ,trailing_depreciation_amortization_depletion_income_statement,1,0.0
FRW.NZ,trailing_depreciation_and_amortization_in_income_statement,1,0.0
FRW.NZ,trailing_depreciation_income_statement,1,0.0
FRW.NZ,trailing_diluted_average_shares,1,0.0
FRW.NZ,trailing_diluted_eps,1,0.0
FRW.NZ,trailing_ebit,1,0.0
FRW.NZ,trailing_ebitda,1,0.0
FRW.NZ,trailing_general_and_administrative_expense,1,0.0
FRW.NZ,trailing_impairment_of_capital_assets,1,0.0
FRW.NZ,trailing_interest_expense,1,0.0
FRW.NZ,trailing_interest_income,1,0.0
FRW.NZ,trailing_minority_interests,1,0.0
FRW.NZ,trailing_net_income,1,0.0
FRW.NZ,trailing_net_income_common_stockholders,1,0.0
FRW.NZ,trailing_net_income_continuous_operations,1,0.0
FRW.NZ,trailing_net_income_from_continuing_and_discontinued_operation,1,0.0
FRW.NZ,trailing_net_income_from_continuing_operation_net_minority_interest,1,0.0
FRW.NZ,trailing_net_income_including_noncontrolling_interests,1,0.0
FRW.NZ,trailing_net_interest_income,1,0.0
FRW.NZ,trailing_normalized_ebitda,1,0.0
FRW.NZ,trailing_normalized_income,1,0.0
FRW.NZ,trailing_other_gand_a,1,0.0
FRW.NZ,trailing_other_non_operating_income_expenses,1,0.0
FRW.NZ,trailing_reconciled_depreciation,1,0.0
FRW.NZ,trailing_rent_and_landing_fees,1,0.0
FRW.NZ,trailing_salaries_and_wages,1,0.0
FRW.NZ,trailing_selling_general_and_administration,1,0.0
FRW.NZ,trailing_special_income_charges,1,0.0
FRW.NZ,trailing_tax_effect_of_unusual_items,1,0.0
FRW.NZ,trailing_tax_provision,1,0.0
FRW.NZ,trailing_tax_rate_for_calcs,1,0.0
FRW.NZ,trailing_total_revenue,1,0.0
FRW.NZ,trailing_total_unusual_items,1,0.0
FRW.NZ,trailing_total_unusual_items_excluding_goodwill,1,0.0
FRW.NZ,volume,2,4.0
FSF.NZ,adj_close,6,7.0
FSF.NZ,annual_basic_average_shares,3,731.0
FSF.NZ,annual_basic_eps,4,1096.0
FSF.NZ,annual_diluted_average_shares,3,731.0
FSF.NZ,annual_diluted_eps,4,1096.0
FSF.NZ,annual_dividend_income,1,0.0
FSF.NZ,annual_fees_and_commissions,1,0.0
FSF.NZ,annual_feesand_commission_income,1,0.0
FSF.NZ,annual_general_and_administrative_expense,1,0.0
FSF.NZ,annual_incomefrom_associatesand_other_participating_interests,1,0.0
FSF.NZ,annual_interest_expense,1,0.0
FSF.NZ,annual_interest_income,1,0.0
FSF.NZ,annual_minority_interests,1,0.0
FSF.NZ,annual_net_income,1,0.0
FSF.NZ,annual_net_income_common_stockholders,1,0.0
FSF.NZ,annual_net_income_continuous_operations,1,0.0
FSF.NZ,annual_net_income_discontinuous_operations,1,0.0
FSF.NZ,annual_net_income_from_continuing_and_discontinued_operation,1,0.0
FSF.NZ,annual_net_income_from_continuing_operation_net_minority_interest,1,0.0
FSF.NZ,annual_net_income_including_noncontrolling_interests,1,0.0
FSF.NZ,annual_net_interest_income,1,0.0
FSF.NZ,annual_non_interest_expense,1,0.0
FSF.NZ,annual_non_interest_income,1,0.0
FSF.NZ,annual_normalized_income,1,0.0
FSF.NZ,annual_other_gand_a,1,0.0
FSF.NZ,annual_other_non_interest_expense,1,0.0
FSF.NZ,annual_other_non_interest_income,2,365.0
FSF.NZ,annual_other_non_operating_income_expenses,1,0.0
FSF.NZ,annual_pretax_income,1,0.0
FSF.NZ,annual_selling_and_marketing_expense,1,0.0
FSF.NZ,annual_selling_general_and_administration,1,0.0
FSF.NZ,annual_tax_effect_of_unusual_items,2,1096.0
FSF.NZ,annual_tax_provision,1,0.0
FSF.NZ,annual_tax_rate_for_calcs,1,0.0
FSF.NZ,annual_total_revenue,1,0.0
FSF.NZ,close,6,7.0
FSF.NZ,dividend,2,185.0
FSF.NZ,high,9,10.0
FSF.NZ,low,6,7.0
FSF.NZ,open,6,7.0
FSF.NZ,split,1,0.0
FSF.NZ,trailing_basic_average_shares,5,915.0
FSF.NZ,trailing_basic_eps,6,1645.0
FSF.NZ,trailing_diluted_average_shares,5,915.0
FSF.NZ,trailing_diluted_eps,6,1645.0
FSF.NZ,trailing_dividend_income,1,0.0
FSF.NZ,trailing_non_interest_income,1,0.0
FSF.NZ,trailing_other_non_interest_income,1,0.0
FSF.NZ,trailing_total_revenue,1,0.0
FSF.NZ,volume,3,2.0
FWL.NZ,adj_close,151,210.0
FWL.NZ,annual_basic_average_shares,4,1096.0
FWL.NZ,annual_basic_eps,1,0.0
FWL.NZ,annual_depreciation_amortization_depletion_income_statement,1,0.0
FWL.NZ,annual_depreciation_and_amortization_in_income_statement,1,0.0
FWL.NZ,annual_depreciation_income_statement,1,0.0
FWL.NZ,annual_diluted_average_shares,2,365.0
FWL.NZ,annual_diluted_eps,1,0.0
FWL.NZ,annual_ebit,1,0.0
FWL.NZ,annual_ebitda,1,0.0
FWL.NZ,annual_general_and_administrative_expense,1,0.0
FWL.NZ,annual_impairment_of_capital_assets,1,0.0
FWL.NZ,annual_interest_expense,1,0.0
FWL.NZ,annual_interest_income,1,0.0
FWL.NZ,annual_net_income,1,0.0
FWL.NZ,annual_net_income_common_stockholders,1,0.0
FWL.NZ,annual_net_income_continuous_operations,1,0.0
FWL.NZ,annual_net_income_from_continuing_and_discontinued_operation,1,0.0
FWL.NZ,annual_net_income_from_continuing_operation_net_minority_interest,1,0.0
FWL.NZ,annual_net_income_including_noncontrolling_interests,1,0.0
FWL.NZ,annual_net_interest_income,1,0.0
FWL.NZ,annual_normalized_ebitda,1,0.0
FWL.NZ,annual_normalized_income,1,0.0
FWL.NZ,annual_other_gand_a,1,0.0
FWL.NZ,annual_other_non_operating_income_expenses,1,0.0
FWL.NZ,annual_other_special_charges,1,0.0
FWL.NZ,annual_pretax_income,1,0.0
FWL.NZ,annual_reconciled_depreciation,1,0.0
FWL.NZ,annual_salaries_and_wages,1,0.0
FWL.NZ,annual_selling_and_marketing_expense,1,0.0
FWL.NZ,annual_selling_general_and_administration,1,0.0
FWL.NZ,annual_special_income_charges,1,0.0
FWL.NZ,annual_tax_effect_of_unusual_items,1,0.0
FWL.NZ,annual_tax_provision,1,0.0
FWL.NZ,annual_tax_rate_for_calcs,1,0.0
FWL.NZ,annual_total_revenue,1,0.0
FWL.NZ,annual_total_unusual_items,1,0.0
FWL.NZ,annual_total_unusual_items_excluding_goodwill,1,0.0
FWL.NZ,close,151,210.0
FWL.NZ,dividend,5,1477.0
FWL.NZ,high,151,210.0
FWL.NZ,low,151,210.0
FWL.NZ,open,151,210.0
FWL.NZ,trailing_basic_average_shares,5,915.0
FWL.NZ,trailing_basic_eps,1,0.0
FWL.NZ,trailing_depreciation_amortization_depletion_income_statement,1,0.0
FWL.NZ,trailing_depreciation_and_amortization_in_income_statement,1,0.0
FWL.NZ,trailing_depreciation_income_statement,1,0.0
FWL.NZ,trailing_diluted_average_shares,3,549.0
FWL.NZ,trailing_diluted_eps,1,0.0
FWL.NZ,trailing_ebit,1,0.0
FWL.NZ,trailing_ebitda,1,0.0
FWL.NZ,trailing_general_and_administrative_expense,1,0.0
FWL.NZ,trailing_impairment_of_capital_assets,1,0.0
FWL.NZ,trailing_interest_expense,1,0.0
FWL.NZ,trailing_interest_income,1,0.0
FWL.NZ,trailing_net_income,1,0.0
FWL.NZ,trailing_net_income_common_stockholders,1,0.0
FWL.NZ,trailing_net_income_continuous_operations,1,0.0
FWL.NZ,trailing_net_income_from_continuing_and_discontinued_operation,1,0.0
FWL.NZ,trailing_net_income_from_continuing_operation_net_minority_interest,1,0.0
FWL.NZ,trailing_net_income_including_noncontrolling_interests,1,0.0
FWL.NZ,trailing_net_interest_income,1,0.0
FWL.NZ,trailing_normalized_ebitda,1,0.0
FWL.NZ,trailing_normalized_income,1,0.0
FWL.NZ,trailing_other_gand_a,1,0.0
FWL.NZ,trailing_other_non_operating_income_expenses,1,0.0
FWL.NZ,trailing_other_special_charges,1,0.0
FWL.NZ,trailing_reconciled_depreciation,1,0.0
FWL.NZ,trailing_selling_and_marketing_expense,1,0.0
FWL.NZ,trailing_selling_general_and_administration,1,0.0
FWL.NZ,trailing_special_income_charges,1,0.0
FWL.NZ,trailing_tax_effect_of_unusual_items,1,0.0
FWL.NZ,trailing_tax_provision,1,0.0
FWL.NZ,trailing_tax_rate_for_calcs,1,0.0
FWL.NZ,trailing_total_revenue,1,0.0
FWL.NZ,trailing_total_unusual_items,1,0.0
FWL.NZ,trailing_total_unusual_items_excluding_goodwill,1,0.0
FWL.NZ,volume,128,179.0
GBF.NZ,adj_close,7,8.0
GBF.NZ,close,7,8.0
GBF.NZ,dividend,1,0.0
GBF.NZ,high,11,14.0
GBF.NZ,low,8,9.0
GBF.NZ,open,10,13.0
GBF.NZ,volume,36,55.0
GEN.NZ,adj_close,225,326.0
GEN.NZ,annual_amortization,1,0.0
GEN.NZ,annual_amortization_of_intangibles_income_statement,1,0.0
GEN.NZ,annual_basic_average_shares,1,0.0
GEN.NZ,annual_basic_eps,1,0.0
GEN.NZ,annual_depreciation_amortization_depletion_income_statement,1,0.0
GEN.NZ,annual_depreciation_and_amortization_in_income_statement,1,0.0
GEN.NZ,annual_depreciation_income_statement,1,0.0
GEN.NZ,annual_diluted_average_shares,1,0.0
GEN.NZ,annual_diluted_eps,1,0.0
GEN.NZ,annual_ebit,1,0.0
GEN.NZ,annual_ebitda,1,0.0
GEN.NZ,annual_general_and_administrative_expense,1,0.0
GEN.NZ,annual_interest_expense,1,0.0
GEN.NZ,annual_interest_income,1,0.0
GEN.NZ,annual_net_income,1,0.0
GEN.NZ,annual_net_income_common_stockholders,1,0.0
GEN.NZ,annual_net_income_continuous_operations,1,0.0
GEN.NZ,annual_net_income_from_continuing_and_discontinued_operation,1,0.0
GEN.NZ,annual_net_income_from_continuing_operation_net_minority_interest,1,0.0
GEN.NZ,annual_net_income_including_noncontrolling_interests,1,0.0
GEN.NZ,annual_net_interest_income,1,0.0
GEN.NZ,annual_normalized_ebitda,1,0.0
GEN.NZ,annual_normalized_income,1,0.0
GEN.NZ,annual_other_non_operating_income_expenses,1,0.0
GEN.NZ,annual_pretax_income,1,0.0
GEN.NZ,annual_reconciled_depreciation,1,0.0
GEN.NZ,annual_rent_and_landing_fees,1,0.0
GEN.NZ,annual_salaries_and_wages,1,0.0
GEN.NZ,annual_selling_general_and_administration,1,0.0
GEN.NZ,annual_tax_effect_of_unusual_items,4,1096.0
GEN.NZ,annual_tax_provision,1,0.0
GEN.NZ,annual_tax_rate_for_calcs,1,0.0
GEN.NZ,annual_total_revenue,1,0.0
GEN.NZ,close,225,326.0
GEN.NZ,dividend,1,0.0
GEN.NZ,high,225,326.0
GEN.NZ,low,225,326.0
GEN.NZ,open,225,326.0
GEN.NZ,split,1,0.0
GEN.NZ,trailing_amortization,1,0.0
GEN.NZ,trailing_amortization_of_intangibles_income_statement,1,0.0
GEN.NZ,trailing_basic_average_shares,1,0.0
GEN.NZ,trailing_basic_eps,1,0.0
GEN.NZ,trailing_depreciation_amortization_depletion_income_statement,1,0.0
GEN.NZ,trailing_depreciation_and_amortization_in_income_statement,1,0.0
GEN.NZ,trailing_depreciation_income_statement,1,0.0
GEN.NZ,trailing_diluted_average_shares,1,0.0
GEN.NZ,trailing_diluted_eps,1,0.0
GEN.NZ,trailing_ebit,1,0.0
GEN.NZ,trailing_ebitda,1,0.0
GEN.NZ,trailing_general_and_administrative_expense,1,0.0
GEN.NZ,trailing_interest_expense,1,0.0
GEN.NZ,trailing_interest_income,1,0.0
GEN.NZ,trailing_net_income,1,0.0
GEN.NZ,trailing_net_income_common_stockholders,1,0.0
GEN.NZ,trailing_net_income_continuous_operations,1,0.0
GEN.NZ,trailing_net_income_from_continuing_and_discontinued_operation,1,0.0
GEN.NZ,trailing_net_income_from_continuing_operation_net_minority_interest,1,0.0
GEN.NZ,trailing_net_income_including_noncontrolling_interests,1,0.0
GEN.NZ,trailing_net_interest_income,1,0.0
GEN.NZ,trailing_normalized_ebitda,1,0.0
GEN.NZ,trailing_normalized_income,1,0.0
GEN.NZ,trailing_other_non_operating_income_expenses,1,0.0
GEN.NZ,trailing_reconciled_depreciation,1,0.0
GEN.NZ,trailing_rent_and_landing_fees,1,0.0
GEN.NZ,trailing_salaries_and_wages,1,0.0
GEN.NZ,trailing_selling_general_and_administration,1,0.0
GEN.NZ,trailing_tax_effect_of_unusual_items,1,0.0
GEN.NZ,trailing_tax_provision,1,0.0
GEN.NZ,trailing_tax_rate_for_calcs,1,0.0
GEN.NZ,trailing_total_revenue,1,0.0
GEN.NZ,volume,224,325.0
GGB.NZ,adj_close,3,3.0
GGB.NZ,close,3,3.0
GGB.NZ,dividend,1,0.0
GGB.NZ,high,3,3.0
GGB.NZ,low,3,4.0
GGB.NZ,open,3,4.0
GGB.NZ,volume,2,2.0
GLD.NZ,adj_close,2,1.0
GLD.NZ,close,2,1.0
GLD.NZ,dividend,1,0.0
GLD.NZ,high,4,5.0
GLD.NZ,low,2,3.0
GLD.NZ,open,4,5.0
GLD.NZ,volume,1,0.0
GMT.NZ,adj_close,19,26.0
GMT.NZ,annual_basic_average_shares,1,0.0
GMT.NZ,annual_basic_eps,1,0.0
GMT.NZ,annual_diluted_average_shares,1,0.0
GMT.NZ,annual_diluted_eps,1,0.0
GMT.NZ,annual_ebit,1,0.0
GMT.NZ,annual_ebitda,1,0.0
GMT.NZ,annual_general_and_administrative_expense,1,0.0
GMT.NZ,annual_interest_expense,1,0.0
GMT.NZ,annual_interest_income,2,365.0
GMT.NZ,annual_net_income,1,0.0
GMT.NZ,annual_net_income_common_stockholders,1,0.0
GMT.NZ,annual_net_income_continuous_operations,1,0.0
GMT.NZ,annual_net_income_from_continuing_and_discontinued_operation,1,0.0
GMT.NZ,annual_net_income_from_continuing_operation_net_minority_interest,1,0.0
GMT.NZ,annual_net_income_including_noncontrolling_interests,1,0.0
GMT.NZ,annual_net_interest_income,1,0.0
GMT.NZ,annual_normalized_ebitda,1,0.0
GMT.NZ,annual_normalized_income,1,0.0
GMT.NZ,annual_other_gand_a,1,0.0
GMT.NZ,annual_other_non_operating_income_expenses,1,0.0
GMT.NZ,annual_pretax_income,1,0.0
GMT.NZ,annual_selling_general_and_administration,1,0.0
GMT.NZ,annual_tax_effect_of_unusual_items,3,731.0
GMT.NZ,annual_tax_provision,1,0.0
GMT.NZ,annual_tax_rate_for_calcs,1,0.0
GMT.NZ,annual_total_revenue,1,0.0
GMT.NZ,close,19,26.0
GMT.NZ,dividend,11,923.0
GMT.NZ,high,19,26.0
GMT.NZ,low,19,28.0
GMT.NZ,open,19,26.0
GMT.NZ,trailing_basic_average_shares,1,0.0
GMT.NZ,trailing_basic_eps,1,0.0
GMT.NZ,trailing_diluted_average_shares,1,0.0
GMT.NZ,trailing_diluted_eps,1,0.0
GMT.NZ,trailing_ebit,1,0.0
GMT.NZ,trailing_ebitda,1,0.0
GMT.NZ,trailing_general_and_administrative_expense,1,0.0
GMT.NZ,trailing_interest_expense,1,0.0
GMT.NZ,trailing_interest_income,1,0.0
GMT.NZ,trailing_net_income,1,0.0
GMT.NZ,trailing_net_income_common_stockholders,1,0.0
GMT.NZ,trailing_net_income_continuous_operations,1,0.0
GMT.NZ,trailing_net_income_from_continuing_and_discontinued_operation,1,0.0
GMT.NZ,trailing_net_income_from_continuing_operation_net_minority_interest,1,0.0
GMT.NZ,trailing_net_income_including_noncontrolling_interests,1,0.0
GMT.NZ,trailing_net_interest_income,1,0.0
GMT.NZ,trailing_normalized_ebitda,1,0.0
GMT.NZ,trailing_normalized_income,1,0.0
GMT.NZ,trailing_other_gand_a,1,0.0
GMT.NZ,trailing_other_non_operating_income_expenses,1,0.0
GMT.NZ,trailing_salaries_and_wages,1,0.0
GMT.NZ,trailing_selling_general_and_administration,1,0.0
GMT.NZ,trailing_tax_effect_of_unusual_items,1,0.0
GMT.NZ,trailing_tax_provision,1,0.0
GMT.NZ,trailing_tax_rate_for_calcs,1,0.0
GMT.NZ,trailing_total_revenue,1,0.0
GMT.NZ,volume,18,25.0
GMT.NZ,wiki_views,26,107.0
GMT.NZ,wiki_views_desktop,17,69.0
GMT.NZ,wiki_views_mobile,47,185.0
GNE.NZ,adj_close,6,8.0
GNE.NZ,annual_amortization,1,0.0
GNE.NZ,annual_amortization_of_intangibles_income_statement,1,0.0
GNE.NZ,annual_basic_average_shares,1,0.0
GNE.NZ,annual_basic_eps,1,0.0
GNE.NZ,annual_depreciation_amortization_depletion_income_statement,1,0.0
GNE.NZ,annual_depreciation_and_amortization_in_income_statement,1,0.0
GNE.NZ,annual_depreciation_income_statement,1,0.0
GNE.NZ,annual_diluted_average_shares,1,0.0
GNE.NZ,annual_diluted_eps,1,0.0
GNE.NZ,annual_ebit,1,0.0
GNE.NZ,annual_ebitda,1,0.0
GNE.NZ,annual_general_and_administrative_expense,1,0.0
GNE.NZ,annual_impairment_of_capital_assets,1,0.0
GNE.NZ,annual_interest_expense,1,0.0
GNE.NZ,annual_interest_income,1,0.0
GNE.NZ,annual_net_income,1,0.0
GNE.NZ,annual_net_income_common_stockholders,1,0.0
GNE.NZ,annual_net_income_continuous_operations,1,0.0
GNE.NZ,annual_net_income_from_continuing_and_discontinued_operation,1,0.0
GNE.NZ,annual_net_income_from_continuing_operation_net_minority_interest,1,0.0
GNE.NZ,annual_net_income_including_noncontrolling_interests,1,0.0
GNE.NZ,annual_net_interest_income,1,0.0
GNE.NZ,annual_normalized_ebitda,1,0.0
GNE.NZ,annual_normalized_income,1,0.0
GNE.NZ,annual_other_gand_a,1,0.0
GNE.NZ,annual_other_non_operating_income_expenses,1,0.0
GNE.NZ,annual_pretax_income,1,0.0
GNE.NZ,annual_reconciled_depreciation,1,0.0
GNE.NZ,annual_salaries_and_wages,1,0.0
GNE.NZ,annual_selling_general_and_administration,1,0.0
GNE.NZ,annual_special_income_charges,1,0.0
GNE.NZ,annual_tax_effect_of_unusual_items,1,0.0
GNE.NZ,annual_tax_provision,1,0.0
GNE.NZ,annual_tax_rate_for_calcs,1,0.0
GNE.NZ,annual_total_revenue,1,0.0
GNE.NZ,annual_total_unusual_items,1,0.0
GNE.NZ,annual_total_unusual_items_excluding_goodwill,1,0.0
GNE.NZ,close,6,8.0
GNE.NZ,dividend,3,363.0
GNE.NZ,high,6,7.0
GNE.NZ,low,5,6.0
GNE.NZ,open,4,6.0
GNE.NZ,split,1,0.0
GNE.NZ,trailing_amortization,1,0.0
GNE.NZ,trailing_amortization_of_intangibles_income_statement,1,0.0
GNE.NZ,trailing_basic_average_shares,1,0.0
GNE.NZ,trailing_basic_eps,1,0.0
GNE.NZ,trailing_depreciation_amortization_depletion_income_statement,1,0.0
GNE.NZ,trailing_depreciation_and_amortization_in_income_statement,1,0.0
GNE.NZ,trailing_depreciation_income_statement,1,0.0
GNE.NZ,trailing_diluted_average_shares,1,0.0
GNE.NZ,trailing_diluted_eps,1,0.0
GNE.NZ,trailing_ebit,1,0.0
GNE.NZ,trailing_ebitda,1,0.0
GNE.NZ,trailing_general_and_administrative_expense,1,0.0
GNE.NZ,trailing_impairment_of_capital_assets,1,0.0
GNE.NZ,trailing_interest_expense,1,0.0
GNE.NZ,trailing_interest_income,1,0.0
GNE.NZ,trailing_net_income,1,0.0
GNE.NZ,trailing_net_income_common_stockholders,1,0.0
GNE.NZ,trailing_net_income_continuous_operations,1,0.0
GNE.NZ,trailing_net_income_from_continuing_and_discontinued_operation,1,0.0
GNE.NZ,trailing_net_income_from_continuing_operation_net_minority_interest,1,0.0
GNE.NZ,trailing_net_income_including_noncontrolling_interests,1,0.0
GNE.NZ,trailing_net_interest_income,1,0.0
GNE.NZ,trailing_normalized_ebitda,1,0.0
GNE.NZ,trailing_normalized_income,1,0.0
GNE.NZ,trailing_other_non_operating_income_expenses,1,0.0
GNE.NZ,trailing_reconciled_depreciation,1,0.0
GNE.NZ,trailing_salaries_and_wages,1,0.0
GNE.NZ,trailing_selling_general_and_administration,1,0.0
GNE.NZ,trailing_special_income_charges,1,0.0
GNE.NZ,trailing_tax_effect_of_unusual_items,1,0.0
GNE.NZ,trailing_tax_provision,1,0.0
GNE.NZ,trailing_tax_rate_for_calcs,1,0.0
GNE.NZ,trailing_total_revenue,1,0.0
GNE.NZ,trailing_total_unusual_items,1,0.0
GNE.NZ,trailing_total_unusual_items_excluding_goodwill,1,0.0
GNE.NZ,volume,2,4.0
GNE.NZ,wiki_views,3,2.0
GNE.NZ,wiki_views_desktop,3,2.0
GNE.NZ,wiki_views_mobile,4,3.0
GPR.NZ,adj_close,2,3.0
GPR.NZ,close,2,3.0
GPR.NZ,dividend,1,0.0
GPR.NZ,high,3,3.0
GPR.NZ,low,2,3.0
GPR.NZ,open,3,6.0
GPR.NZ,volume,2,1.0
GTK.NZ,adj_close,10,13.0
GTK.NZ,annual_amortization,1,0.0
GTK.NZ,annual_amortization_of_intangibles_income_statement,1,0.0
GTK.NZ,annual_basic_average_shares,1,0.0
GTK.NZ,annual_basic_eps,1,0.0
GTK.NZ,annual_depreciation_amortization_depletion_income_statement,1,0.0
GTK.NZ,annual_depreciation_and_amortization_in_income_statement,1,0.0
GTK.NZ,annual_depreciation_income_statement,1,0.0
GTK.NZ,annual_diluted_average_shares,1,0.0
GTK.NZ,annual_diluted_eps,1,0.0
GTK.NZ,annual_ebit,1,0.0
GTK.NZ,annual_ebitda,1,0.0
GTK.NZ,annual_general_and_administrative_expense,1,0.0
GTK.NZ,annual_interest_expense,1,0.0
GTK.NZ,annual_interest_income,1,0.0
GTK.NZ,annual_net_income,1,0.0
GTK.NZ,annual_net_income_common_stockholders,1,0.0
GTK.NZ,annual_net_income_continuous_operations,1,0.0
GTK.NZ,annual_net_income_from_continuing_and_discontinued_operation,1,0.0
GTK.NZ,annual_net_income_from_continuing_operation_net_minority_interest,1,0.0
GTK.NZ,annual_net_income_including_noncontrolling_interests,1,0.0
GTK.NZ,annual_net_interest_income,1,0.0
GTK.NZ,annual_normalized_ebitda,1,0.0
GTK.NZ,annual_normalized_income,1,0.0
GTK.NZ,annual_other_gand_a,1,0.0
GTK.NZ,annual_other_non_operating_income_expenses,1,0.0
GTK.NZ,annual_pretax_income,1,0.0
GTK.NZ,annual_reconciled_depreciation,1,0.0
GTK.NZ,annual_salaries_and_wages,1,0.0
GTK.NZ,annual_selling_and_marketing_expense,1,0.0
GTK.NZ,annual_selling_general_and_administration,1,0.0
GTK.NZ,annual_tax_effect_of_unusual_items,4,1096.0
GTK.NZ,annual_tax_provision,1,0.0
GTK.NZ,annual_tax_rate_for_calcs,1,0.0
GTK.NZ,annual_total_revenue,1,0.0
GTK.NZ,close,10,13.0
GTK.NZ,dividend,1,0.0
GTK.NZ,high,10,13.0
GTK.NZ,low,10,11.0
GTK.NZ,open,6,9.0
GTK.NZ,trailing_amortization,1,0.0
GTK.NZ,trailing_amortization_of_intangibles_income_statement,1,0.0
GTK.NZ,trailing_basic_average_shares,1,0.0
GTK.NZ,trailing_basic_eps,1,0.0
GTK.NZ,trailing_depreciation_amortization_depletion_income_statement,1,0.0
GTK.NZ,trailing_depreciation_and_amortization_in_income_statement,1,0.0
GTK.NZ,trailing_depreciation_income_statement,1,0.0
GTK.NZ,trailing_diluted_average_shares,1,0.0
GTK.NZ,trailing_diluted_eps,1,0.0
GTK.NZ,trailing_ebit,1,0.0
GTK.NZ,trailing_ebitda,1,0.0
GTK.NZ,trailing_general_and_administrative_expense,1,0.0
GTK.NZ,trailing_interest_expense,1,0.0
GTK.NZ,trailing_interest_income,1,0.0
GTK.NZ,trailing_net_income,1,0.0
GTK.NZ,trailing_net_income_common_stockholders,1,0.0
GTK.NZ,trailing_net_income_continuous_operations,1,0.0
GTK.NZ,trailing_net_income_from_continuing_and_discontinued_operation,1,0.0
GTK.NZ,trailing_net_income_from_continuing_operation_net_minority_interest,1,0.0
GTK.NZ,trailing_net_income_including_noncontrolling_interests,1,0.0
GTK.NZ,trailing_net_interest_income,1,0.0
GTK.NZ,trailing_normalized_ebitda,1,0.0
GTK.NZ,trailing_normalized_income,1,0.0
GTK.NZ,trailing_other_gand_a,1,0.0
GTK.NZ,trailing_other_non_operating_income_expenses,1,0.0
GTK.NZ,trailing_reconciled_depreciation,1,0.0
GTK.NZ,trailing_salaries_and_wages,1,0.0
GTK.NZ,trailing_selling_and_marketing_expense,1,0.0
GTK.NZ,trailing_selling_general_and_administration,1,0.0
GTK.NZ,trailing_tax_effect_of_unusual_items,1,0.0
GTK.NZ,trailing_tax_provision,1,0.0
GTK.NZ,trailing_tax_rate_for_calcs,1,0.0
GTK.NZ,trailing_total_revenue,1,0.0
GTK.NZ,volume,2,4.0
GXH.NZ,adj_close,87,125.0
GXH.NZ,annual_amortization,1,0.0
GXH.NZ,annual_amortization_of_intangibles_income_statement,1,0.0
GXH.NZ,annual_basic_average_shares,1,0.0
GXH.NZ,annual_basic_eps,1,0.0
GXH.NZ,annual_depreciation_amortization_depletion_income_statement,1,0.0
GXH.NZ,annual_depreciation_and_amortization_in_income_statement,1,0.0
GXH.NZ,annual_depreciation_income_statement,1,0.0
GXH.NZ,annual_diluted_average_shares,1,0.0
GXH.NZ,annual_diluted_eps,1,0.0
GXH.NZ,annual_ebit,1,0.0
GXH.NZ,annual_ebitda,1,0.0
GXH.NZ,annual_general_and_administrative_expense,1,0.0
GXH.NZ,annual_impairment_of_capital_assets,1,0.0
GXH.NZ,annual_interest_expense,1,0.0
GXH.NZ,annual_interest_income,1,0.0
GXH.NZ,annual_minority_interests,1,0.0
GXH.NZ,annual_net_income,1,0.0
GXH.NZ,annual_net_income_common_stockholders,1,0.0
GXH.NZ,annual_net_income_continuous_operations,1,0.0
GXH.NZ,annual_net_income_discontinuous_operations,1,0.0
GXH.NZ,annual_net_income_from_continuing_and_discontinued_operation,1,0.0
GXH.NZ,annual_net_income_from_continuing_operation_net_minority_interest,1,0.0
GXH.NZ,annual_net_income_including_noncontrolling_interests,1,0.0
GXH.NZ,annual_net_interest_income,1,0.0
GXH.NZ,annual_normalized_ebitda,1,0.0
GXH.NZ,annual_normalized_income,1,0.0
GXH.NZ,annual_other_non_operating_income_expenses,1,0.0
GXH.NZ,annual_pretax_income,1,0.0
GXH.NZ,annual_reconciled_depreciation,1,0.0
GXH.NZ,annual_rent_and_landing_fees,1,0.0
GXH.NZ,annual_salaries_and_wages,1,0.0
GXH.NZ,annual_selling_general_and_administration,1,0.0
GXH.NZ,annual_special_income_charges,1,0.0
GXH.NZ,annual_tax_effect_of_unusual_items,1,0.0
GXH.NZ,annual_tax_provision,1,0.0
GXH.NZ,annual_tax_rate_for_calcs,1,0.0
GXH.NZ,annual_total_revenue,1,0.0
GXH.NZ,annual_total_unusual_items,1,0.0
GXH.NZ,annual_total_unusual_items_excluding_goodwill,1,0.0
GXH.NZ,close,87,125.0
GXH.NZ,dividend,9,1467.0
GXH.NZ,high,87,125.0
GXH.NZ,low,87,125.0
GXH.NZ,open,87,125.0
GXH.NZ,split,1,0.0
GXH.NZ,trailing_amortization,1,0.0
GXH.NZ,trailing_amortization_of_intangibles_income_statement,1,0.0
GXH.NZ,trailing_basic_average_shares,1,0.0
GXH.NZ,trailing_basic_eps,1,0.0
GXH.NZ,trailing_depreciation_amortization_depletion_income_statement,1,0.0
GXH.NZ,trailing_depreciation_and_amortization_in_income_statement,1,0.0
GXH.NZ,trailing_depreciation_income_statement,1,0.0
GXH.NZ,trailing_diluted_average_shares,1,0.0
GXH.NZ,trailing_diluted_eps,1,0.0
GXH.NZ,trailing_ebit,1,0.0
GXH.NZ,trailing_ebitda,1,0.0
GXH.NZ,trailing_general_and_administrative_expense,1,0.0
GXH.NZ,trailing_impairment_of_capital_assets,1,0.0
GXH.NZ,trailing_interest_expense,1,0.0
GXH.NZ,trailing_interest_income,1,0.0
GXH.NZ,trailing_minority_interests,1,0.0
GXH.NZ,trailing_net_income,1,0.0
GXH.NZ,trailing_net_income_common_stockholders,1,0.0
GXH.NZ,trailing_net_income_continuous_operations,1,0.0
GXH.NZ,trailing_net_income_from_continuing_and_discontinued_operation,1,0.0
GXH.NZ,trailing_net_income_from_continuing_operation_net_minority_interest,1,0.0
GXH.NZ,trailing_net_income_including_noncontrolling_interests,1,0.0
GXH.NZ,trailing_net_interest_income,1,0.0
GXH.NZ,trailing_normalized_ebitda,1,0.0
GXH.NZ,trailing_normalized_income,1,0.0
GXH.NZ,trailing_reconciled_depreciation,1,0.0
GXH.NZ,trailing_rent_and_landing_fees,1,0.0
GXH.NZ,trailing_salaries_and_wages,1,0.0
GXH.NZ,trailing_selling_general_and_administration,1,0.0
GXH.NZ,trailing_special_income_charges,1,0.0
GXH.NZ,trailing_tax_effect_of_unusual_items,1,0.0
GXH.NZ,trailing_tax_provision,1,0.0
GXH.NZ,trailing_tax_rate_for_calcs,1,0.0
GXH.NZ,trailing_total_revenue,1,0.0
GXH.NZ,trailing_total_unusual_items,1,0.0
GXH.NZ,trailing_total_unusual_items_excluding_goodwill,1,0.0
GXH.NZ,volume,49,70.0
HFL.NZ,adj_close,22,30.0
HFL.NZ,annual_diluted_niavailto_com_stockholders,1,0.0
HFL.NZ,annual_dividend_income,1,0.0
HFL.NZ,annual_fees_and_commissions,1,0.0
HFL.NZ,annual_feesand_commission_expense,1,0.0
HFL.NZ,annual_gain_on_sale_of_security,1,0.0
HFL.NZ,annual_general_and_administrative_expense,1,0.0
HFL.NZ,annual_interest_expense,1,0.0
HFL.NZ,annual_interest_income,1,0.0
HFL.NZ,annual_net_income,1,0.0
HFL.NZ,annual_net_income_common_stockholders,1,0.0
HFL.NZ,annual_net_income_continuous_operations,1,0.0
HFL.NZ,annual_net_income_from_continuing_and_discontinued_operation,1,0.0
HFL.NZ,annual_net_income_from_continuing_operation_net_minority_interest,1,0.0
HFL.NZ,annual_net_income_including_noncontrolling_interests,1,0.0
HFL.NZ,annual_net_interest_income,1,0.0
HFL.NZ,annual_non_interest_income,1,0.0
HFL.NZ,annual_normalized_income,1,0.0
HFL.NZ,annual_pretax_income,1,0.0
HFL.NZ,annual_selling_and_marketing_expense,1,0.0
HFL.NZ,annual_selling_general_and_administration,1,0.0
HFL.NZ,annual_tax_effect_of_unusual_items,4,1096.0
HFL.NZ,annual_tax_provision,1,0.0
HFL.NZ,annual_tax_rate_for_calcs,1,0.0
HFL.NZ,annual_total_revenue,1,0.0
HFL.NZ,close,22,30.0
HFL.NZ,dividend,1,0.0
HFL.NZ,high,22,30.0
HFL.NZ,low,22,30.0
HFL.NZ,open,29,38.0
HFL.NZ,trailing_diluted_niavailto_com_stockholders,1,0.0
HFL.NZ,trailing_fees_and_commissions,1,0.0
HFL.NZ,trailing_feesand_commission_expense,1,0.0
HFL.NZ,trailing_gain_on_sale_of_security,1,0.0
HFL.NZ,trailing_general_and_administrative_expense,1,0.0
HFL.NZ,trailing_interest_expense,1,0.0
HFL.NZ,trailing_interest_income,1,0.0
HFL.NZ,trailing_net_income,1,0.0
HFL.NZ,trailing_net_income_common_stockholders,1,0.0
HFL.NZ,trailing_net_income_continuous_operations,1,0.0
HFL.NZ,trailing_net_income_from_continuing_and_discontinued_operation,1,0.0
HFL.NZ,trailing_net_income_from_continuing_operation_net_minority_interest,1,0.0
HFL.NZ,trailing_net_income_including_noncontrolling_interests,1,0.0
HFL.NZ,trailing_net_interest_income,1,0.0
HFL.NZ,trailing_non_interest_income,1,0.0
HFL.NZ,trailing_normalized_income,1,0.0
HFL.NZ,trailing_selling_and_marketing_expense,1,0.0
HFL.NZ,trailing_selling_general_and_administration,1,0.0
HFL.NZ,trailing_tax_effect_of_unusual_items,1,0.0
HFL.NZ,trailing_tax_provision,1,0.0
HFL.NZ,trailing_tax_rate_for_calcs,1,0.0
HFL.NZ,trailing_total_revenue,1,0.0
HFL.NZ,volume,18,23.0
HGH.NZ,adj_close,5,7.0
HGH.NZ,annual_amortization,1,0.0
HGH.NZ,annual_amortization_of_intangibles_income_statement,1,0.0
HGH.NZ,annual_basic_average_shares,1,0.0
HGH.NZ,annual_basic_eps,1,0.0
HGH.NZ,annual_credit_losses_provision,1,0.0
HGH.NZ,annual_depreciation_amortization_depletion_income_statement,1,0.0
HGH.NZ,annual_depreciation_and_amortization_in_income_statement,1,0.0
HGH.NZ,annual_depreciation_income_statement,1,0.0
HGH.NZ,annual_diluted_average_shares,1,0.0
HGH.NZ,annual_diluted_eps,1,0.0
HGH.NZ,annual_fees_and_commissions,1,0.0
HGH.NZ,annual_feesand_commission_income,1,0.0
HGH.NZ,annual_foreign_exchange_trading_gains,1,0.0
HGH.NZ,annual_general_and_administrative_expense,1,0.0
HGH.NZ,annual_interest_expense,1,0.0
HGH.NZ,annual_interest_income,1,0.0
HGH.NZ,annual_net_income,1,0.0
HGH.NZ,annual_net_income_common_stockholders,1,0.0
HGH.NZ,annual_net_income_continuous_operations,1,0.0
HGH.NZ,annual_net_income_from_continuing_and_discontinued_operation,1,0.0
HGH.NZ,annual_net_income_from_continuing_operation_net_minority_interest,1,0.0
HGH.NZ,annual_net_income_including_noncontrolling_interests,1,0.0
HGH.NZ,annual_net_interest_income,1,0.0
HGH.NZ,annual_net_occupancy_expense,1,0.0
HGH.NZ,annual_non_interest_expense,1,0.0
HGH.NZ,annual_non_interest_income,1,0.0
HGH.NZ,annual_normalized_income,1,0.0
HGH.NZ,annual_occupancy_and_equipment,1,0.0
HGH.NZ,annual_other_non_interest_expense,1,0.0
HGH.NZ,annual_other_non_interest_income,1,0.0
HGH.NZ,annual_other_non_operating_income_expenses,1,0.0
HGH.NZ,annual_pretax_income,1,0.0
HGH.NZ,annual_professional_expense_and_contract_services_expense,1,0.0
HGH.NZ,annual_reconciled_depreciation,1,0.0
HGH.NZ,annual_salaries_and_wages,1,0.0
HGH.NZ,annual_selling_general_and_administration,1,0.0
HGH.NZ,annual_tax_effect_of_unusual_items,4,1096.0
HGH.NZ,annual_tax_provision,1,0.0
HGH.NZ,annual_tax_rate_for_calcs,1,0.0
HGH.NZ,annual_total_revenue,1,0.0
HGH.NZ,close,5,7.0
HGH.NZ,dividend,3,371.0
HGH.NZ,high,10,13.0
HGH.NZ,low,10,14.0
HGH.NZ,open,5,6.0
HGH.NZ,trailing_amortization,1,0.0
HGH.NZ,trailing_amortization_of_intangibles_income_statement,1,0.0
HGH.NZ,trailing_basic_average_shares,1,0.0
HGH.NZ,trailing_basic_eps,1,0.0
HGH.NZ,trailing_credit_losses_provision,1,0.0
HGH.NZ,trailing_depreciation_amortization_depletion_income_statement,1,0.0
HGH.NZ,trailing_depreciation_and_amortization_in_income_statement,1,0.0
HGH.NZ,trailing_depreciation_income_statement,1,0.0
HGH.NZ,trailing_diluted_average_shares,1,0.0
HGH.NZ,trailing_diluted_eps,1,0.0
HGH.NZ,trailing_fees_and_commissions,1,0.0
HGH.NZ,trailing_feesand_commission_income,1,0.0
HGH.NZ,trailing_foreign_exchange_trading_gains,1,0.0
HGH.NZ,trailing_general_and_administrative_expense,1,0.0
HGH.NZ,trailing_interest_expense,1,0.0
HGH.NZ,trailing_interest_income,1,0.0
HGH.NZ,trailing_net_income,1,0.0
HGH.NZ,trailing_net_income_common_stockholders,1,0.0
HGH.NZ,trailing_net_income_continuous_operations,1,0.0
HGH.NZ,trailing_net_income_from_continuing_and_discontinued_operation,1,0.0
HGH.NZ,trailing_net_income_from_continuing_operation_net_minority_interest,1,0.0
HGH.NZ,trailing_net_income_including_noncontrolling_interests,1,0.0
HGH.NZ,trailing_net_interest_income,1,0.0
HGH.NZ,trailing_net_occupancy_expense,1,0.0
HGH.NZ,trailing_non_interest_expense,1,0.0
HGH.NZ,trailing_non_interest_income,1,0.0
HGH.NZ,trailing_normalized_income,1,0.0
HGH.NZ,trailing_occupancy_and_equipment,1,0.0
HGH.NZ,trailing_other_non_interest_expense,1,0.0
HGH.NZ,trailing_other_non_interest_income,1,0.0
HGH.NZ,trailing_other_non_operating_income_expenses,1,0.0
HGH.NZ,trailing_professional_expense_and_contract_services_expense,1,0.0
HGH.NZ,trailing_reconciled_depreciation,1,0.0
HGH.NZ,trailing_salaries_and_wages,1,0.0
HGH.NZ,trailing_selling_general_and_administration,1,0.0
HGH.NZ,trailing_tax_effect_of_unusual_items,1,0.0
HGH.NZ,trailing_tax_provision,1,0.0
HGH.NZ,trailing_tax_rate_for_calcs,1,0.0
HGH.NZ,trailing_total_revenue,1,0.0
HGH.NZ,volume,2,1.0
HLG.NZ,adj_close,7,8.0
HLG.NZ,annual_amortization,1,0.0
HLG.NZ,annual_amortization_of_intangibles_income_statement,1,0.0
HLG.NZ,annual_basic_average_shares,3,731.0
HLG.NZ,annual_basic_eps,1,0.0
HLG.NZ,annual_depreciation_amortization_depletion_income_statement,1,0.0
HLG.NZ,annual_depreciation_and_amortization_in_income_statement,1,0.0
HLG.NZ,annual_depreciation_income_statement,1,0.0
HLG.NZ,annual_diluted_average_shares,2,366.0
HLG.NZ,annual_diluted_eps,1,0.0
HLG.NZ,annual_ebit,1,0.0
HLG.NZ,annual_ebitda,1,0.0
HLG.NZ,annual_general_and_administrative_expense,1,0.0
HLG.NZ,annual_interest_income,1,0.0
HLG.NZ,annual_net_income,1,0.0
HLG.NZ,annual_net_income_common_stockholders,1,0.0
HLG.NZ,annual_net_income_continuous_operations,1,0.0
HLG.NZ,annual_net_income_from_continuing_and_discontinued_operation,1,0.0
HLG.NZ,annual_net_income_from_continuing_operation_net_minority_interest,1,0.0
HLG.NZ,annual_net_income_including_noncontrolling_interests,1,0.0
HLG.NZ,annual_net_interest_income,1,0.0
HLG.NZ,annual_normalized_ebitda,1,0.0
HLG.NZ,annual_normalized_income,1,0.0
HLG.NZ,annual_other_gand_a,1,0.0
HLG.NZ,annual_other_non_operating_income_expenses,1,0.0
HLG.NZ,annual_pretax_income,1,0.0
HLG.NZ,annual_reconciled_depreciation,1,0.0
HLG.NZ,annual_selling_and_marketing_expense,1,0.0
HLG.NZ,annual_selling_general_and_administration,1,0.0
HLG.NZ,annual_tax_effect_of_unusual_items,3,731.0
HLG.NZ,annual_tax_provision,1,0.0
HLG.NZ,annual_tax_rate_for_calcs,1,0.0
HLG.NZ,annual_total_revenue,1,0.0
HLG.NZ,close,7,8.0
HLG.NZ,dividend,4,489.0
HLG.NZ,high,10,13.0
HLG.NZ,low,7,8.0
HLG.NZ,open,6,7.0
HLG.NZ,trailing_basic_average_shares,4,549.0
HLG.NZ,trailing_basic_eps,1,0.0
HLG.NZ,trailing_depreciation_amortization_depletion_income_statement,1,0.0
HLG.NZ,trailing_depreciation_and_amortization_in_income_statement,1,0.0
HLG.NZ,trailing_depreciation_income_statement,1,0.0
HLG.NZ,trailing_diluted_average_shares,2,184.0
HLG.NZ,trailing_diluted_eps,1,0.0
HLG.NZ,trailing_ebit,1,0.0
HLG.NZ,trailing_ebitda,1,0.0
HLG.NZ,trailing_general_and_administrative_expense,1,0.0
HLG.NZ,trailing_interest_income,1,0.0
HLG.NZ,trailing_net_income,1,0.0
HLG.NZ,trailing_net_income_common_stockholders,1,0.0
HLG.NZ,trailing_net_income_continuous_operations,1,0.0
HLG.NZ,trailing_net_income_from_continuing_and_discontinued_operation,1,0.0
HLG.NZ,trailing_net_income_from_continuing_operation_net_minority_interest,1,0.0
HLG.NZ,trailing_net_income_including_noncontrolling_interests,1,0.0
HLG.NZ,trailing_net_interest_income,1,0.0
HLG.NZ,trailing_normalized_ebitda,1,0.0
HLG.NZ,trailing_normalized_income,1,0.0
HLG.NZ,trailing_other_gand_a,1,0.0
HLG.NZ,trailing_other_non_operating_income_expenses,1,0.0
HLG.NZ,trailing_reconciled_depreciation,1,0.0
HLG.NZ,trailing_selling_and_marketing_expense,1,0.0
HLG.NZ,trailing_selling_general_and_administration,1,0.0
HLG.NZ,trailing_tax_effect_of_unusual_items,1,0.0
HLG.NZ,trailing_tax_provision,1,0.0
HLG.NZ,trailing_tax_rate_for_calcs,1,0.0
HLG.NZ,trailing_total_revenue,1,0.0
HLG.NZ,volume,3,4.0
HLG.NZ,wiki_views,2,344.0
HLG.NZ,wiki_views_desktop,2,344.0
HLG.NZ,wiki_views_mobile,2,344.0
IFT.NZ,adj_close,12,15.0
IFT.NZ,annual_amortization,1,0.0
IFT.NZ,annual_amortization_of_intangibles_income_statement,1,0.0
IFT.NZ,annual_basic_average_shares,1,0.0
IFT.NZ,annual_basic_eps,1,0.0
IFT.NZ,annual_depreciation_amortization_depletion_income_statement,1,0.0
IFT.NZ,annual_depreciation_and_amortization_in_income_statement,1,0.0
IFT.NZ,annual_depreciation_income_statement,1,0.0
IFT.NZ,annual_diluted_average_shares,1,0.0
IFT.NZ,annual_diluted_eps,1,0.0
IFT.NZ,annual_ebit,1,0.0
IFT.NZ,annual_ebitda,1,0.0
IFT.NZ,annual_general_and_administrative_expense,1,0.0
IFT.NZ,annual_impairment_of_capital_assets,1,0.0
IFT.NZ,annual_interest_expense,1,0.0
IFT.NZ,annual_interest_income,1,0.0
IFT.NZ,annual_minority_interests,1,0.0
IFT.NZ,annual_net_income,1,0.0
IFT.NZ,annual_net_income_common_stockholders,1,0.0
IFT.NZ,annual_net_income_continuous_operations,1,0.0
IFT.NZ,annual_net_income_discontinuous_operations,1,0.0
IFT.NZ,annual_net_income_from_continuing_and_discontinued_operation,1,0.0
IFT.NZ,annual_net_income_from_continuing_operation_net_minority_interest,1,0.0
IFT.NZ,annual_net_income_including_noncontrolling_interests,1,0.0
IFT.NZ,annual_net_interest_income,1,0.0
IFT.NZ,annual_normalized_ebitda,1,0.0
IFT.NZ,annual_normalized_income,1,0.0
IFT.NZ,annual_other_gand_a,1,0.0
IFT.NZ,annual_other_non_operating_income_expenses,1,0.0
IFT.NZ,annual_pretax_income,1,0.0
IFT.NZ,annual_reconciled_depreciation,1,0.0
IFT.NZ,annual_salaries_and_wages,1,0.0
IFT.NZ,annual_selling_and_marketing_expense,1,0.0
IFT.NZ,annual_selling_general_and_administration,1,0.0
IFT.NZ,annual_special_income_charges,1,0.0
IFT.NZ,annual_tax_effect_of_unusual_items,3,731.0
IFT.NZ,annual_tax_provision,1,0.0
IFT.NZ,annual_tax_rate_for_calcs,1,0.0
IFT.NZ,annual_total_revenue,1,0.0
IFT.NZ,annual_total_unusual_items,1,0.0
IFT.NZ,annual_total_unusual_items_excluding_goodwill,1,0.0
IFT.NZ,close,12,15.0
IFT.NZ,dividend,1,0.0
IFT.NZ,high,14,19.0
IFT.NZ,low,9,12.0
IFT.NZ,open,6,7.0
IFT.NZ,split,1,0.0
IFT.NZ,trailing_amortization,1,0.0
IFT.NZ,trailing_amortization_of_intangibles_income_statement,1,0.0
IFT.NZ,trailing_basic_average_shares,1,0.0
IFT.NZ,trailing_basic_eps,1,0.0
IFT.NZ,trailing_depreciation_amortization_depletion_income_statement,1,0.0
IFT.NZ,trailing_depreciation_and_amortization_in_income_statement,1,0.0
IFT.NZ,trailing_depreciation_income_statement,1,0.0
IFT.NZ,trailing_diluted_average_shares,1,0.0
IFT.NZ,trailing_diluted_eps,1,0.0
IFT.NZ,trailing_ebit,1,0.0
IFT.NZ,trailing_ebitda,1,0.0
IFT.NZ,trailing_general_and_administrative_expense,1,0.0
IFT.NZ,trailing_interest_expense,1,0.0
IFT.NZ,trailing_interest_income,1,0.0
IFT.NZ,trailing_minority_interests,1,0.0
IFT.NZ,trailing_net_income,1,0.0
IFT.NZ,trailing_net_income_common_stockholders,1,0.0
IFT.NZ,trailing_net_income_continuous_operations,1,0.0
IFT.NZ,trailing_net_income_discontinuous_operations,1,0.0
IFT.NZ,trailing_net_income_from_continuing_and_discontinued_operation,1,0.0
IFT.NZ,trailing_net_income_from_continuing_operation_net_minority_interest,1,0.0
IFT.NZ,trailing_net_income_including_noncontrolling_interests,1,0.0
IFT.NZ,trailing_net_interest_income,1,0.0
IFT.NZ,trailing_normalized_ebitda,1,0.0
IFT.NZ,trailing_normalized_income,1,0.0
IFT.NZ,trailing_other_non_operating_income_expenses,1,0.0
IFT.NZ,trailing_reconciled_depreciation,1,0.0
IFT.NZ,trailing_salaries_and_wages,1,0.0
IFT.NZ,trailing_selling_and_marketing_expense,1,0.0
IFT.NZ,trailing_selling_general_and_administration,1,0.0
IFT.NZ,trailing_tax_effect_of_unusual_items,1,0.0
IFT.NZ,trailing_tax_provision,1,0.0
IFT.NZ,trailing_tax_rate_for_calcs,1,0.0
IFT.NZ,trailing_total_revenue,1,0.0
IFT.NZ,trailing_total_unusual_items,1,0.0
IFT.NZ,trailing_total_unusual_items_excluding_goodwill,1,0.0
IFT.NZ,volume,3,4.0
IFT.NZ,wiki_views,3,2.0
IFT.NZ,wiki_views_desktop,4,3.0
IFT.NZ,wiki_views_mobile,3,2.0
IKE.NZ,adj_close,18,24.0
IKE.NZ,annual_amortization,1,0.0
IKE.NZ,annual_amortization_of_intangibles_income_statement,1,0.0
IKE.NZ,annual_basic_average_shares,1,0.0
IKE.NZ,annual_basic_eps,1,0.0
IKE.NZ,annual_depreciation_amortization_depletion_income_statement,1,0.0
IKE.NZ,annual_depreciation_and_amortization_in_income_statement,1,0.0
IKE.NZ,annual_depreciation_income_statement,1,0.0
IKE.NZ,annual_diluted_average_shares,1,0.0
IKE.NZ,annual_diluted_eps,1,0.0
IKE.NZ,annual_ebit,1,0.0
IKE.NZ,annual_ebitda,1,0.0
IKE.NZ,annual_general_and_administrative_expense,1,0.0
IKE.NZ,annual_impairment_of_capital_assets,1,0.0
IKE.NZ,annual_interest_expense,1,0.0
IKE.NZ,annual_interest_income,1,0.0
IKE.NZ,annual_net_income,1,0.0
IKE.NZ,annual_net_income_common_stockholders,1,0.0
IKE.NZ,annual_net_income_continuous_operations,1,0.0
IKE.NZ,annual_net_income_from_continuing_and_discontinued_operation,1,0.0
IKE.NZ,annual_net_income_from_continuing_operation_net_minority_interest,1,0.0
IKE.NZ,annual_net_income_including_noncontrolling_interests,1,0.0
IKE.NZ,annual_net_interest_income,1,0.0
IKE.NZ,annual_normalized_ebitda,1,0.0
IKE.NZ,annual_normalized_income,1,0.0
IKE.NZ,annual_other_gand_a,1,0.0
IKE.NZ,annual_other_non_operating_income_expenses,1,0.0
IKE.NZ,annual_pretax_income,1,0.0
IKE.NZ,annual_reconciled_depreciation,1,0.0
IKE.NZ,annual_rent_and_landing_fees,1,0.0
IKE.NZ,annual_salaries_and_wages,1,0.0
IKE.NZ,annual_selling_and_marketing_expense,1,0.0
IKE.NZ,annual_selling_general_and_administration,1,0.0
IKE.NZ,annual_special_income_charges,1,0.0
IKE.NZ,annual_tax_effect_of_unusual_items,3,731.0
IKE.NZ,annual_tax_provision,1,0.0
IKE.NZ,annual_tax_rate_for_calcs,1,0.0
IKE.NZ,annual_total_revenue,1,0.0
IKE.NZ,annual_total_unusual_items,1,0.0
IKE.NZ,annual_total_unusual_items_excluding_goodwill,1,0.0
IKE.NZ,close,18,24.0
IKE.NZ,high,17,27.0
IKE.NZ,low,20,25.0
IKE.NZ,open,17,27.0
IKE.NZ,trailing_amortization,1,0.0
IKE.NZ,trailing_amortization_of_intangibles_income_statement,1,0.0
IKE.NZ,trailing_basic_average_shares,1,0.0
IKE.NZ,trailing_basic_eps,1,0.0
IKE.NZ,trailing_depreciation_amortization_depletion_income_statement,1,0.0
IKE.NZ,trailing_depreciation_and_amortization_in_income_statement,1,0.0
IKE.NZ,trailing_depreciation_income_statement,1,0.0
IKE.NZ,trailing_diluted_average_shares,1,0.0
IKE.NZ,trailing_diluted_eps,1,0.0
IKE.NZ,trailing_ebit,1,0.0
IKE.NZ,trailing_ebitda,1,0.0
IKE.NZ,trailing_interest_income,1,0.0
IKE.NZ,trailing_net_income,1,0.0
IKE.NZ,trailing_net_income_common_stockholders,1,0.0
IKE.NZ,trailing_net_income_continuous_operations,1,0.0
IKE.NZ,trailing_net_income_from_continuing_and_discontinued_operation,1,0.0
IKE.NZ,trailing_net_income_from_continuing_operation_net_minority_interest,1,0.0
IKE.NZ,trailing_net_income_including_noncontrolling_interests,1,0.0
IKE.NZ,trailing_net_interest_income,1,0.0
IKE.NZ,trailing_normalized_ebitda,1,0.0
IKE.NZ,trailing_normalized_income,1,0.0
IKE.NZ,trailing_other_non_operating_income_expenses,1,0.0
IKE.NZ,trailing_reconciled_depreciation,1,0.0
IKE.NZ,trailing_selling_and_marketing_expense,1,0.0
IKE.NZ,trailing_selling_general_and_administration,1,0.0
IKE.NZ,trailing_tax_effect_of_unusual_items,1,0.0
IKE.NZ,trailing_tax_provision,1,0.0
IKE.NZ,trailing_tax_rate_for_calcs,1,0.0
IKE.NZ,trailing_total_revenue,1,0.0
IKE.NZ,trailing_total_unusual_items,1,0.0
IKE.NZ,trailing_total_unusual_items_excluding_goodwill,1,0.0
IKE.NZ,volume,16,24.0
INF.NZ,adj_close,3,6.0
INF.NZ,close,3,6.0
INF.NZ,dividend,1,0.0
INF.NZ,high,3,6.0
INF.NZ,low,3,6.0
INF.NZ,open,3,6.0
INF.NZ,volume,2,1.0
IPL.NZ,adj_close,9,11.0
IPL.NZ,annual_basic_average_shares,1,0.0
IPL.NZ,annual_basic_eps,1,0.0
IPL.NZ,annual_diluted_average_shares,1,0.0
IPL.NZ,annual_diluted_eps,1,0.0
IPL.NZ,annual_ebit,1,0.0
IPL.NZ,annual_ebitda,1,0.0
IPL.NZ,annual_general_and_administrative_expense,1,0.0
IPL.NZ,annual_interest_expense,1,0.0
IPL.NZ,annual_interest_income,1,0.0
IPL.NZ,annual_net_income,1,0.0
IPL.NZ,annual_net_income_common_stockholders,1,0.0
IPL.NZ,annual_net_income_continuous_operations,1,0.0
IPL.NZ,annual_net_income_from_continuing_and_discontinued_operation,1,0.0
IPL.NZ,annual_net_income_from_continuing_operation_net_minority_interest,1,0.0
IPL.NZ,annual_net_income_including_noncontrolling_interests,1,0.0
IPL.NZ,annual_net_interest_income,1,0.0
IPL.NZ,annual_normalized_ebitda,1,0.0
IPL.NZ,annual_normalized_income,1,0.0
IPL.NZ,annual_other_gand_a,1,0.0
IPL.NZ,annual_other_non_operating_income_expenses,1,0.0
IPL.NZ,annual_pretax_income,1,0.0
IPL.NZ,annual_selling_general_and_administration,1,0.0
IPL.NZ,annual_tax_effect_of_unusual_items,4,1096.0
IPL.NZ,annual_tax_provision,1,0.0
IPL.NZ,annual_tax_rate_for_calcs,2,366.0
IPL.NZ,annual_total_revenue,1,0.0
IPL.NZ,close,9,11.0
IPL.NZ,dividend,10,805.0
IPL.NZ,high,13,16.0
IPL.NZ,low,15,18.0
IPL.NZ,open,10,15.0
IPL.NZ,trailing_basic_average_shares,1,0.0
IPL.NZ,trailing_basic_eps,1,0.0
IPL.NZ,trailing_diluted_average_shares,1,0.0
IPL.NZ,trailing_diluted_eps,1,0.0
IPL.NZ,trailing_ebit,1,0.0
IPL.NZ,trailing_ebitda,1,0.0
IPL.NZ,trailing_general_and_administrative_expense,1,0.0
IPL.NZ,trailing_interest_expense,1,0.0
IPL.NZ,trailing_interest_income,1,0.0
IPL.NZ,trailing_net_income,1,0.0
IPL.NZ,trailing_net_income_common_stockholders,1,0.0
IPL.NZ,trailing_net_income_continuous_operations,1,0.0
IPL.NZ,trailing_net_income_from_continuing_and_discontinued_operation,1,0.0
IPL.NZ,trailing_net_income_from_continuing_operation_net_minority_interest,1,0.0
IPL.NZ,trailing_net_income_including_noncontrolling_interests,1,0.0
IPL.NZ,trailing_net_interest_income,1,0.0
IPL.NZ,trailing_normalized_ebitda,1,0.0
IPL.NZ,trailing_normalized_income,1,0.0
IPL.NZ,trailing_other_gand_a,1,0.0
IPL.NZ,trailing_other_non_operating_income_expenses,1,0.0
IPL.NZ,trailing_selling_general_and_administration,1,0.0
IPL.NZ,trailing_tax_effect_of_unusual_items,1,0.0
IPL.NZ,trailing_tax_provision,1,0.0
IPL.NZ,trailing_tax_rate_for_calcs,1,0.0
IPL.NZ,trailing_total_revenue,1,0.0
IPL.NZ,volume,2,4.0
IPR.NZ,adj_close,590,864.0
IPR.NZ,annual_amortization,1,0.0
IPR.NZ,annual_amortization_of_intangibles_income_statement,1,0.0
IPR.NZ,annual_basic_average_shares,4,1096.0
IPR.NZ,annual_basic_eps,1,0.0
IPR.NZ,annual_depreciation_amortization_depletion_income_statement,1,0.0
IPR.NZ,annual_depreciation_and_amortization_in_income_statement,1,0.0
IPR.NZ,annual_diluted_average_shares,4,1096.0
IPR.NZ,annual_diluted_eps,1,0.0
IPR.NZ,annual_ebit,1,0.0
IPR.NZ,annual_ebitda,1,0.0
IPR.NZ,annual_general_and_administrative_expense,1,0.0
IPR.NZ,annual_impairment_of_capital_assets,1,0.0
IPR.NZ,annual_interest_expense,1,0.0
IPR.NZ,annual_interest_income,1,0.0
IPR.NZ,annual_net_income,1,0.0
IPR.NZ,annual_net_income_common_stockholders,1,0.0
IPR.NZ,annual_net_income_continuous_operations,1,0.0
IPR.NZ,annual_net_income_from_continuing_and_discontinued_operation,1,0.0
IPR.NZ,annual_net_income_from_continuing_operation_net_minority_interest,1,0.0
IPR.NZ,annual_net_income_including_noncontrolling_interests,1,0.0
IPR.NZ,annual_net_interest_income,1,0.0
IPR.NZ,annual_normalized_ebitda,1,0.0
IPR.NZ,annual_normalized_income,1,0.0
IPR.NZ,annual_other_gand_a,1,0.0
IPR.NZ,annual_pretax_income,1,0.0
IPR.NZ,annual_reconciled_depreciation,1,0.0
IPR.NZ,annual_salaries_and_wages,2,365.0
IPR.NZ,annual_selling_and_marketing_expense,1,0.0
IPR.NZ,annual_selling_general_and_administration,1,0.0
IPR.NZ,annual_special_income_charges,1,0.0
IPR.NZ,annual_tax_effect_of_unusual_items,4,1096.0
IPR.NZ,annual_tax_provision,4,1096.0
IPR.NZ,annual_tax_rate_for_calcs,4,1096.0
IPR.NZ,annual_total_unusual_items,1,0.0
IPR.NZ,annual_total_unusual_items_excluding_goodwill,1,0.0
IPR.NZ,close,590,864.0
IPR.NZ,high,590,864.0
IPR.NZ,low,590,864.0
IPR.NZ,open,590,864.0
IPR.NZ,trailing_basic_average_shares,4,731.0
IPR.NZ,trailing_basic_eps,1,0.0
IPR.NZ,trailing_diluted_average_shares,4,731.0
IPR.NZ,trailing_diluted_eps,1,0.0
IPR.NZ,trailing_ebit,1,0.0
IPR.NZ,trailing_ebitda,1,0.0
IPR.NZ,trailing_general_and_administrative_expense,1,0.0
IPR.NZ,trailing_net_income,1,0.0
IPR.NZ,trailing_net_income_common_stockholders,1,0.0
IPR.NZ,trailing_net_income_continuous_operations,1,0.0
IPR.NZ,trailing_net_income_from_continuing_and_discontinued_operation,1,0.0
IPR.NZ,trailing_net_income_from_continuing_operation_net_minority_interest,1,0.0
IPR.NZ,trailing_net_income_including_noncontrolling_interests,1,0.0
IPR.NZ,trailing_normalized_ebitda,1,0.0
IPR.NZ,trailing_normalized_income,1,0.0
IPR.NZ,trailing_salaries_and_wages,1,0.0
IPR.NZ,trailing_selling_general_and_administration,1,0.0
IPR.NZ,trailing_tax_effect_of_unusual_items,1,0.0
IPR.NZ,trailing_tax_provision,1,0.0
IPR.NZ,trailing_tax_rate_for_calcs,1,0.0
IPR.NZ,trailing_total_unusual_items,1,0.0
IPR.NZ,trailing_total_unusual_items_excluding_goodwill,1,0.0
IPR.NZ,volume,476,692.0
JPN.NZ,adj_close,3,4.0
JPN.NZ,close,3,4.0
JPN.NZ,dividend,1,0.0
JPN.NZ,high,5,6.0
JPN.NZ,low,4,5.0
JPN.NZ,open,3,4.0
JPN.NZ,volume,2,1.0
KFL.NZ,adj_close,11,14.0
KFL.NZ,annual_basic_average_shares,1,0.0
KFL.NZ,annual_basic_eps,1,0.0
KFL.NZ,annual_diluted_average_shares,1,0.0
KFL.NZ,annual_diluted_eps,1,0.0
KFL.NZ,annual_diluted_niavailto_com_stockholders,1,0.0
KFL.NZ,annual_dividend_income,1,0.0
KFL.NZ,annual_fees_and_commissions,1,0.0
KFL.NZ,annual_feesand_commission_expense,1,0.0
KFL.NZ,annual_general_and_administrative_expense,1,0.0
KFL.NZ,annual_interest_income,1,0.0
KFL.NZ,annual_net_income,1,0.0
KFL.NZ,annual_net_income_common_stockholders,1,0.0
KFL.NZ,annual_net_income_continuous_operations,1,0.0
KFL.NZ,annual_net_income_from_continuing_and_discontinued_operation,1,0.0
KFL.NZ,annual_net_income_from_continuing_operation_net_minority_interest,1,0.0
KFL.NZ,annual_net_income_including_noncontrolling_interests,1,0.0
KFL.NZ,annual_net_interest_income,1,0.0
KFL.NZ,annual_non_interest_income,1,0.0
KFL.NZ,annual_normalized_income,1,0.0
KFL.NZ,annual_pretax_income,1,0.0
KFL.NZ,annual_selling_general_and_administration,1,0.0
KFL.NZ,annual_tax_effect_of_unusual_items,4,1096.0
KFL.NZ,annual_tax_provision,1,0.0
KFL.NZ,annual_tax_rate_for_calcs,2,365.0
KFL.NZ,annual_total_revenue,1,0.0
KFL.NZ,close,11,14.0
KFL.NZ,dividend,2,91.0
KFL.NZ,high,14,19.0
KFL.NZ,low,18,23.0
KFL.NZ,open,11,16.0
KFL.NZ,trailing_basic_average_shares,1,0.0
KFL.NZ,trailing_basic_eps,1,0.0
KFL.NZ,trailing_diluted_average_shares,1,0.0
KFL.NZ,trailing_diluted_eps,1,0.0
KFL.NZ,trailing_diluted_niavailto_com_stockholders,1,0.0
KFL.NZ,trailing_dividend_income,1,0.0
KFL.NZ,trailing_fees_and_commissions,1,0.0
KFL.NZ,trailing_feesand_commission_expense,1,0.0
KFL.NZ,trailing_general_and_administrative_expense,1,0.0
KFL.NZ,trailing_interest_income,1,0.0
KFL.NZ,trailing_net_income,1,0.0
KFL.NZ,trailing_net_income_common_stockholders,1,0.0
KFL.NZ,trailing_net_income_continuous_operations,1,0.0
KFL.NZ,trailing_net_income_from_continuing_and_discontinued_operation,1,0.0
KFL.NZ,trailing_net_income_from_continuing_operation_net_minority_interest,1,0.0
KFL.NZ,trailing_net_income_including_noncontrolling_interests,1,0.0
KFL.NZ,trailing_net_interest_income,1,0.0
KFL.NZ,trailing_non_interest_income,1,0.0
KFL.NZ,trailing_normalized_income,1,0.0
KFL.NZ,trailing_selling_general_and_administration,1,0.0
KFL.NZ,trailing_tax_effect_of_unusual_items,1,0.0
KFL.NZ,trailing_tax_provision,1,0.0
KFL.NZ,trailing_tax_rate_for_calcs,1,0.0
KFL.NZ,trailing_total_revenue,1,0.0
KFL.NZ,volume,2,4.0
KMD.NZ,adj_close,43,58.0
KMD.NZ,annual_amortization,1,0.0
KMD.NZ,annual_amortization_of_intangibles_income_statement,1,0.0
KMD.NZ,annual_basic_average_shares,1,0.0
KMD.NZ,annual_basic_eps,1,0.0
KMD.NZ,annual_depreciation_amortization_depletion_income_statement,1,0.0
KMD.NZ,annual_depreciation_and_amortization_in_income_statement,1,0.0
KMD.NZ,annual_depreciation_income_statement,1,0.0
KMD.NZ,annual_diluted_average_shares,1,0.0
KMD.NZ,annual_diluted_eps,1,0.0
KMD.NZ,annual_ebit,1,0.0
KMD.NZ,annual_ebitda,1,0.0
KMD.NZ,annual_general_and_administrative_expense,1,0.0
KMD.NZ,annual_impairment_of_capital_assets,1,0.0
KMD.NZ,annual_interest_expense,1,0.0
KMD.NZ,annual_interest_income,1,0.0
KMD.NZ,annual_minority_interests,1,0.0
KMD.NZ,annual_net_income,1,0.0
KMD.NZ,annual_net_income_common_stockholders,1,0.0
KMD.NZ,annual_net_income_continuous_operations,1,0.0
KMD.NZ,annual_net_income_from_continuing_and_discontinued_operation,1,0.0
KMD.NZ,annual_net_income_from_continuing_operation_net_minority_interest,1,0.0
KMD.NZ,annual_net_income_including_noncontrolling_interests,1,0.0
KMD.NZ,annual_net_interest_income,1,0.0
KMD.NZ,annual_normalized_ebitda,1,0.0
KMD.NZ,annual_normalized_income,1,0.0
KMD.NZ,annual_other_gand_a,1,0.0
KMD.NZ,annual_other_non_operating_income_expenses,1,0.0
KMD.NZ,annual_pretax_income,1,0.0
KMD.NZ,annual_reconciled_depreciation,1,0.0
KMD.NZ,annual_selling_and_marketing_expense,1,0.0
KMD.NZ,annual_selling_general_and_administration,1,0.0
KMD.NZ,annual_special_income_charges,1,0.0
KMD.NZ,annual_tax_effect_of_unusual_items,2,365.0
KMD.NZ,annual_tax_provision,1,0.0
KMD.NZ,annual_tax_rate_for_calcs,1,0.0
KMD.NZ,annual_total_revenue,1,0.0
KMD.NZ,annual_total_unusual_items,1,0.0
KMD.NZ,annual_total_unusual_items_excluding_goodwill,1,0.0
KMD.NZ,close,43,58.0
KMD.NZ,dividend,5,674.0
KMD.NZ,high,43,58.0
KMD.NZ,low,43,58.0
KMD.NZ,open,43,58.0
KMD.NZ,trailing_amortization,1,0.0
KMD.NZ,trailing_amortization_of_intangibles_income_statement,1,0.0
KMD.NZ,trailing_basic_average_shares,1,0.0
KMD.NZ,trailing_basic_eps,1,0.0
KMD.NZ,trailing_depreciation_amortization_depletion_income_statement,1,0.0
KMD.NZ,trailing_depreciation_and_amortization_in_income_statement,1,0.0
KMD.NZ,trailing_depreciation_income_statement,1,0.0
KMD.NZ,trailing_diluted_average_shares,1,0.0
KMD.NZ,trailing_diluted_eps,1,0.0
KMD.NZ,trailing_ebit,1,0.0
KMD.NZ,trailing_ebitda,1,0.0
KMD.NZ,trailing_general_and_administrative_expense,1,0.0
KMD.NZ,trailing_impairment_of_capital_assets,1,0.0
KMD.NZ,trailing_interest_expense,1,0.0
KMD.NZ,trailing_interest_income,1,0.0
KMD.NZ,trailing_minority_interests,1,0.0
KMD.NZ,trailing_net_income,1,0.0
KMD.NZ,trailing_net_income_common_stockholders,1,0.0
KMD.NZ,trailing_net_income_continuous_operations,1,0.0
KMD.NZ,trailing_net_income_from_continuing_and_discontinued_operation,1,0.0
KMD.NZ,trailing_net_income_from_continuing_operation_net_minority_interest,1,0.0
KMD.NZ,trailing_net_income_including_noncontrolling_interests,1,0.0
KMD.NZ,trailing_net_interest_income,1,0.0
KMD.NZ,trailing_normalized_ebitda,1,0.0
KMD.NZ,trailing_normalized_income,1,0.0
KMD.NZ,trailing_other_gand_a,1,0.0
KMD.NZ,trailing_other_non_operating_income_expenses,1,0.0
KMD.NZ,trailing_reconciled_depreciation,1,0.0
KMD.NZ,trailing_selling_and_marketing_expense,1,0.0
KMD.NZ,trailing_selling_general_and_administration,1,0.0
KMD.NZ,trailing_special_income_charges,1,0.0
KMD.NZ,trailing_tax_effect_of_unusual_items,1,0.0
KMD.NZ,trailing_tax_provision,1,0.0
KMD.NZ,trailing_tax_rate_for_calcs,1,0.0
KMD.NZ,trailing_total_revenue,1,0.0
KMD.NZ,trailing_total_unusual_items,1,0.0
KMD.NZ,trailing_total_unusual_items_excluding_goodwill,1,0.0
KMD.NZ,volume,42,57.0
KMD.NZ,wiki_views,1,0.0
KMD.NZ,wiki_views_desktop,1,0.0
KMD.NZ,wiki_views_mobile,1,0.0
KPG.NZ,adj_close,7,8.0
KPG.NZ,annual_basic_average_shares,1,0.0
KPG.NZ,annual_basic_eps,1,0.0
KPG.NZ,annual_depreciation_amortization_depletion_income_statement,1,0.0
KPG.NZ,annual_depreciation_and_amortization_in_income_statement,1,0.0
KPG.NZ,annual_depreciation_income_statement,1,0.0
KPG.NZ,annual_diluted_average_shares,1,0.0
KPG.NZ,annual_diluted_eps,1,0.0
KPG.NZ,annual_ebit,1,0.0
KPG.NZ,annual_ebitda,1,0.0
KPG.NZ,annual_general_and_administrative_expense,1,0.0
KPG.NZ,annual_interest_expense,1,0.0
KPG.NZ,annual_interest_income,1,0.0
KPG.NZ,annual_net_income,1,0.0
KPG.NZ,annual_net_income_common_stockholders,1,0.0
KPG.NZ,annual_net_income_continuous_operations,1,0.0
KPG.NZ,annual_net_income_from_continuing_and_discontinued_operation,1,0.0
KPG.NZ,annual_net_income_from_continuing_operation_net_minority_interest,1,0.0
KPG.NZ,annual_net_income_including_noncontrolling_interests,1,0.0
KPG.NZ,annual_net_interest_income,1,0.0
KPG.NZ,annual_normalized_ebitda,1,0.0
KPG.NZ,annual_normalized_income,1,0.0
KPG.NZ,annual_other_gand_a,1,0.0
KPG.NZ,annual_other_non_operating_income_expenses,1,0.0
KPG.NZ,annual_pretax_income,1,0.0
KPG.NZ,annual_reconciled_depreciation,1,0.0
KPG.NZ,annual_rent_and_landing_fees,1,0.0
KPG.NZ,annual_salaries_and_wages,1,0.0
KPG.NZ,annual_selling_and_marketing_expense,1,0.0
KPG.NZ,annual_selling_general_and_administration,1,0.0
KPG.NZ,annual_tax_effect_of_unusual_items,4,1096.0
KPG.NZ,annual_tax_provision,1,0.0
KPG.NZ,annual_tax_rate_for_calcs,2,366.0
KPG.NZ,annual_total_revenue,1,0.0
KPG.NZ,close,7,8.0
KPG.NZ,dividend,8,633.0
KPG.NZ,high,11,15.0
KPG.NZ,low,11,14.0
KPG.NZ,open,9,12.0
KPG.NZ,split,1,0.0
KPG.NZ,trailing_basic_average_shares,1,0.0
KPG.NZ,trailing_basic_eps,1,0.0
KPG.NZ,trailing_diluted_average_shares,1,0.0
KPG.NZ,trailing_diluted_eps,1,0.0
KPG.NZ,trailing_ebit,1,0.0
KPG.NZ,trailing_ebitda,1,0.0
KPG.NZ,trailing_general_and_administrative_expense,1,0.0
KPG.NZ,trailing_interest_expense,1,0.0
KPG.NZ,trailing_interest_income,1,0.0
KPG.NZ,trailing_net_income,1,0.0
KPG.NZ,trailing_net_income_common_stockholders,1,0.0
KPG.NZ,trailing_net_income_continuous_operations,1,0.0
KPG.NZ,trailing_net_income_from_continuing_and_discontinued_operation,1,0.0
KPG.NZ,trailing_net_income_from_continuing_operation_net_minority_interest,1,0.0
KPG.NZ,trailing_net_income_including_noncontrolling_interests,1,0.0
KPG.NZ,trailing_net_interest_income,1,0.0
KPG.NZ,trailing_normalized_ebitda,1,0.0
KPG.NZ,trailing_normalized_income,1,0.0
KPG.NZ,trailing_other_gand_a,1,0.0
KPG.NZ,trailing_other_non_operating_income_expenses,1,0.0
KPG.NZ,trailing_rent_and_landing_fees,1,0.0
KPG.NZ,trailing_salaries_and_wages,1,0.0
KPG.NZ,trailing_selling_general_and_administration,1,0.0
KPG.NZ,trailing_tax_effect_of_unusual_items,1,0.0
KPG.NZ,trailing_tax_provision,1,0.0
KPG.NZ,trailing_tax_rate_for_calcs,1,0.0
KPG.NZ,trailing_total_revenue,1,0.0
KPG.NZ,trailing_total_unusual_items,1,0.0
KPG.NZ,trailing_total_unusual_items_excluding_goodwill,1,0.0
KPG.NZ,volume,3,2.0
KPG.NZ,wiki_views,3,2.0
KPG.NZ,wiki_views_desktop,3,2.0
KPG.NZ,wiki_views_mobile,6,5.0
LIC.NZ,adj_close,248,363.0
LIC.NZ,annual_amortization,1,0.0
LIC.NZ,annual_amortization_of_intangibles_income_statement,1,0.0
LIC.NZ,annual_basic_average_shares,3,731.0
LIC.NZ,annual_basic_eps,1,0.0
LIC.NZ,annual_depreciation_amortization_depletion_income_statement,1,0.0
LIC.NZ,annual_depreciation_and_amortization_in_income_statement,1,0.0
LIC.NZ,annual_depreciation_income_statement,1,0.0
LIC.NZ,annual_diluted_average_shares,3,731.0
LIC.NZ,annual_diluted_eps,1,0.0
LIC.NZ,annual_ebit,1,0.0
LIC.NZ,annual_ebitda,1,0.0
LIC.NZ,annual_general_and_administrative_expense,1,0.0
LIC.NZ,annual_interest_expense,1,0.0
LIC.NZ,annual_net_income,1,0.0
LIC.NZ,annual_net_income_common_stockholders,1,0.0
LIC.NZ,annual_net_income_continuous_operations,1,0.0
LIC.NZ,annual_net_income_discontinuous_operations,1,0.0
LIC.NZ,annual_net_income_from_continuing_and_discontinued_operation,1,0.0
LIC.NZ,annual_net_income_from_continuing_operation_net_minority_interest,1,0.0
LIC.NZ,annual_net_income_including_noncontrolling_interests,1,0.0
LIC.NZ,annual_net_interest_income,1,0.0
LIC.NZ,annual_normalized_ebitda,1,0.0
LIC.NZ,annual_normalized_income,1,0.0
LIC.NZ,annual_other_non_operating_income_expenses,1,0.0
LIC.NZ,annual_pretax_income,1,0.0
LIC.NZ,annual_reconciled_depreciation,1,0.0
LIC.NZ,annual_salaries_and_wages,1,0.0
LIC.NZ,annual_selling_general_and_administration,1,0.0
LIC.NZ,annual_tax_effect_of_unusual_items,3,731.0
LIC.NZ,annual_tax_provision,1,0.0
LIC.NZ,annual_tax_rate_for_calcs,1,0.0
LIC.NZ,annual_total_revenue,1,0.0
LIC.NZ,close,476,697.0
LIC.NZ,dividend,1,0.0
LIC.NZ,high,476,697.0
LIC.NZ,low,476,697.0
LIC.NZ,open,476,697.0
LIC.NZ,split,1,0.0
LIC.NZ,trailing_amortization,1,0.0
LIC.NZ,trailing_amortization_of_intangibles_income_statement,1,0.0
LIC.NZ,trailing_basic_average_shares,2,548.0
LIC.NZ,trailing_basic_eps,1,0.0
LIC.NZ,trailing_depreciation_amortization_depletion_income_statement,1,0.0
LIC.NZ,trailing_depreciation_and_amortization_in_income_statement,1,0.0
LIC.NZ,trailing_depreciation_income_statement,1,0.0
LIC.NZ,trailing_diluted_average_shares,2,548.0
LIC.NZ,trailing_diluted_eps,1,0.0
LIC.NZ,trailing_ebit,1,0.0
LIC.NZ,trailing_ebitda,1,0.0
LIC.NZ,trailing_general_and_administrative_expense,1,0.0
LIC.NZ,trailing_interest_expense,1,0.0
LIC.NZ,trailing_net_income,1,0.0
LIC.NZ,trailing_net_income_common_stockholders,1,0.0
LIC.NZ,trailing_net_income_continuous_operations,1,0.0
LIC.NZ,trailing_net_income_from_continuing_and_discontinued_operation,1,0.0
LIC.NZ,trailing_net_income_from_continuing_operation_net_minority_interest,1,0.0
LIC.NZ,trailing_net_income_including_noncontrolling_interests,1,0.0
LIC.NZ,trailing_net_interest_income,1,0.0
LIC.NZ,trailing_normalized_ebitda,1,0.0
LIC.NZ,trailing_normalized_income,1,0.0
LIC.NZ,trailing_other_non_operating_income_expenses,1,0.0
LIC.NZ,trailing_reconciled_depreciation,1,0.0
LIC.NZ,trailing_salaries_and_wages,1,0.0
LIC.NZ,trailing_selling_general_and_administration,1,0.0
LIC.NZ,trailing_tax_effect_of_unusual_items,1,0.0
LIC.NZ,trailing_tax_provision,1,0.0
LIC.NZ,trailing_tax_rate_for_calcs,1,0.0
LIC.NZ,trailing_total_revenue,1,0.0
LIC.NZ,volume,476,695.0
LIV.NZ,adj_close,4,3.0
LIV.NZ,close,4,3.0
LIV.NZ,dividend,1,0.0
LIV.NZ,high,5,6.0
LIV.NZ,low,4,3.0
LIV.NZ,open,4,5.0
LIV.NZ,volume,2,3.0
MCK.NZ,adj_close,43,63.0
MCK.NZ,annual_basic_average_shares,3,731.0
MCK.NZ,annual_basic_eps,1,0.0
MCK.NZ,annual_depreciation_amortization_depletion_income_statement,1,0.0
MCK.NZ,annual_depreciation_and_amortization_in_income_statement,1,0.0
MCK.NZ,annual_depreciation_income_statement,1,0.0
MCK.NZ,annual_diluted_average_shares,3,731.0
MCK.NZ,annual_diluted_eps,1,0.0
MCK.NZ,annual_ebit,1,0.0
MCK.NZ,annual_ebitda,1,0.0
MCK.NZ,annual_general_and_administrative_expense,1,0.0
MCK.NZ,annual_interest_expense,1,0.0
MCK.NZ,annual_interest_income,1,0.0
MCK.NZ,annual_minority_interests,1,0.0
MCK.NZ,annual_net_income,1,0.0
MCK.NZ,annual_net_income_common_stockholders,1,0.0
MCK.NZ,annual_net_income_continuous_operations,1,0.0
MCK.NZ,annual_net_income_from_continuing_and_discontinued_operation,1,0.0
MCK.NZ,annual_net_income_from_continuing_operation_net_minority_interest,1,0.0
MCK.NZ,annual_net_income_including_noncontrolling_interests,1,0.0
MCK.NZ,annual_net_interest_income,1,0.0
MCK.NZ,annual_normalized_ebitda,1,0.0
MCK.NZ,annual_normalized_income,1,0.0
MCK.NZ,annual_other_gand_a,1,0.0
MCK.NZ,annual_other_non_operating_income_expenses,1,0.0
MCK.NZ,annual_pretax_income,1,0.0
MCK.NZ,annual_reconciled_depreciation,1,0.0
MCK.NZ,annual_selling_general_and_administration,1,0.0
MCK.NZ,annual_tax_effect_of_unusual_items,4,1096.0
MCK.NZ,annual_tax_provision,1,0.0
MCK.NZ,annual_tax_rate_for_calcs,1,0.0
MCK.NZ,annual_total_revenue,1,0.0
MCK.NZ,close,43,63.0
MCK.NZ,dividend,3,769.0
MCK.NZ,high,43,63.0
MCK.NZ,low,34,50.0
MCK.NZ,open,34,50.0
MCK.NZ,trailing_basic_average_shares,5,915.0
MCK.NZ,trailing_basic_eps,1,0.0
MCK.NZ,trailing_depreciation_amortization_depletion_income_statement,1,0.0
MCK.NZ,trailing_depreciation_and_amortization_in_income_statement,1,0.0
MCK.NZ,trailing_depreciation_income_statement,1,0.0
MCK.NZ,trailing_diluted_average_shares,5,915.0
MCK.NZ,trailing_diluted_eps,1,0.0
MCK.NZ,trailing_ebit,1,0.0
MCK.NZ,trailing_ebitda,1,0.0
MCK.NZ,trailing_general_and_administrative_expense,1,0.0
MCK.NZ,trailing_interest_expense,1,0.0
MCK.NZ,trailing_interest_income,1,0.0
MCK.NZ,trailing_minority_interests,1,0.0
MCK.NZ,trailing_net_income,1,0.0
MCK.NZ,trailing_net_income_common_stockholders,1,0.0
MCK.NZ,trailing_net_income_continuous_operations,1,0.0
MCK.NZ,trailing_net_income_from_continuing_and_discontinued_operation,1,0.0
MCK.NZ,trailing_net_income_from_continuing_operation_net_minority_interest,1,0.0
MCK.NZ,trailing_net_income_including_noncontrolling_interests,1,0.0
MCK.NZ,trailing_net_interest_income,1,0.0
MCK.NZ,trailing_normalized_ebitda,1,0.0
MCK.NZ,trailing_normalized_income,1,0.0
MCK.NZ,trailing_other_gand_a,1,0.0
MCK.NZ,trailing_reconciled_depreciation,1,0.0
MCK.NZ,trailing_selling_general_and_administration,1,0.0
MCK.NZ,trailing_tax_effect_of_unusual_items,1,0.0
MCK.NZ,trailing_tax_provision,1,0.0
MCK.NZ,trailing_tax_rate_for_calcs,1,0.0
MCK.NZ,trailing_total_revenue,1,0.0
MCK.NZ,volume,21,34.0
MCY.NZ,adj_close,5,4.0
MCY.NZ,annual_amortization,1,0.0
MCY.NZ,annual_amortization_of_intangibles_income_statement,1,0.0
MCY.NZ,annual_basic_average_shares,1,0.0
MCY.NZ,annual_basic_eps,1,0.0
MCY.NZ,annual_depreciation_amortization_depletion_income_statement,1,0.0
MCY.NZ,annual_depreciation_and_amortization_in_income_statement,1,0.0
MCY.NZ,annual_depreciation_income_statement,1,0.0
MCY.NZ,annual_diluted_average_shares,1,0.0
MCY.NZ,annual_diluted_eps,1,0.0
MCY.NZ,annual_ebit,1,0.0
MCY.NZ,annual_ebitda,1,0.0
MCY.NZ,annual_general_and_administrative_expense,1,0.0
MCY.NZ,annual_impairment_of_capital_assets,1,0.0
MCY.NZ,annual_interest_expense,1,0.0
MCY.NZ,annual_interest_income,1,0.0
MCY.NZ,annual_net_income,1,0.0
MCY.NZ,annual_net_income_common_stockholders,1,0.0
MCY.NZ,annual_net_income_continuous_operations,1,0.0
MCY.NZ,annual_net_income_from_continuing_and_discontinued_operation,1,0.0
MCY.NZ,annual_net_income_from_continuing_operation_net_minority_interest,1,0.0
MCY.NZ,annual_net_income_including_noncontrolling_interests,1,0.0
MCY.NZ,annual_net_interest_income,1,0.0
MCY.NZ,annual_normalized_ebitda,1,0.0
MCY.NZ,annual_normalized_income,1,0.0
MCY.NZ,annual_other_non_operating_income_expenses,1,0.0
MCY.NZ,annual_other_special_charges,1,0.0
MCY.NZ,annual_pretax_income,1,0.0
MCY.NZ,annual_reconciled_depreciation,1,0.0
MCY.NZ,annual_salaries_and_wages,1,0.0
MCY.NZ,annual_selling_general_and_administration,1,0.0
MCY.NZ,annual_special_income_charges,1,0.0
MCY.NZ,annual_tax_effect_of_unusual_items,2,365.0
MCY.NZ,annual_tax_provision,1,0.0
MCY.NZ,annual_tax_rate_for_calcs,1,0.0
MCY.NZ,annual_total_revenue,1,0.0
MCY.NZ,annual_total_unusual_items,1,0.0
MCY.NZ,annual_total_unusual_items_excluding_goodwill,1,0.0
MCY.NZ,close,5,4.0
MCY.NZ,dividend,1,0.0
MCY.NZ,high,5,6.0
MCY.NZ,low,7,8.0
MCY.NZ,open,5,7.0
MCY.NZ,split,1,0.0
MCY.NZ,trailing_amortization,1,0.0
MCY.NZ,trailing_amortization_of_intangibles_income_statement,1,0.0
MCY.NZ,trailing_basic_average_shares,1,0.0
MCY.NZ,trailing_basic_eps,1,0.0
MCY.NZ,trailing_depreciation_amortization_depletion_income_statement,1,0.0
MCY.NZ,trailing_depreciation_and_amortization_in_income_statement,1,0.0
MCY.NZ,trailing_depreciation_income_statement,1,0.0
MCY.NZ,trailing_diluted_average_shares,1,0.0
MCY.NZ,trailing_diluted_eps,1,0.0
MCY.NZ,trailing_ebit,1,0.0
MCY.NZ,trailing_ebitda,1,0.0
MCY.NZ,trailing_interest_expense,1,0.0
MCY.NZ,trailing_interest_income,1,0.0
MCY.NZ,trailing_net_income,1,0.0
MCY.NZ,trailing_net_income_common_stockholders,1,0.0
MCY.NZ,trailing_net_income_continuous_operations,1,0.0
MCY.NZ,trailing_net_income_from_continuing_and_discontinued_operation,1,0.0
MCY.NZ,trailing_net_income_from_continuing_operation_net_minority_interest,1,0.0
MCY.NZ,trailing_net_income_including_noncontrolling_interests,1,0.0
MCY.NZ,trailing_net_interest_income,1,0.0
MCY.NZ,trailing_normalized_ebitda,1,0.0
MCY.NZ,trailing_normalized_income,1,0.0
MCY.NZ,trailing_other_non_operating_income_expenses,1,0.0
MCY.NZ,trailing_reconciled_depreciation,1,0.0
MCY.NZ,trailing_tax_effect_of_unusual_items,1,0.0
MCY.NZ,trailing_tax_provision,1,0.0
MCY.NZ,trailing_tax_rate_for_calcs,1,0.0
MCY.NZ,trailing_total_revenue,1,0.0
MCY.NZ,volume,2,4.0
MCY.NZ,wiki_views,18,41.0
MCY.NZ,wiki_views_desktop,14,56.0
MCY.NZ,wiki_views_mobile,46,119.0
MDZ.NZ,adj_close,7,8.0
MDZ.NZ,close,7,8.0
MDZ.NZ,dividend,1,0.0
MDZ.NZ,high,5,7.0
MDZ.NZ,low,5,7.0
MDZ.NZ,open,5,7.0
MDZ.NZ,volume,189,363.0
MEE.NZ,adj_close,188,270.0
MEE.NZ,annual_amortization,1,0.0
MEE.NZ,annual_amortization_of_intangibles_income_statement,1,0.0
MEE.NZ,annual_basic_average_shares,1,0.0
MEE.NZ,annual_basic_eps,1,0.0
MEE.NZ,annual_depreciation_amortization_depletion_income_statement,1,0.0
MEE.NZ,annual_depreciation_and_amortization_in_income_statement,1,0.0
MEE.NZ,annual_depreciation_income_statement,1,0.0
MEE.NZ,annual_diluted_average_shares,1,0.0
MEE.NZ,annual_diluted_eps,1,0.0
MEE.NZ,annual_general_and_administrative_expense,1,0.0
MEE.NZ,annual_impairment_of_capital_assets,1,0.0
MEE.NZ,annual_interest_expense,1,0.0
MEE.NZ,annual_interest_income,1,0.0
MEE.NZ,annual_net_income,1,0.0
MEE.NZ,annual_net_income_common_stockholders,1,0.0
MEE.NZ,annual_net_income_continuous_operations,1,0.0
MEE.NZ,annual_net_income_from_continuing_and_discontinued_operation,1,0.0
MEE.NZ,annual_net_income_from_continuing_operation_net_minority_interest,1,0.0
MEE.NZ,annual_net_income_including_noncontrolling_interests,1,0.0
MEE.NZ,annual_net_interest_income,1,0.0
MEE.NZ,annual_non_interest_expense,1,0.0
MEE.NZ,annual_non_interest_income,1,0.0
MEE.NZ,annual_normalized_income,1,0.0
MEE.NZ,annual_other_gand_a,1,0.0
MEE.NZ,annual_other_non_interest_income,1,0.0
MEE.NZ,annual_other_special_charges,1,0.0
MEE.NZ,annual_pretax_income,1,0.0
MEE.NZ,annual_reconciled_depreciation,1,0.0
MEE.NZ,annual_restructuring_and_mergern_acquisition,1,0.0
MEE.NZ,annual_selling_and_marketing_expense,1,0.0
MEE.NZ,annual_selling_general_and_administration,1,0.0
MEE.NZ,annual_special_income_charges,1,0.0
MEE.NZ,annual_tax_effect_of_unusual_items,1,0.0
MEE.NZ,annual_tax_provision,1,0.0
MEE.NZ,annual_tax_rate_for_calcs,1,0.0
MEE.NZ,annual_total_revenue,1,0.0
MEE.NZ,annual_total_unusual_items,1,0.0
MEE.NZ,annual_total_unusual_items_excluding_goodwill,1,0.0
MEE.NZ,close,188,270.0
MEE.NZ,high,188,270.0
MEE.NZ,low,188,270.0
MEE.NZ,open,188,270.0
MEE.NZ,split,2,2.0
MEE.NZ,trailing_amortization_of_intangibles_income_statement,1,0.0
MEE.NZ,trailing_basic_average_shares,1,0.0
MEE.NZ,trailing_basic_eps,1,0.0
MEE.NZ,trailing_depreciation_amortization_depletion_income_statement,1,0.0
MEE.NZ,trailing_depreciation_and_amortization_in_income_statement,1,0.0
MEE.NZ,trailing_depreciation_income_statement,1,0.0
MEE.NZ,trailing_diluted_average_shares,1,0.0
MEE.NZ,trailing_diluted_eps,1,0.0
MEE.NZ,trailing_general_and_administrative_expense,1,0.0
MEE.NZ,trailing_impairment_of_capital_assets,1,0.0
MEE.NZ,trailing_interest_expense,1,0.0
MEE.NZ,trailing_interest_income,1,0.0
MEE.NZ,trailing_net_income,1,0.0
MEE.NZ,trailing_net_income_common_stockholders,1,0.0
MEE.NZ,trailing_net_income_continuous_operations,1,0.0
MEE.NZ,trailing_net_income_from_continuing_and_discontinued_operation,1,0.0
MEE.NZ,trailing_net_income_from_continuing_operation_net_minority_interest,1,0.0
MEE.NZ,trailing_net_income_including_noncontrolling_interests,1,0.0
MEE.NZ,trailing_net_interest_income,1,0.0
MEE.NZ,trailing_non_interest_expense,1,0.0
MEE.NZ,trailing_non_interest_income,1,0.0
MEE.NZ,trailing_normalized_income,1,0.0
MEE.NZ,trailing_other_gand_a,1,0.0
MEE.NZ,trailing_other_interest_expense,1,0.0
MEE.NZ,trailing_other_non_interest_expense,1,0.0
MEE.NZ,trailing_other_non_interest_income,1,0.0
MEE.NZ,trailing_reconciled_depreciation,1,0.0
MEE.NZ,trailing_selling_and_marketing_expense,1,0.0
MEE.NZ,trailing_selling_general_and_administration,1,0.0
MEE.NZ,trailing_special_income_charges,1,0.0
MEE.NZ,trailing_tax_effect_of_unusual_items,2,549.0
MEE.NZ,trailing_tax_provision,2,549.0
MEE.NZ,trailing_tax_rate_for_calcs,2,549.0
MEE.NZ,trailing_total_revenue,1,0.0
MEE.NZ,trailing_total_unusual_items,1,0.0
MEE.NZ,trailing_total_unusual_items_excluding_goodwill,1,0.0
MEE.NZ,volume,335,486.0
MEL.NZ,adj_close,4,6.0
MEL.NZ,annual_amortization,1,0.0
MEL.NZ,annual_amortization_of_intangibles_income_statement,1,0.0
MEL.NZ,annual_basic_average_shares,1,0.0
MEL.NZ,annual_basic_eps,1,0.0
MEL.NZ,annual_depreciation_amortization_depletion_income_statement,1,0.0
MEL.NZ,annual_depreciation_and_amortization_in_income_statement,1,0.0
MEL.NZ,annual_depreciation_income_statement,1,0.0
MEL.NZ,annual_diluted_average_shares,1,0.0
MEL.NZ,annual_diluted_eps,1,0.0
MEL.NZ,annual_ebit,1,0.0
MEL.NZ,annual_ebitda,1,0.0
MEL.NZ,annual_general_and_administrative_expense,1,0.0
MEL.NZ,annual_impairment_of_capital_assets,1,0.0
MEL.NZ,annual_interest_expense,1,0.0
MEL.NZ,annual_interest_income,1,0.0
MEL.NZ,annual_net_income,1,0.0
MEL.NZ,annual_net_income_common_stockholders,1,0.0
MEL.NZ,annual_net_income_continuous_operations,1,0.0
MEL.NZ,annual_net_income_from_continuing_and_discontinued_operation,1,0.0
MEL.NZ,annual_net_income_from_continuing_operation_net_minority_interest,1,0.0
MEL.NZ,annual_net_income_including_noncontrolling_interests,1,0.0
MEL.NZ,annual_net_interest_income,1,0.0
MEL.NZ,annual_normalized_ebitda,1,0.0
MEL.NZ,annual_normalized_income,1,0.0
MEL.NZ,annual_other_gand_a,1,0.0
MEL.NZ,annual_other_non_operating_income_expenses,1,0.0
MEL.NZ,annual_other_special_charges,1,0.0
MEL.NZ,annual_pretax_income,1,0.0
MEL.NZ,annual_reconciled_depreciation,1,0.0
MEL.NZ,annual_salaries_and_wages,1,0.0
MEL.NZ,annual_selling_general_and_administration,1,0.0
MEL.NZ,annual_special_income_charges,1,0.0
MEL.NZ,annual_tax_effect_of_unusual_items,1,0.0
MEL.NZ,annual_tax_provision,1,0.0
MEL.NZ,annual_tax_rate_for_calcs,1,0.0
MEL.NZ,annual_total_revenue,1,0.0
MEL.NZ,annual_total_unusual_items,1,0.0
MEL.NZ,annual_total_unusual_items_excluding_goodwill,1,0.0
MEL.NZ,close,4,6.0
MEL.NZ,dividend,1,0.0
MEL.NZ,high,5,6.0
MEL.NZ,low,5,6.0
MEL.NZ,open,4,5.0
MEL.NZ,trailing_amortization,1,0.0
MEL.NZ,trailing_amortization_of_intangibles_income_statement,1,0.0
MEL.NZ,trailing_basic_average_shares,1,0.0
MEL.NZ,trailing_basic_eps,1,0.0
MEL.NZ,trailing_depreciation_amortization_depletion_income_statement,1,0.0
MEL.NZ,trailing_depreciation_and_amortization_in_income_statement,1,0.0
MEL.NZ,trailing_depreciation_income_statement,1,0.0
MEL.NZ,trailing_diluted_average_shares,1,0.0
MEL.NZ,trailing_diluted_eps,1,0.0
MEL.NZ,trailing_ebit,1,0.0
MEL.NZ,trailing_ebitda,1,0.0
MEL.NZ,trailing_general_and_administrative_expense,1,0.0
MEL.NZ,trailing_impairment_of_capital_assets,1,0.0
MEL.NZ,trailing_interest_expense,1,0.0
MEL.NZ,trailing_interest_income,2,1280.0
MEL.NZ,trailing_net_income,1,0.0
MEL.NZ,trailing_net_income_common_stockholders,1,0.0
MEL.NZ,trailing_net_income_continuous_operations,1,0.0
MEL.NZ,trailing_net_income_from_continuing_and_discontinued_operation,1,0.0
MEL.NZ,trailing_net_income_from_continuing_operation_net_minority_interest,1,0.0
MEL.NZ,trailing_net_income_including_noncontrolling_interests,1,0.0
MEL.NZ,trailing_net_interest_income,1,0.0
MEL.NZ,trailing_normalized_ebitda,1,0.0
MEL.NZ,trailing_normalized_income,1,0.0
MEL.NZ,trailing_other_gand_a,1,0.0
MEL.NZ,trailing_other_non_operating_income_expenses,1,0.0
MEL.NZ,trailing_reconciled_depreciation,1,0.0
MEL.NZ,trailing_salaries_and_wages,1,0.0
MEL.NZ,trailing_selling_general_and_administration,1,0.0
MEL.NZ,trailing_special_income_charges,1,0.0
MEL.NZ,trailing_tax_effect_of_unusual_items,1,0.0
MEL.NZ,trailing_tax_provision,1,0.0
MEL.NZ,trailing_tax_rate_for_calcs,1,0.0
MEL.NZ,trailing_total_revenue,1,0.0
MEL.NZ,trailing_total_unusual_items,1,0.0
MEL.NZ,trailing_total_unusual_items_excluding_goodwill,1,0.0
MEL.NZ,volume,2,4.0
MEL.NZ,wiki_views,3,2.0
MEL.NZ,wiki_views_desktop,3,2.0
MEL.NZ,wiki_views_mobile,4,3.0
MFB.NZ,adj_close,9,12.0
MFB.NZ,annual_amortization,1,0.0
MFB.NZ,annual_amortization_of_intangibles_income_statement,1,0.0
MFB.NZ,annual_basic_average_shares,2,365.0
MFB.NZ,annual_basic_eps,1,0.0
MFB.NZ,annual_depreciation_amortization_depletion_income_statement,1,0.0
MFB.NZ,annual_depreciation_and_amortization_in_income_statement,1,0.0
MFB.NZ,annual_depreciation_income_statement,1,0.0
MFB.NZ,annual_diluted_average_shares,2,365.0
MFB.NZ,annual_diluted_eps,1,0.0
MFB.NZ,annual_ebit,1,0.0
MFB.NZ,annual_ebitda,1,0.0
MFB.NZ,annual_interest_expense,1,0.0
MFB.NZ,annual_interest_income,1,0.0
MFB.NZ,annual_net_income,1,0.0
MFB.NZ,annual_net_income_common_stockholders,1,0.0
MFB.NZ,annual_net_income_continuous_operations,1,0.0
MFB.NZ,annual_net_income_from_continuing_and_discontinued_operation,1,0.0
MFB.NZ,annual_net_income_from_continuing_operation_net_minority_interest,1,0.0
MFB.NZ,annual_net_income_including_noncontrolling_interests,1,0.0
MFB.NZ,annual_net_interest_income,1,0.0
MFB.NZ,annual_normalized_ebitda,1,0.0
MFB.NZ,annual_normalized_income,1,0.0
MFB.NZ,annual_other_non_operating_income_expenses,1,0.0
MFB.NZ,annual_pretax_income,1,0.0
MFB.NZ,annual_reconciled_depreciation,1,0.0
MFB.NZ,annual_selling_and_marketing_expense,1,0.0
MFB.NZ,annual_selling_general_and_administration,1,0.0
MFB.NZ,annual_tax_effect_of_unusual_items,4,1096.0
MFB.NZ,annual_tax_provision,1,0.0
MFB.NZ,annual_tax_rate_for_calcs,1,0.0
MFB.NZ,annual_total_revenue,1,0.0
MFB.NZ,close,9,12.0
MFB.NZ,dividend,1,0.0
MFB.NZ,high,12,16.0
MFB.NZ,low,20,28.0
MFB.NZ,open,6,7.0
MFB.NZ,trailing_basic_average_shares,1,0.0
MFB.NZ,trailing_basic_eps,1,0.0
MFB.NZ,trailing_depreciation_amortization_depletion_income_statement,1,0.0
MFB.NZ,trailing_depreciation_and_amortization_in_income_statement,1,0.0
MFB.NZ,trailing_depreciation_income_statement,1,0.0
MFB.NZ,trailing_diluted_average_shares,1,0.0
MFB.NZ,trailing_diluted_eps,1,0.0
MFB.NZ,trailing_ebit,1,0.0
MFB.NZ,trailing_ebitda,1,0.0
MFB.NZ,trailing_interest_expense,1,0.0
MFB.NZ,trailing_interest_income,1,0.0
MFB.NZ,trailing_net_income,1,0.0
MFB.NZ,trailing_net_income_common_stockholders,1,0.0
MFB.NZ,trailing_net_income_continuous_operations,1,0.0
MFB.NZ,trailing_net_income_from_continuing_and_discontinued_operation,1,0.0
MFB.NZ,trailing_net_income_from_continuing_operation_net_minority_interest,1,0.0
MFB.NZ,trailing_net_income_including_noncontrolling_interests,1,0.0
MFB.NZ,trailing_net_interest_income,1,0.0
MFB.NZ,trailing_normalized_ebitda,1,0.0
MFB.NZ,trailing_normalized_income,1,0.0
MFB.NZ,trailing_reconciled_depreciation,1,0.0
MFB.NZ,trailing_selling_and_marketing_expense,1,0.0
MFB.NZ,trailing_selling_general_and_administration,1,0.0
MFB.NZ,trailing_tax_effect_of_unusual_items,1,0.0
MFB.NZ,trailing_tax_provision,1,0.0
MFB.NZ,trailing_tax_rate_for_calcs,1,0.0
MFB.NZ,trailing_total_revenue,1,0.0
MFB.NZ,volume,1,0.0
MFT.NZ,adj_close,10,13.0
MFT.NZ,annual_amortization,1,0.0
MFT.NZ,annual_amortization_of_intangibles_income_statement,1,0.0
MFT.NZ,annual_basic_average_shares,2,365.0
MFT.NZ,annual_basic_eps,1,0.0
MFT.NZ,annual_depreciation_amortization_depletion_income_statement,1,0.0
MFT.NZ,annual_depreciation_and_amortization_in_income_statement,1,0.0
MFT.NZ,annual_depreciation_income_statement,1,0.0
MFT.NZ,annual_diluted_average_shares,2,365.0
MFT.NZ,annual_diluted_eps,1,0.0
MFT.NZ,annual_ebit,1,0.0
MFT.NZ,annual_ebitda,1,0.0
MFT.NZ,annual_general_and_administrative_expense,1,0.0
MFT.NZ,annual_interest_expense,1,0.0
MFT.NZ,annual_interest_income,1,0.0
MFT.NZ,annual_net_income,1,0.0
MFT.NZ,annual_net_income_common_stockholders,1,0.0
MFT.NZ,annual_net_income_continuous_operations,1,0.0
MFT.NZ,annual_net_income_from_continuing_and_discontinued_operation,1,0.0
MFT.NZ,annual_net_income_from_continuing_operation_net_minority_interest,1,0.0
MFT.NZ,annual_net_income_including_noncontrolling_interests,1,0.0
MFT.NZ,annual_net_interest_income,1,0.0
MFT.NZ,annual_normalized_ebitda,1,0.0
MFT.NZ,annual_normalized_income,1,0.0
MFT.NZ,annual_pretax_income,1,0.0
MFT.NZ,annual_reconciled_depreciation,1,0.0
MFT.NZ,annual_salaries_and_wages,1,0.0
MFT.NZ,annual_selling_general_and_administration,1,0.0
MFT.NZ,annual_tax_effect_of_unusual_items,4,1096.0
MFT.NZ,annual_tax_provision,1,0.0
MFT.NZ,annual_tax_rate_for_calcs,1,0.0
MFT.NZ,annual_total_revenue,1,0.0
MFT.NZ,close,10,13.0
MFT.NZ,dividend,3,194.0
MFT.NZ,high,9,10.0
MFT.NZ,low,9,12.0
MFT.NZ,open,7,10.0
MFT.NZ,trailing_amortization,1,0.0
MFT.NZ,trailing_amortization_of_intangibles_income_statement,1,0.0
MFT.NZ,trailing_basic_average_shares,2,183.0
MFT.NZ,trailing_basic_eps,1,0.0
MFT.NZ,trailing_depreciation_amortization_depletion_income_statement,1,0.0
MFT.NZ,trailing_depreciation_and_amortization_in_income_statement,1,0.0
MFT.NZ,trailing_depreciation_income_statement,1,0.0
MFT.NZ,trailing_diluted_average_shares,2,183.0
MFT.NZ,trailing_diluted_eps,1,0.0
MFT.NZ,trailing_ebit,1,0.0
MFT.NZ,trailing_ebitda,1,0.0
MFT.NZ,trailing_general_and_administrative_expense,1,0.0
MFT.NZ,trailing_impairment_of_capital_assets,1,0.0
MFT.NZ,trailing_interest_expense,1,0.0
MFT.NZ,trailing_interest_income,1,0.0
MFT.NZ,trailing_net_income,1,0.0
MFT.NZ,trailing_net_income_common_stockholders,1,0.0
MFT.NZ,trailing_net_income_continuous_operations,1,0.0
MFT.NZ,trailing_net_income_from_continuing_and_discontinued_operation,1,0.0
MFT.NZ,trailing_net_income_from_continuing_operation_net_minority_interest,1,0.0
MFT.NZ,trailing_net_income_including_noncontrolling_interests,1,0.0
MFT.NZ,trailing_net_interest_income,1,0.0
MFT.NZ,trailing_normalized_ebitda,1,0.0
MFT.NZ,trailing_normalized_income,1,0.0
MFT.NZ,trailing_other_gand_a,1,0.0
MFT.NZ,trailing_other_non_operating_income_expenses,1,0.0
MFT.NZ,trailing_reconciled_depreciation,1,0.0
MFT.NZ,trailing_salaries_and_wages,1,0.0
MFT.NZ,trailing_selling_general_and_administration,1,0.0
MFT.NZ,trailing_special_income_charges,1,0.0
MFT.NZ,trailing_tax_effect_of_unusual_items,1,0.0
MFT.NZ,trailing_tax_provision,1,0.0
MFT.NZ,trailing_tax_rate_for_calcs,1,0.0
MFT.NZ,trailing_total_revenue,1,0.0
MFT.NZ,trailing_total_unusual_items,1,0.0
MFT.NZ,trailing_total_unusual_items_excluding_goodwill,1,0.0
MFT.NZ,volume,4,5.0
MFT.NZ,wiki_views,3,2.0
MFT.NZ,wiki_views_desktop,3,2.0
MFT.NZ,wiki_views_mobile,4,3.0
MHJ.NZ,adj_close,10,13.0
MHJ.NZ,annual_amortization,1,0.0
MHJ.NZ,annual_amortization_of_intangibles_income_statement,1,0.0
MHJ.NZ,annual_basic_average_shares,1,0.0
MHJ.NZ,annual_basic_eps,1,0.0
MHJ.NZ,annual_depreciation_amortization_depletion_income_statement,1,0.0
MHJ.NZ,annual_depreciation_and_amortization_in_income_statement,1,0.0
MHJ.NZ,annual_depreciation_income_statement,1,0.0
MHJ.NZ,annual_diluted_average_shares,1,0.0
MHJ.NZ,annual_diluted_eps,1,0.0
MHJ.NZ,annual_ebit,1,0.0
MHJ.NZ,annual_ebitda,1,0.0
MHJ.NZ,annual_general_and_administrative_expense,1,0.0
MHJ.NZ,annual_impairment_of_capital_assets,1,0.0
MHJ.NZ,annual_interest_expense,1,0.0
MHJ.NZ,annual_interest_income,1,0.0
MHJ.NZ,annual_net_income,1,0.0
MHJ.NZ,annual_net_income_common_stockholders,1,0.0
MHJ.NZ,annual_net_income_continuous_operations,1,0.0
MHJ.NZ,annual_net_income_from_continuing_and_discontinued_operation,1,0.0
MHJ.NZ,annual_net_income_from_continuing_operation_net_minority_interest,1,0.0
MHJ.NZ,annual_net_income_including_noncontrolling_interests,1,0.0
MHJ.NZ,annual_net_interest_income,1,0.0
MHJ.NZ,annual_normalized_ebitda,1,0.0
MHJ.NZ,annual_normalized_income,1,0.0
MHJ.NZ,annual_other_gand_a,1,0.0
MHJ.NZ,annual_other_non_operating_income_expenses,1,0.0
MHJ.NZ,annual_pretax_income,1,0.0
MHJ.NZ,annual_reconciled_depreciation,1,0.0
MHJ.NZ,annual_rent_and_landing_fees,1,0.0
MHJ.NZ,annual_salaries_and_wages,1,0.0
MHJ.NZ,annual_selling_and_marketing_expense,1,0.0
MHJ.NZ,annual_selling_general_and_administration,1,0.0
MHJ.NZ,annual_special_income_charges,1,0.0
MHJ.NZ,annual_tax_effect_of_unusual_items,1,0.0
MHJ.NZ,annual_tax_provision,1,0.0
MHJ.NZ,annual_tax_rate_for_calcs,1,0.0
MHJ.NZ,annual_total_revenue,1,0.0
MHJ.NZ,annual_total_unusual_items,1,0.0
MHJ.NZ,annual_total_unusual_items_excluding_goodwill,1,0.0
MHJ.NZ,close,10,13.0
MHJ.NZ,dividend,6,916.0
MHJ.NZ,high,17,22.0
MHJ.NZ,low,11,15.0
MHJ.NZ,open,13,16.0
MHJ.NZ,split,1,0.0
MHJ.NZ,trailing_amortization,1,0.0
MHJ.NZ,trailing_amortization_of_intangibles_income_statement,1,0.0
MHJ.NZ,trailing_basic_average_shares,1,0.0
MHJ.NZ,trailing_basic_eps,1,0.0
MHJ.NZ,trailing_depreciation_amortization_depletion_income_statement,1,0.0
MHJ.NZ,trailing_depreciation_and_amortization_in_income_statement,1,0.0
MHJ.NZ,trailing_depreciation_income_statement,1,0.0
MHJ.NZ,trailing_diluted_average_shares,1,0.0
MHJ.NZ,trailing_diluted_eps,1,0.0
MHJ.NZ,trailing_ebit,1,0.0
MHJ.NZ,trailing_ebitda,1,0.0
MHJ.NZ,trailing_general_and_administrative_expense,1,0.0
MHJ.NZ,trailing_impairment_of_capital_assets,1,0.0
MHJ.NZ,trailing_interest_expense,1,0.0
MHJ.NZ,trailing_interest_income,1,0.0
MHJ.NZ,trailing_net_income,1,0.0
MHJ.NZ,trailing_net_income_common_stockholders,1,0.0
MHJ.NZ,trailing_net_income_continuous_operations,1,0.0
MHJ.NZ,trailing_net_income_from_continuing_and_discontinued_operation,1,0.0
MHJ.NZ,trailing_net_income_from_continuing_operation_net_minority_interest,1,0.0
MHJ.NZ,trailing_net_income_including_noncontrolling_interests,1,0.0
MHJ.NZ,trailing_net_interest_income,1,0.0
MHJ.NZ,trailing_normalized_ebitda,1,0.0
MHJ.NZ,trailing_normalized_income,1,0.0
MHJ.NZ,trailing_other_gand_a,1,0.0
MHJ.NZ,trailing_other_non_operating_income_expenses,1,0.0
MHJ.NZ,trailing_reconciled_depreciation,1,0.0
MHJ.NZ,trailing_rent_and_landing_fees,1,0.0
MHJ.NZ,trailing_salaries_and_wages,1,0.0
MHJ.NZ,trailing_selling_and_marketing_expense,1,0.0
MHJ.NZ,trailing_selling_general_and_administration,1,0.0
MHJ.NZ,trailing_special_income_charges,1,0.0
MHJ.NZ,trailing_tax_effect_of_unusual_items,1,0.0
MHJ.NZ,trailing_tax_provision,1,0.0
MHJ.NZ,trailing_tax_rate_for_calcs,1,0.0
MHJ.NZ,trailing_total_revenue,1,0.0
MHJ.NZ,trailing_total_unusual_items,1,0.0
MHJ.NZ,trailing_total_unusual_items_excluding_goodwill,1,0.0
MHJ.NZ,volume,11,14.0
MLN.NZ,adj_close,23,30.0
MLN.NZ,annual_basic_average_shares,1,0.0
MLN.NZ,annual_basic_eps,1,0.0
MLN.NZ,annual_diluted_average_shares,1,0.0
MLN.NZ,annual_diluted_eps,1,0.0
MLN.NZ,annual_diluted_niavailto_com_stockholders,1,0.0
MLN.NZ,annual_dividend_income,1,0.0
MLN.NZ,annual_fees_and_commissions,1,0.0
MLN.NZ,annual_feesand_commission_expense,1,0.0
MLN.NZ,annual_gain_on_sale_of_security,1,0.0
MLN.NZ,annual_general_and_administrative_expense,1,0.0
MLN.NZ,annual_interest_income,1,0.0
MLN.NZ,annual_net_income,1,0.0
MLN.NZ,annual_net_income_common_stockholders,1,0.0
MLN.NZ,annual_net_income_continuous_operations,1,0.0
MLN.NZ,annual_net_income_from_continuing_and_discontinued_operation,1,0.0
MLN.NZ,annual_net_income_from_continuing_operation_net_minority_interest,1,0.0
MLN.NZ,annual_net_income_including_noncontrolling_interests,1,0.0
MLN.NZ,annual_net_interest_income,1,0.0
MLN.NZ,annual_non_interest_income,1,0.0
MLN.NZ,annual_normalized_income,1,0.0
MLN.NZ,annual_pretax_income,1,0.0
MLN.NZ,annual_selling_general_and_administration,1,0.0
MLN.NZ,annual_tax_effect_of_unusual_items,3,731.0
MLN.NZ,annual_tax_provision,1,0.0
MLN.NZ,annual_tax_rate_for_calcs,1,0.0
MLN.NZ,annual_total_revenue,1,0.0
MLN.NZ,close,23,30.0
MLN.NZ,dividend,3,182.0
MLN.NZ,high,22,31.0
MLN.NZ,low,22,29.0
MLN.NZ,open,22,31.0
MLN.NZ,trailing_basic_average_shares,1,0.0
MLN.NZ,trailing_basic_eps,1,0.0
MLN.NZ,trailing_diluted_average_shares,1,0.0
MLN.NZ,trailing_diluted_eps,1,0.0
MLN.NZ,trailing_diluted_niavailto_com_stockholders,1,0.0
MLN.NZ,trailing_dividend_income,1,0.0
MLN.NZ,trailing_fees_and_commissions,1,0.0
MLN.NZ,trailing_feesand_commission_expense,1,0.0
MLN.NZ,trailing_gain_on_sale_of_security,1,0.0
MLN.NZ,trailing_general_and_administrative_expense,1,0.0
MLN.NZ,trailing_interest_income,1,0.0
MLN.NZ,trailing_net_income,1,0.0
MLN.NZ,trailing_net_income_common_stockholders,1,0.0
MLN.NZ,trailing_net_income_continuous_operations,1,0.0
MLN.NZ,trailing_net_income_from_continuing_and_discontinued_operation,1,0.0
MLN.NZ,trailing_net_income_from_continuing_operation_net_minority_interest,1,0.0
MLN.NZ,trailing_net_income_including_noncontrolling_interests,1,0.0
MLN.NZ,trailing_net_interest_income,1,0.0
MLN.NZ,trailing_non_interest_income,1,0.0
MLN.NZ,trailing_normalized_income,1,0.0
MLN.NZ,trailing_selling_general_and_administration,1,0.0
MLN.NZ,trailing_tax_effect_of_unusual_items,2,365.0
MLN.NZ,trailing_tax_provision,1,0.0
MLN.NZ,trailing_tax_rate_for_calcs,1,0.0
MLN.NZ,trailing_total_revenue,1,0.0
MLN.NZ,volume,41,59.0
MOV.NZ,adj_close,173,253.0
MOV.NZ,annual_amortization,1,0.0
MOV.NZ,annual_amortization_of_intangibles_income_statement,1,0.0
MOV.NZ,annual_basic_average_shares,1,0.0
MOV.NZ,annual_basic_eps,1,0.0
MOV.NZ,annual_depreciation_amortization_depletion_income_statement,1,0.0
MOV.NZ,annual_depreciation_and_amortization_in_income_statement,1,0.0
MOV.NZ,annual_depreciation_income_statement,1,0.0
MOV.NZ,annual_diluted_average_shares,1,0.0
MOV.NZ,annual_diluted_eps,1,0.0
MOV.NZ,annual_ebit,1,0.0
MOV.NZ,annual_ebitda,1,0.0
MOV.NZ,annual_general_and_administrative_expense,1,0.0
MOV.NZ,annual_impairment_of_capital_assets,1,0.0
MOV.NZ,annual_interest_expense,1,0.0
MOV.NZ,annual_interest_income,1,0.0
MOV.NZ,annual_minority_interests,1,0.0
MOV.NZ,annual_net_income,1,0.0
MOV.NZ,annual_net_income_common_stockholders,1,0.0
MOV.NZ,annual_net_income_continuous_operations,1,0.0
MOV.NZ,annual_net_income_discontinuous_operations,1,0.0
MOV.NZ,annual_net_income_from_continuing_and_discontinued_operation,1,0.0
MOV.NZ,annual_net_income_from_continuing_operation_net_minority_interest,1,0.0
MOV.NZ,annual_net_income_including_noncontrolling_interests,1,0.0
MOV.NZ,annual_net_interest_income,1,0.0
MOV.NZ,annual_normalized_ebitda,1,0.0
MOV.NZ,annual_normalized_income,1,0.0
MOV.NZ,annual_other_non_operating_income_expenses,1,0.0
MOV.NZ,annual_pretax_income,1,0.0
MOV.NZ,annual_reconciled_depreciation,1,0.0
MOV.NZ,annual_rent_and_landing_fees,1,0.0
MOV.NZ,annual_restructuring_and_mergern_acquisition,1,0.0
MOV.NZ,annual_salaries_and_wages,1,0.0
MOV.NZ,annual_selling_general_and_administration,1,0.0
MOV.NZ,annual_special_income_charges,1,0.0
MOV.NZ,annual_tax_effect_of_unusual_items,1,0.0
MOV.NZ,annual_tax_provision,1,0.0
MOV.NZ,annual_tax_rate_for_calcs,2,365.0
MOV.NZ,annual_total_revenue,1,0.0
MOV.NZ,annual_total_unusual_items,1,0.0
MOV.NZ,annual_total_unusual_items_excluding_goodwill,1,0.0
MOV.NZ,close,173,253.0
MOV.NZ,dividend,2,184.0
MOV.NZ,high,173,253.0
MOV.NZ,low,173,253.0
MOV.NZ,open,173,253.0
MOV.NZ,split,1,0.0
MOV.NZ,trailing_amortization,1,0.0
MOV.NZ,trailing_amortization_of_intangibles_income_statement,1,0.0
MOV.NZ,trailing_basic_average_shares,1,0.0
MOV.NZ,trailing_basic_eps,1,0.0
MOV.NZ,trailing_depreciation_amortization_depletion_income_statement,1,0.0
MOV.NZ,trailing_depreciation_and_amortization_in_income_statement,1,0.0
MOV.NZ,trailing_depreciation_income_statement,1,0.0
MOV.NZ,trailing_diluted_average_shares,1,0.0
MOV.NZ,trailing_diluted_eps,1,0.0
MOV.NZ,trailing_ebit,1,0.0
MOV.NZ,trailing_ebitda,1,0.0
MOV.NZ,trailing_general_and_administrative_expense,1,0.0
MOV.NZ,trailing_impairment_of_capital_assets,1,0.0
MOV.NZ,trailing_interest_expense,1,0.0
MOV.NZ,trailing_interest_income,1,0.0
MOV.NZ,trailing_minority_interests,1,0.0
MOV.NZ,trailing_net_income,1,0.0
MOV.NZ,trailing_net_income_common_stockholders,1,0.0
MOV.NZ,trailing_net_income_continuous_operations,1,0.0
MOV.NZ,trailing_net_income_from_continuing_and_discontinued_operation,1,0.0
MOV.NZ,trailing_net_income_from_continuing_operation_net_minority_interest,1,0.0
MOV.NZ,trailing_net_income_including_noncontrolling_interests,1,0.0
MOV.NZ,trailing_net_interest_income,1,0.0
MOV.NZ,trailing_normalized_ebitda,1,0.0
MOV.NZ,trailing_normalized_income,1,0.0
MOV.NZ,trailing_other_non_operating_income_expenses,1,0.0
MOV.NZ,trailing_reconciled_depreciation,1,0.0
MOV.NZ,trailing_rent_and_landing_fees,1,0.0
MOV.NZ,trailing_restructuring_and_mergern_acquisition,1,0.0
MOV.NZ,trailing_salaries_and_wages,1,0.0
MOV.NZ,trailing_selling_general_and_administration,1,0.0
MOV.NZ,trailing_special_income_charges,1,0.0
MOV.NZ,trailing_tax_effect_of_unusual_items,1,0.0
MOV.NZ,trailing_tax_provision,1,0.0
MOV.NZ,trailing_tax_rate_for_calcs,1,0.0
MOV.NZ,trailing_total_revenue,1,0.0
MOV.NZ,trailing_total_unusual_items,1,0.0
MOV.NZ,trailing_total_unusual_items_excluding_goodwill,1,0.0
MOV.NZ,volume,172,252.0
MPG.NZ,adj_close,13,16.0
MPG.NZ,annual_amortization,1,0.0
MPG.NZ,annual_amortization_of_intangibles_income_statement,1,0.0
MPG.NZ,annual_basic_average_shares,2,365.0
MPG.NZ,annual_basic_eps,1,0.0
MPG.NZ,annual_depreciation_amortization_depletion_income_statement,1,0.0
MPG.NZ,annual_depreciation_and_amortization_in_income_statement,1,0.0
MPG.NZ,annual_depreciation_income_statement,1,0.0
MPG.NZ,annual_diluted_average_shares,2,365.0
MPG.NZ,annual_diluted_eps,1,0.0
MPG.NZ,annual_ebit,1,0.0
MPG.NZ,annual_ebitda,1,0.0
MPG.NZ,annual_general_and_administrative_expense,1,0.0
MPG.NZ,annual_impairment_of_capital_assets,1,0.0
MPG.NZ,annual_interest_expense,1,0.0
MPG.NZ,annual_interest_income,1,0.0
MPG.NZ,annual_net_income,1,0.0
MPG.NZ,annual_net_income_common_stockholders,1,0.0
MPG.NZ,annual_net_income_continuous_operations,1,0.0
MPG.NZ,annual_net_income_from_continuing_and_discontinued_operation,1,0.0
MPG.NZ,annual_net_income_from_continuing_operation_net_minority_interest,1,0.0
MPG.NZ,annual_net_income_including_noncontrolling_interests,1,0.0
MPG.NZ,annual_net_interest_income,1,0.0
MPG.NZ,annual_normalized_ebitda,1,0.0
MPG.NZ,annual_normalized_income,1,0.0
MPG.NZ,annual_other_gand_a,1,0.0
MPG.NZ,annual_other_non_operating_income_expenses,1,0.0
MPG.NZ,annual_pretax_income,1,0.0
MPG.NZ,annual_reconciled_depreciation,1,0.0
MPG.NZ,annual_restructuring_and_mergern_acquisition,1,0.0
MPG.NZ,annual_selling_and_marketing_expense,1,0.0
MPG.NZ,annual_selling_general_and_administration,1,0.0
MPG.NZ,annual_special_income_charges,1,0.0
MPG.NZ,annual_tax_effect_of_unusual_items,1,0.0
MPG.NZ,annual_tax_provision,1,0.0
MPG.NZ,annual_tax_rate_for_calcs,1,0.0
MPG.NZ,annual_total_revenue,1,0.0
MPG.NZ,annual_total_unusual_items,1,0.0
MPG.NZ,annual_total_unusual_items_excluding_goodwill,1,0.0
MPG.NZ,close,13,16.0
MPG.NZ,dividend,2,174.0
MPG.NZ,high,11,14.0
MPG.NZ,low,13,16.0
MPG.NZ,open,9,14.0
MPG.NZ,split,1,0.0
MPG.NZ,trailing_basic_average_shares,1,0.0
MPG.NZ,trailing_basic_eps,1,0.0
MPG.NZ,trailing_depreciation_amortization_depletion_income_statement,1,0.0
MPG.NZ,trailing_depreciation_and_amortization_in_income_statement,1,0.0
MPG.NZ,trailing_depreciation_income_statement,1,0.0
MPG.NZ,trailing_diluted_average_shares,1,0.0
MPG.NZ,trailing_diluted_eps,1,0.0
MPG.NZ,trailing_ebit,1,0.0
MPG.NZ,trailing_ebitda,1,0.0
MPG.NZ,trailing_general_and_administrative_expense,1,0.0
MPG.NZ,trailing_interest_expense,1,0.0
MPG.NZ,trailing_interest_income,1,0.0
MPG.NZ,trailing_net_income,1,0.0
MPG.NZ,trailing_net_income_common_stockholders,1,0.0
MPG.NZ,trailing_net_income_continuous_operations,1,0.0
MPG.NZ,trailing_net_income_from_continuing_and_discontinued_operation,1,0.0
MPG.NZ,trailing_net_income_from_continuing_operation_net_minority_interest,1,0.0
MPG.NZ,trailing_net_income_including_noncontrolling_interests,1,0.0
MPG.NZ,trailing_net_interest_income,1,0.0
MPG.NZ,trailing_normalized_ebitda,1,0.0
MPG.NZ,trailing_normalized_income,1,0.0
MPG.NZ,trailing_other_gand_a,1,0.0
MPG.NZ,trailing_other_non_operating_income_expenses,1,0.0
MPG.NZ,trailing_reconciled_depreciation,1,0.0
MPG.NZ,trailing_restructuring_and_mergern_acquisition,1,0.0
MPG.NZ,trailing_selling_and_marketing_expense,1,0.0
MPG.NZ,trailing_selling_general_and_administration,1,0.0
MPG.NZ,trailing_special_income_charges,1,0.0
MPG.NZ,trailing_tax_effect_of_unusual_items,1,0.0
MPG.NZ,trailing_tax_provision,1,0.0
MPG.NZ,trailing_tax_rate_for_calcs,1,0.0
MPG.NZ,trailing_total_revenue,1,0.0
MPG.NZ,trailing_total_unusual_items,1,0.0
MPG.NZ,trailing_total_unusual_items_excluding_goodwill,1,0.0
MPG.NZ,volume,5,6.0
MZY.NZ,adj_close,5,6.0
MZY.NZ,close,5,6.0
MZY.NZ,dividend,1,0.0
MZY.NZ,high,5,7.0
MZY.NZ,low,6,7.0
MZY.NZ,open,5,7.0
MZY.NZ,volume,252,363.0
NGB.NZ,adj_close,3,4.0
NGB.NZ,close,3,4.0
NGB.NZ,dividend,2,91.0
NGB.NZ,high,4,5.0
NGB.NZ,low,4,5.0
NGB.NZ,open,5,6.0
NGB.NZ,volume,2,3.0
NPF.NZ,adj_close,4,5.0
NPF.NZ,close,4,5.0
NPF.NZ,dividend,1,0.0
NPF.NZ,high,4,7.0
NPF.NZ,low,5,6.0
NPF.NZ,open,4,3.0
NPF.NZ,volume,16,23.0
NPH.NZ,adj_close,5,7.0
NPH.NZ,annual_amortization,1,0.0
NPH.NZ,annual_amortization_of_intangibles_income_statement,1,0.0
NPH.NZ,annual_basic_average_shares,1,0.0
NPH.NZ,annual_basic_eps,1,0.0
NPH.NZ,annual_depreciation_amortization_depletion_income_statement,1,0.0
NPH.NZ,annual_depreciation_and_amortization_in_income_statement,1,0.0
NPH.NZ,annual_depreciation_income_statement,1,0.0
NPH.NZ,annual_diluted_average_shares,1,0.0
NPH.NZ,annual_diluted_eps,1,0.0
NPH.NZ,annual_ebit,1,0.0
NPH.NZ,annual_ebitda,1,0.0
NPH.NZ,annual_general_and_administrative_expense,1,0.0
NPH.NZ,annual_impairment_of_capital_assets,1,0.0
NPH.NZ,annual_interest_expense,1,0.0
NPH.NZ,annual_interest_income,1,0.0
NPH.NZ,annual_net_income,1,0.0
NPH.NZ,annual_net_income_common_stockholders,1,0.0
NPH.NZ,annual_net_income_continuous_operations,1,0.0
NPH.NZ,annual_net_income_from_continuing_and_discontinued_operation,1,0.0
NPH.NZ,annual_net_income_from_continuing_operation_net_minority_interest,1,0.0
NPH.NZ,annual_net_income_including_noncontrolling_interests,1,0.0
NPH.NZ,annual_net_interest_income,1,0.0
NPH.NZ,annual_normalized_ebitda,1,0.0
NPH.NZ,annual_normalized_income,1,0.0
NPH.NZ,annual_other_non_operating_income_expenses,1,0.0
NPH.NZ,annual_other_special_charges,1,0.0
NPH.NZ,annual_pretax_income,1,0.0
NPH.NZ,annual_reconciled_depreciation,1,0.0
NPH.NZ,annual_salaries_and_wages,1,0.0
NPH.NZ,annual_selling_general_and_administration,1,0.0
NPH.NZ,annual_special_income_charges,1,0.0
NPH.NZ,annual_tax_effect_of_unusual_items,1,0.0
NPH.NZ,annual_tax_provision,1,0.0
NPH.NZ,annual_tax_rate_for_calcs,1,0.0
NPH.NZ,annual_total_revenue,1,0.0
NPH.NZ,annual_total_unusual_items,1,0.0
NPH.NZ,annual_total_unusual_items_excluding_goodwill,1,0.0
NPH.NZ,close,5,7.0
NPH.NZ,dividend,1,0.0
NPH.NZ,high,6,7.0
NPH.NZ,low,8,11.0
NPH.NZ,open,4,5.0
NPH.NZ,trailing_amortization,1,0.0
NPH.NZ,trailing_amortization_of_intangibles_income_statement,1,0.0
NPH.NZ,trailing_basic_average_shares,1,0.0
NPH.NZ,trailing_basic_eps,1,0.0
NPH.NZ,trailing_depreciation_amortization_depletion_income_statement,1,0.0
NPH.NZ,trailing_depreciation_and_amortization_in_income_statement,1,0.0
NPH.NZ,trailing_depreciation_income_statement,1,0.0
NPH.NZ,trailing_diluted_average_shares,1,0.0
NPH.NZ,trailing_diluted_eps,1,0.0
NPH.NZ,trailing_ebit,1,0.0
NPH.NZ,trailing_ebitda,1,0.0
NPH.NZ,trailing_general_and_administrative_expense,1,0.0
NPH.NZ,trailing_impairment_of_capital_assets,1,0.0
NPH.NZ,trailing_interest_expense,1,0.0
NPH.NZ,trailing_interest_income,1,0.0
NPH.NZ,trailing_net_income,1,0.0
NPH.NZ,trailing_net_income_common_stockholders,1,0.0
NPH.NZ,trailing_net_income_continuous_operations,1,0.0
NPH.NZ,trailing_net_income_from_continuing_and_discontinued_operation,1,0.0
NPH.NZ,trailing_net_income_from_continuing_operation_net_minority_interest,1,0.0
NPH.NZ,trailing_net_income_including_noncontrolling_interests,1,0.0
NPH.NZ,trailing_net_interest_income,1,0.0
NPH.NZ,trailing_normalized_ebitda,1,0.0
NPH.NZ,trailing_normalized_income,1,0.0
NPH.NZ,trailing_other_non_operating_income_expenses,1,0.0
NPH.NZ,trailing_other_special_charges,1,0.0
NPH.NZ,trailing_reconciled_depreciation,1,0.0
NPH.NZ,trailing_salaries_and_wages,1,0.0
NPH.NZ,trailing_selling_general_and_administration,1,0.0
NPH.NZ,trailing_special_income_charges,1,0.0
NPH.NZ,trailing_tax_effect_of_unusual_items,1,0.0
NPH.NZ,trailing_tax_provision,1,0.0
NPH.NZ,trailing_tax_rate_for_calcs,1,0.0
NPH.NZ,trailing_total_revenue,1,0.0
NPH.NZ,trailing_total_unusual_items,1,0.0
NPH.NZ,trailing_total_unusual_items_excluding_goodwill,1,0.0
NPH.NZ,volume,1,0.0
NTL.NZ,adj_close,56,78.0
NTL.NZ,annual_basic_average_shares,1,0.0
NTL.NZ,annual_basic_eps,1,0.0
NTL.NZ,annual_depreciation_amortization_depletion_income_statement,1,0.0
NTL.NZ,annual_depreciation_and_amortization_in_income_statement,1,0.0
NTL.NZ,annual_depreciation_income_statement,1,0.0
NTL.NZ,annual_diluted_average_shares,1,0.0
NTL.NZ,annual_diluted_eps,1,0.0
NTL.NZ,annual_ebit,1,0.0
NTL.NZ,annual_ebitda,1,0.0
NTL.NZ,annual_general_and_administrative_expense,1,0.0
NTL.NZ,annual_interest_expense,1,0.0
NTL.NZ,annual_interest_income,1,0.0
NTL.NZ,annual_net_income,1,0.0
NTL.NZ,annual_net_income_common_stockholders,1,0.0
NTL.NZ,annual_net_income_continuous_operations,1,0.0
NTL.NZ,annual_net_income_from_continuing_and_discontinued_operation,1,0.0
NTL.NZ,annual_net_income_from_continuing_operation_net_minority_interest,1,0.0
NTL.NZ,annual_net_income_including_noncontrolling_interests,1,0.0
NTL.NZ,annual_net_interest_income,1,0.0
NTL.NZ,annual_normalized_ebitda,1,0.0
NTL.NZ,annual_normalized_income,1,0.0
NTL.NZ,annual_other_non_operating_income_expenses,1,0.0
NTL.NZ,annual_pretax_income,1,0.0
NTL.NZ,annual_reconciled_depreciation,1,0.0
NTL.NZ,annual_rent_and_landing_fees,1,0.0
NTL.NZ,annual_salaries_and_wages,1,0.0
NTL.NZ,annual_selling_general_and_administration,1,0.0
NTL.NZ,annual_tax_effect_of_unusual_items,4,1096.0
NTL.NZ,annual_tax_provision,4,1096.0
NTL.NZ,annual_tax_rate_for_calcs,4,1096.0
NTL.NZ,close,56,78.0
NTL.NZ,high,54,76.0
NTL.NZ,low,59,83.0
NTL.NZ,open,35,49.0
NTL.NZ,split,2,2.0
NTL.NZ,trailing_basic_average_shares,1,0.0
NTL.NZ,trailing_basic_eps,1,0.0
NTL.NZ,trailing_depreciation_amortization_depletion_income_statement,1,0.0
NTL.NZ,trailing_depreciation_and_amortization_in_income_statement,1,0.0
NTL.NZ,trailing_depreciation_income_statement,1,0.0
NTL.NZ,trailing_diluted_average_shares,1,0.0
NTL.NZ,trailing_diluted_eps,1,0.0
NTL.NZ,trailing_ebit,1,0.0
NTL.NZ,trailing_ebitda,1,0.0
NTL.NZ,trailing_general_and_administrative_expense,1,0.0
NTL.NZ,trailing_interest_expense,1,0.0
NTL.NZ,trailing_interest_income,1,0.0
NTL.NZ,trailing_net_income,1,0.0
NTL.NZ,trailing_net_income_common_stockholders,1,0.0
NTL.NZ,trailing_net_income_continuous_operations,1,0.0
NTL.NZ,trailing_net_income_from_continuing_and_discontinued_operation,1,0.0
NTL.NZ,trailing_net_income_from_continuing_operation_net_minority_interest,1,0.0
NTL.NZ,trailing_net_income_including_noncontrolling_interests,1,0.0
NTL.NZ,trailing_net_interest_income,1,0.0
NTL.NZ,trailing_normalized_ebitda,1,0.0
NTL.NZ,trailing_normalized_income,1,0.0
NTL.NZ,trailing_other_non_operating_income_expenses,1,0.0
NTL.NZ,trailing_reconciled_depreciation,1,0.0
NTL.NZ,trailing_salaries_and_wages,1,0.0
NTL.NZ,trailing_selling_general_and_administration,1,0.0
NTL.NZ,trailing_tax_effect_of_unusual_items,1,0.0
NTL.NZ,trailing_tax_provision,1,0.0
NTL.NZ,trailing_tax_rate_for_calcs,1,0.0
NTL.NZ,volume,17,22.0
NZB.NZ,adj_close,8,9.0
NZB.NZ,close,8,9.0
NZB.NZ,dividend,1,0.0
NZB.NZ,high,14,17.0
NZB.NZ,low,9,12.0
NZB.NZ,open,10,11.0
NZB.NZ,volume,21,34.0
NZC.NZ,adj_close,39,53.0
NZC.NZ,close,45,60.0
NZC.NZ,dividend,1,0.0
NZC.NZ,high,45,60.0
NZC.NZ,low,45,60.0
NZC.NZ,open,45,60.0
NZC.NZ,volume,143,211.0
NZG.NZ,adj_close,3,4.0
NZG.NZ,close,3,4.0
NZG.NZ,dividend,1,0.0
NZG.NZ,high,3,5.0
NZG.NZ,low,5,6.0
NZG.NZ,open,3,4.0
NZG.NZ,volume,2,3.0
NZK.NZ,adj_close,7,8.0
NZK.NZ,annual_amortization,1,0.0
NZK.NZ,annual_amortization_of_intangibles_income_statement,1,0.0
NZK.NZ,annual_basic_average_shares,1,0.0
NZK.NZ,annual_basic_eps,1,0.0
NZK.NZ,annual_depreciation_amortization_depletion_income_statement,1,0.0
NZK.NZ,annual_depreciation_and_amortization_in_income_statement,1,0.0
NZK.NZ,annual_depreciation_income_statement,1,0.0
NZK.NZ,annual_diluted_average_shares,1,0.0
NZK.NZ,annual_diluted_eps,1,0.0
NZK.NZ,annual_ebit,1,0.0
NZK.NZ,annual_ebitda,1,0.0
NZK.NZ,annual_general_and_administrative_expense,1,0.0
NZK.NZ,annual_impairment_of_capital_assets,1,0.0
NZK.NZ,annual_interest_expense,1,0.0
NZK.NZ,annual_interest_income,1,0.0
NZK.NZ,annual_net_income,1,0.0
NZK.NZ,annual_net_income_common_stockholders,1,0.0
NZK.NZ,annual_net_income_continuous_operations,1,0.0
NZK.NZ,annual_net_income_from_continuing_and_discontinued_operation,1,0.0
NZK.NZ,annual_net_income_from_continuing_operation_net_minority_interest,1,0.0
NZK.NZ,annual_net_income_including_noncontrolling_interests,1,0.0
NZK.NZ,annual_net_interest_income,1,0.0
NZK.NZ,annual_normalized_ebitda,1,0.0
NZK.NZ,annual_normalized_income,1,0.0
NZK.NZ,annual_other_gand_a,1,0.0
NZK.NZ,annual_other_non_operating_income_expenses,1,0.0
NZK.NZ,annual_pretax_income,1,0.0
NZK.NZ,annual_reconciled_depreciation,1,0.0
NZK.NZ,annual_salaries_and_wages,1,0.0
NZK.NZ,annual_selling_and_marketing_expense,1,0.0
NZK.NZ,annual_selling_general_and_administration,1,0.0
NZK.NZ,annual_special_income_charges,1,0.0
NZK.NZ,annual_tax_effect_of_unusual_items,1,0.0
NZK.NZ,annual_tax_provision,1,0.0
NZK.NZ,annual_tax_rate_for_calcs,1,0.0
NZK.NZ,annual_total_revenue,1,0.0
NZK.NZ,annual_total_unusual_items,1,0.0
NZK.NZ,annual_total_unusual_items_excluding_goodwill,1,0.0
NZK.NZ,close,7,8.0
NZK.NZ,dividend,1,0.0
NZK.NZ,high,14,19.0
NZK.NZ,low,16,21.0
NZK.NZ,open,8,11.0
NZK.NZ,trailing_amortization,1,0.0
NZK.NZ,trailing_amortization_of_intangibles_income_statement,1,0.0
NZK.NZ,trailing_basic_average_shares,1,0.0
NZK.NZ,trailing_basic_eps,1,0.0
NZK.NZ,trailing_depreciation_amortization_depletion_income_statement,1,0.0
NZK.NZ,trailing_depreciation_and_amortization_in_income_statement,1,0.0
NZK.NZ,trailing_depreciation_income_statement,1,0.0
NZK.NZ,trailing_diluted_average_shares,1,0.0
NZK.NZ,trailing_diluted_eps,1,0.0
NZK.NZ,trailing_ebit,1,0.0
NZK.NZ,trailing_ebitda,1,0.0
NZK.NZ,trailing_general_and_administrative_expense,1,0.0
NZK.NZ,trailing_impairment_of_capital_assets,1,0.0
NZK.NZ,trailing_interest_expense,1,0.0
NZK.NZ,trailing_interest_income,1,0.0
NZK.NZ,trailing_net_income,1,0.0
NZK.NZ,trailing_net_income_common_stockholders,1,0.0
NZK.NZ,trailing_net_income_continuous_operations,1,0.0
NZK.NZ,trailing_net_income_from_continuing_and_discontinued_operation,1,0.0
NZK.NZ,trailing_net_income_from_continuing_operation_net_minority_interest,1,0.0
NZK.NZ,trailing_net_income_including_noncontrolling_interests,1,0.0
NZK.NZ,trailing_net_interest_income,1,0.0
NZK.NZ,trailing_normalized_ebitda,1,0.0
NZK.NZ,trailing_normalized_income,1,0.0
NZK.NZ,trailing_other_gand_a,1,0.0
NZK.NZ,trailing_other_non_operating_income_expenses,1,0.0
NZK.NZ,trailing_reconciled_depreciation,1,0.0
NZK.NZ,trailing_selling_and_marketing_expense,1,0.0
NZK.NZ,trailing_selling_general_and_administration,1,0.0
NZK.NZ,trailing_special_income_charges,1,0.0
NZK.NZ,trailing_tax_effect_of_unusual_items,1,0.0
NZK.NZ,trailing_tax_provision,1,0.0
NZK.NZ,trailing_tax_rate_for_calcs,1,0.0
NZK.NZ,trailing_total_revenue,1,0.0
NZK.NZ,trailing_total_unusual_items,1,0.0
NZK.NZ,trailing_total_unusual_items_excluding_goodwill,1,0.0
NZK.NZ,volume,2,4.0
NZL.NZ,adj_close,8,9.0
NZL.NZ,annual_basic_average_shares,1,0.0
NZL.NZ,annual_basic_eps,1,0.0
NZL.NZ,annual_diluted_average_shares,1,0.0
NZL.NZ,annual_diluted_eps,1,0.0
NZL.NZ,annual_ebit,1,0.0
NZL.NZ,annual_ebitda,1,0.0
NZL.NZ,annual_general_and_administrative_expense,1,0.0
NZL.NZ,annual_interest_expense,1,0.0
NZL.NZ,annual_interest_income,1,0.0
NZL.NZ,annual_net_income,1,0.0
NZL.NZ,annual_net_income_common_stockholders,1,0.0
NZL.NZ,annual_net_income_continuous_operations,1,0.0
NZL.NZ,annual_net_income_from_continuing_and_discontinued_operation,1,0.0
NZL.NZ,annual_net_income_from_continuing_operation_net_minority_interest,1,0.0
NZL.NZ,annual_net_income_including_noncontrolling_interests,1,0.0
NZL.NZ,annual_net_interest_income,1,0.0
NZL.NZ,annual_normalized_ebitda,1,0.0
NZL.NZ,annual_normalized_income,1,0.0
NZL.NZ,annual_other_gand_a,1,0.0
NZL.NZ,annual_other_non_operating_income_expenses,1,0.0
NZL.NZ,annual_pretax_income,1,0.0
NZL.NZ,annual_salaries_and_wages,2,366.0
NZL.NZ,annual_selling_and_marketing_expense,1,0.0
NZL.NZ,annual_selling_general_and_administration,1,0.0
NZL.NZ,annual_tax_effect_of_unusual_items,4,1280.0
NZL.NZ,annual_tax_provision,1,0.0
NZL.NZ,annual_tax_rate_for_calcs,2,549.0
NZL.NZ,annual_total_revenue,1,0.0
NZL.NZ,close,8,9.0
NZL.NZ,dividend,1,0.0
NZL.NZ,high,10,13.0
NZL.NZ,low,8,13.0
NZL.NZ,open,6,9.0
NZL.NZ,trailing_basic_average_shares,1,0.0
NZL.NZ,trailing_basic_eps,1,0.0
NZL.NZ,trailing_diluted_average_shares,1,0.0
NZL.NZ,trailing_diluted_eps,1,0.0
NZL.NZ,trailing_ebit,1,0.0
NZL.NZ,trailing_ebitda,1,0.0
NZL.NZ,trailing_general_and_administrative_expense,1,0.0
NZL.NZ,trailing_interest_expense,1,0.0
NZL.NZ,trailing_interest_income,1,0.0
NZL.NZ,trailing_net_income,1,0.0
NZL.NZ,trailing_net_income_common_stockholders,1,0.0
NZL.NZ,trailing_net_income_continuous_operations,1,0.0
NZL.NZ,trailing_net_income_from_continuing_and_discontinued_operation,1,0.0
NZL.NZ,trailing_net_income_from_continuing_operation_net_minority_interest,1,0.0
NZL.NZ,trailing_net_income_including_noncontrolling_interests,1,0.0
NZL.NZ,trailing_net_interest_income,1,0.0
NZL.NZ,trailing_normalized_ebitda,1,0.0
NZL.NZ,trailing_normalized_income,1,0.0
NZL.NZ,trailing_other_non_operating_income_expenses,1,0.0
NZL.NZ,trailing_salaries_and_wages,1,0.0
NZL.NZ,trailing_selling_and_marketing_expense,1,0.0
NZL.NZ,trailing_selling_general_and_administration,1,0.0
NZL.NZ,trailing_tax_effect_of_unusual_items,2,1280.0
NZL.NZ,trailing_tax_provision,1,0.0
NZL.NZ,trailing_tax_rate_for_calcs,1,0.0
NZL.NZ,trailing_total_revenue,1,0.0
NZL.NZ,volume,2,1.0
NZM.NZ,adj_close,9,10.0
NZM.NZ,annual_amortization,1,0.0
NZM.NZ,annual_amortization_of_intangibles_income_statement,1,0.0
NZM.NZ,annual_basic_average_shares,1,0.0
NZM.NZ,annual_basic_eps,1,0.0
NZM.NZ,annual_depreciation_amortization_depletion_income_statement,1,0.0
NZM.NZ,annual_depreciation_and_amortization_in_income_statement,1,0.0
NZM.NZ,annual_depreciation_income_statement,1,0.0
NZM.NZ,annual_diluted_average_shares,1,0.0
NZM.NZ,annual_diluted_eps,1,0.0
NZM.NZ,annual_ebit,1,0.0
NZM.NZ,annual_ebitda,1,0.0
NZM.NZ,annual_general_and_administrative_expense,1,0.0
NZM.NZ,annual_impairment_of_capital_assets,1,0.0
NZM.NZ,annual_interest_expense,1,0.0
NZM.NZ,annual_interest_income,1,0.0
NZM.NZ,annual_minority_interests,1,0.0
NZM.NZ,annual_net_income,1,0.0
NZM.NZ,annual_net_income_common_stockholders,1,0.0
NZM.NZ,annual_net_income_continuous_operations,1,0.0
NZM.NZ,annual_net_income_from_continuing_and_discontinued_operation,1,0.0
NZM.NZ,annual_net_income_from_continuing_operation_net_minority_interest,1,0.0
NZM.NZ,annual_net_income_including_noncontrolling_interests,1,0.0
NZM.NZ,annual_net_interest_income,1,0.0
NZM.NZ,annual_normalized_ebitda,1,0.0
NZM.NZ,annual_normalized_income,1,0.0
NZM.NZ,annual_other_gand_a,1,0.0
NZM.NZ,annual_other_non_operating_income_expenses,1,0.0
NZM.NZ,annual_pretax_income,1,0.0
NZM.NZ,annual_reconciled_depreciation,1,0.0
NZM.NZ,annual_rent_and_landing_fees,1,0.0
NZM.NZ,annual_salaries_and_wages,1,0.0
NZM.NZ,annual_selling_and_marketing_expense,1,0.0
NZM.NZ,annual_selling_general_and_administration,1,0.0
NZM.NZ,annual_special_income_charges,1,0.0
NZM.NZ,annual_tax_effect_of_unusual_items,2,365.0
NZM.NZ,annual_tax_provision,1,0.0
NZM.NZ,annual_tax_rate_for_calcs,1,0.0
NZM.NZ,annual_total_revenue,1,0.0
NZM.NZ,annual_total_unusual_items,1,0.0
NZM.NZ,annual_total_unusual_items_excluding_goodwill,1,0.0
NZM.NZ,close,9,10.0
NZM.NZ,dividend,1,0.0
NZM.NZ,high,12,15.0
NZM.NZ,low,9,14.0
NZM.NZ,open,10,11.0
NZM.NZ,trailing_amortization,1,0.0
NZM.NZ,trailing_amortization_of_intangibles_income_statement,1,0.0
NZM.NZ,trailing_basic_average_shares,1,0.0
NZM.NZ,trailing_basic_eps,1,0.0
NZM.NZ,trailing_depreciation_amortization_depletion_income_statement,1,0.0
NZM.NZ,trailing_depreciation_and_amortization_in_income_statement,1,0.0
NZM.NZ,trailing_depreciation_income_statement,1,0.0
NZM.NZ,trailing_diluted_average_shares,1,0.0
NZM.NZ,trailing_diluted_eps,1,0.0
NZM.NZ,trailing_ebit,1,0.0
NZM.NZ,trailing_ebitda,1,0.0
NZM.NZ,trailing_general_and_administrative_expense,1,0.0
NZM.NZ,trailing_interest_expense,1,0.0
NZM.NZ,trailing_interest_income,1,0.0
NZM.NZ,trailing_net_income,1,0.0
NZM.NZ,trailing_net_income_common_stockholders,1,0.0
NZM.NZ,trailing_net_income_continuous_operations,1,0.0
NZM.NZ,trailing_net_income_from_continuing_and_discontinued_operation,1,0.0
NZM.NZ,trailing_net_income_from_continuing_operation_net_minority_interest,1,0.0
NZM.NZ,trailing_net_income_including_noncontrolling_interests,1,0.0
NZM.NZ,trailing_net_interest_income,1,0.0
NZM.NZ,trailing_normalized_ebitda,1,0.0
NZM.NZ,trailing_normalized_income,1,0.0
NZM.NZ,trailing_other_non_operating_income_expenses,1,0.0
NZM.NZ,trailing_reconciled_depreciation,1,0.0
NZM.NZ,trailing_salaries_and_wages,1,0.0
NZM.NZ,trailing_selling_and_marketing_expense,1,0.0
NZM.NZ,trailing_selling_general_and_administration,1,0.0
NZM.NZ,trailing_tax_effect_of_unusual_items,1,0.0
NZM.NZ,trailing_tax_provision,1,0.0
NZM.NZ,trailing_tax_rate_for_calcs,1,0.0
NZM.NZ,trailing_total_revenue,1,0.0
NZM.NZ,volume,4,7.0
NZX.NZ,adj_close,11,14.0
NZX.NZ,annual_amortization,1,0.0
NZX.NZ,annual_amortization_of_intangibles_income_statement,1,0.0
NZX.NZ,annual_basic_average_shares,1,0.0
NZX.NZ,annual_basic_eps,1,0.0
NZX.NZ,annual_depreciation_amortization_depletion_income_statement,1,0.0
NZX.NZ,annual_depreciation_and_amortization_in_income_statement,1,0.0
NZX.NZ,annual_depreciation_income_statement,1,0.0
NZX.NZ,annual_diluted_average_shares,1,0.0
NZX.NZ,annual_diluted_eps,1,0.0
NZX.NZ,annual_ebit,1,0.0
NZX.NZ,annual_ebitda,1,0.0
NZX.NZ,annual_general_and_administrative_expense,1,0.0
NZX.NZ,annual_impairment_of_capital_assets,1,0.0
NZX.NZ,annual_interest_expense,1,0.0
NZX.NZ,annual_interest_income,1,0.0
NZX.NZ,annual_net_income,1,0.0
NZX.NZ,annual_net_income_common_stockholders,1,0.0
NZX.NZ,annual_net_income_continuous_operations,1,0.0
NZX.NZ,annual_net_income_from_continuing_and_discontinued_operation,1,0.0
NZX.NZ,annual_net_income_from_continuing_operation_net_minority_interest,1,0.0
NZX.NZ,annual_net_income_including_noncontrolling_interests,1,0.0
NZX.NZ,annual_net_interest_income,1,0.0
NZX.NZ,annual_normalized_ebitda,1,0.0
NZX.NZ,annual_normalized_income,1,0.0
NZX.NZ,annual_other_gand_a,1,0.0
NZX.NZ,annual_other_non_operating_income_expenses,1,0.0
NZX.NZ,annual_pretax_income,1,0.0
NZX.NZ,annual_reconciled_depreciation,1,0.0
NZX.NZ,annual_salaries_and_wages,1,0.0
NZX.NZ,annual_selling_and_marketing_expense,1,0.0
NZX.NZ,annual_selling_general_and_administration,1,0.0
NZX.NZ,annual_special_income_charges,1,0.0
NZX.NZ,annual_tax_effect_of_unusual_items,2,365.0
NZX.NZ,annual_tax_provision,1,0.0
NZX.NZ,annual_tax_rate_for_calcs,1,0.0
NZX.NZ,annual_total_revenue,1,0.0
NZX.NZ,annual_total_unusual_items,1,0.0
NZX.NZ,annual_total_unusual_items_excluding_goodwill,1,0.0
NZX.NZ,close,11,14.0
NZX.NZ,dividend,4,534.0
NZX.NZ,high,12,15.0
NZX.NZ,low,12,20.0
NZX.NZ,open,10,13.0
NZX.NZ,split,1,0.0
NZX.NZ,trailing_amortization,1,0.0
NZX.NZ,trailing_amortization_of_intangibles_income_statement,1,0.0
NZX.NZ,trailing_basic_average_shares,1,0.0
NZX.NZ,trailing_basic_eps,1,0.0
NZX.NZ,trailing_depreciation_amortization_depletion_income_statement,1,0.0
NZX.NZ,trailing_depreciation_and_amortization_in_income_statement,1,0.0
NZX.NZ,trailing_depreciation_income_statement,1,0.0
NZX.NZ,trailing_diluted_average_shares,1,0.0
NZX.NZ,trailing_diluted_eps,1,0.0
NZX.NZ,trailing_ebit,1,0.0
NZX.NZ,trailing_ebitda,1,0.0
NZX.NZ,trailing_general_and_administrative_expense,1,0.0
NZX.NZ,trailing_interest_expense,1,0.0
NZX.NZ,trailing_interest_income,1,0.0
NZX.NZ,trailing_net_income,1,0.0
NZX.NZ,trailing_net_income_common_stockholders,1,0.0
NZX.NZ,trailing_net_income_continuous_operations,1,0.0
NZX.NZ,trailing_net_income_from_continuing_and_discontinued_operation,1,0.0
NZX.NZ,trailing_net_income_from_continuing_operation_net_minority_interest,1,0.0
NZX.NZ,trailing_net_income_including_noncontrolling_interests,1,0.0
NZX.NZ,trailing_net_interest_income,1,0.0
NZX.NZ,trailing_normalized_ebitda,1,0.0
NZX.NZ,trailing_normalized_income,1,0.0
NZX.NZ,trailing_other_non_operating_income_expenses,1,0.0
NZX.NZ,trailing_reconciled_depreciation,1,0.0
NZX.NZ,trailing_salaries_and_wages,1,0.0
NZX.NZ,trailing_selling_general_and_administration,1,0.0
NZX.NZ,trailing_special_income_charges,1,0.0
NZX.NZ,trailing_tax_effect_of_unusual_items,1,0.0
NZX.NZ,trailing_tax_provision,1,0.0
NZX.NZ,trailing_tax_rate_for_calcs,1,0.0
NZX.NZ,trailing_total_revenue,1,0.0
NZX.NZ,trailing_total_unusual_items,1,0.0
NZX.NZ,trailing_total_unusual_items_excluding_goodwill,1,0.0
NZX.NZ,volume,3,5.0
NZX.NZ,wiki_views,38,160.0
NZX.NZ,wiki_views_desktop,14,29.0
NZX.NZ,wiki_views_mobile,18,20.0
OCA.NZ,adj_close,8,11.0
OCA.NZ,annual_amortization,1,0.0
OCA.NZ,annual_amortization_of_intangibles_income_statement,1,0.0
OCA.NZ,annual_basic_average_shares,1,0.0
OCA.NZ,annual_basic_eps,1,0.0
OCA.NZ,annual_depreciation_amortization_depletion_income_statement,1,0.0
OCA.NZ,annual_depreciation_and_amortization_in_income_statement,1,0.0
OCA.NZ,annual_depreciation_income_statement,1,0.0
OCA.NZ,annual_diluted_average_shares,1,0.0
OCA.NZ,annual_diluted_eps,1,0.0
OCA.NZ,annual_ebit,1,0.0
OCA.NZ,annual_ebitda,1,0.0
OCA.NZ,annual_general_and_administrative_expense,1,0.0
OCA.NZ,annual_impairment_of_capital_assets,1,0.0
OCA.NZ,annual_interest_expense,1,0.0
OCA.NZ,annual_interest_income,1,0.0
OCA.NZ,annual_net_income,1,0.0
OCA.NZ,annual_net_income_common_stockholders,1,0.0
OCA.NZ,annual_net_income_continuous_operations,1,0.0
OCA.NZ,annual_net_income_from_continuing_and_discontinued_operation,1,0.0
OCA.NZ,annual_net_income_from_continuing_operation_net_minority_interest,1,0.0
OCA.NZ,annual_net_income_including_noncontrolling_interests,1,0.0
OCA.NZ,annual_net_interest_income,1,0.0
OCA.NZ,annual_normalized_ebitda,1,0.0
OCA.NZ,annual_normalized_income,1,0.0
OCA.NZ,annual_other_non_operating_income_expenses,1,0.0
OCA.NZ,annual_pretax_income,1,0.0
OCA.NZ,annual_reconciled_depreciation,1,0.0
OCA.NZ,annual_rent_and_landing_fees,1,0.0
OCA.NZ,annual_salaries_and_wages,1,0.0
OCA.NZ,annual_selling_general_and_administration,1,0.0
OCA.NZ,annual_special_income_charges,1,0.0
OCA.NZ,annual_tax_effect_of_unusual_items,1,0.0
OCA.NZ,annual_tax_provision,1,0.0
OCA.NZ,annual_tax_rate_for_calcs,4,1096.0
OCA.NZ,annual_total_revenue,1,0.0
OCA.NZ,annual_total_unusual_items,1,0.0
OCA.NZ,annual_total_unusual_items_excluding_goodwill,1,0.0
OCA.NZ,close,8,11.0
OCA.NZ,dividend,2,182.0
OCA.NZ,high,25,34.0
OCA.NZ,low,14,20.0
OCA.NZ,open,14,19.0
OCA.NZ,trailing_amortization,1,0.0
OCA.NZ,trailing_amortization_of_intangibles_income_statement,1,0.0
OCA.NZ,trailing_basic_average_shares,1,0.0
OCA.NZ,trailing_basic_eps,1,0.0
OCA.NZ,trailing_depreciation_amortization_depletion_income_statement,1,0.0
OCA.NZ,trailing_depreciation_and_amortization_in_income_statement,1,0.0
OCA.NZ,trailing_depreciation_income_statement,1,0.0
OCA.NZ,trailing_diluted_average_shares,1,0.0
OCA.NZ,trailing_diluted_eps,1,0.0
OCA.NZ,trailing_ebit,1,0.0
OCA.NZ,trailing_ebitda,1,0.0
OCA.NZ,trailing_general_and_administrative_expense,1,0.0
OCA.NZ,trailing_impairment_of_capital_assets,1,0.0
OCA.NZ,trailing_interest_expense,1,0.0
OCA.NZ,trailing_interest_income,1,0.0
OCA.NZ,trailing_net_income,1,0.0
OCA.NZ,trailing_net_income_common_stockholders,1,0.0
OCA.NZ,trailing_net_income_continuous_operations,1,0.0
OCA.NZ,trailing_net_income_from_continuing_and_discontinued_operation,1,0.0
OCA.NZ,trailing_net_income_from_continuing_operation_net_minority_interest,1,0.0
OCA.NZ,trailing_net_income_including_noncontrolling_interests,1,0.0
OCA.NZ,trailing_net_interest_income,1,0.0
OCA.NZ,trailing_normalized_ebitda,1,0.0
OCA.NZ,trailing_normalized_income,1,0.0
OCA.NZ,trailing_other_non_operating_income_expenses,1,0.0
OCA.NZ,trailing_reconciled_depreciation,1,0.0
OCA.NZ,trailing_salaries_and_wages,1,0.0
OCA.NZ,trailing_selling_general_and_administration,1,0.0
OCA.NZ,trailing_special_income_charges,1,0.0
OCA.NZ,trailing_tax_effect_of_unusual_items,1,0.0
OCA.NZ,trailing_tax_provision,1,0.0
OCA.NZ,trailing_tax_rate_for_calcs,1,0.0
OCA.NZ,trailing_total_revenue,1,0.0
OCA.NZ,trailing_total_unusual_items,1,0.0
OCA.NZ,trailing_total_unusual_items_excluding_goodwill,1,0.0
OCA.NZ,volume,2,1.0
OZY.NZ,adj_close,4,5.0
OZY.NZ,close,4,5.0
OZY.NZ,dividend,1,0.0
OZY.NZ,high,5,6.0
OZY.NZ,low,5,6.0
OZY.NZ,open,5,6.0
OZY.NZ,volume,252,363.0
PCT.NZ,adj_close,55,81.0
PCT.NZ,annual_amortization,2,366.0
PCT.NZ,annual_amortization_of_intangibles_income_statement,2,366.0
PCT.NZ,annual_basic_average_shares,1,0.0
PCT.NZ,annual_basic_eps,1,0.0
PCT.NZ,annual_depreciation_amortization_depletion_income_statement,1,0.0
PCT.NZ,annual_depreciation_and_amortization_in_income_statement,1,0.0
PCT.NZ,annual_depreciation_income_statement,1,0.0
PCT.NZ,annual_diluted_average_shares,1,0.0
PCT.NZ,annual_diluted_eps,1,0.0
PCT.NZ,annual_ebit,1,0.0
PCT.NZ,annual_ebitda,1,0.0
PCT.NZ,annual_general_and_administrative_expense,1,0.0
PCT.NZ,annual_impairment_of_capital_assets,1,0.0
PCT.NZ,annual_interest_expense,1,0.0
PCT.NZ,annual_interest_income,1,0.0
PCT.NZ,annual_net_income,1,0.0
PCT.NZ,annual_net_income_common_stockholders,1,0.0
PCT.NZ,annual_net_income_continuous_operations,1,0.0
PCT.NZ,annual_net_income_from_continuing_and_discontinued_operation,1,0.0
PCT.NZ,annual_net_income_from_continuing_operation_net_minority_interest,1,0.0
PCT.NZ,annual_net_income_including_noncontrolling_interests,1,0.0
PCT.NZ,annual_net_interest_income,1,0.0
PCT.NZ,annual_normalized_ebitda,1,0.0
PCT.NZ,annual_normalized_income,1,0.0
PCT.NZ,annual_other_non_operating_income_expenses,1,0.0
PCT.NZ,annual_pretax_income,1,0.0
PCT.NZ,annual_reconciled_depreciation,1,0.0
PCT.NZ,annual_salaries_and_wages,1,0.0
PCT.NZ,annual_selling_general_and_administration,1,0.0
PCT.NZ,annual_special_income_charges,1,0.0
PCT.NZ,annual_tax_effect_of_unusual_items,2,366.0
PCT.NZ,annual_tax_provision,1,0.0
PCT.NZ,annual_tax_rate_for_calcs,1,0.0
PCT.NZ,annual_total_revenue,1,0.0
PCT.NZ,annual_total_unusual_items,1,0.0
PCT.NZ,annual_total_unusual_items_excluding_goodwill,1,0.0
PCT.NZ,close,64,92.0
PCT.NZ,dividend,8,651.0
PCT.NZ,high,63,91.0
PCT.NZ,low,68,98.0
PCT.NZ,open,64,92.0
PCT.NZ,split,1,0.0
PCT.NZ,trailing_amortization,1,0.0
PCT.NZ,trailing_amortization_of_intangibles_income_statement,1,0.0
PCT.NZ,trailing_basic_average_shares,1,0.0
PCT.NZ,trailing_basic_eps,1,0.0
PCT.NZ,trailing_depreciation_amortization_depletion_income_statement,1,0.0
PCT.NZ,trailing_depreciation_and_amortization_in_income_statement,1,0.0
PCT.NZ,trailing_depreciation_income_statement,1,0.0
PCT.NZ,trailing_diluted_average_shares,1,0.0
PCT.NZ,trailing_diluted_eps,1,0.0
PCT.NZ,trailing_ebit,1,0.0
PCT.NZ,trailing_ebitda,1,0.0
PCT.NZ,trailing_general_and_administrative_expense,1,0.0
PCT.NZ,trailing_interest_expense,1,0.0
PCT.NZ,trailing_interest_income,1,0.0
PCT.NZ,trailing_net_income,1,0.0
PCT.NZ,trailing_net_income_common_stockholders,1,0.0
PCT.NZ,trailing_net_income_continuous_operations,1,0.0
PCT.NZ,trailing_net_income_from_continuing_and_discontinued_operation,1,0.0
PCT.NZ,trailing_net_income_from_continuing_operation_net_minority_interest,1,0.0
PCT.NZ,trailing_net_income_including_noncontrolling_interests,1,0.0
PCT.NZ,trailing_net_interest_income,1,0.0
PCT.NZ,trailing_normalized_ebitda,1,0.0
PCT.NZ,trailing_normalized_income,1,0.0
PCT.NZ,trailing_other_non_operating_income_expenses,1,0.0
PCT.NZ,trailing_reconciled_depreciation,1,0.0
PCT.NZ,trailing_salaries_and_wages,1,0.0
PCT.NZ,trailing_selling_general_and_administration,1,0.0
PCT.NZ,trailing_tax_effect_of_unusual_items,1,0.0
PCT.NZ,trailing_tax_provision,1,0.0
PCT.NZ,trailing_tax_rate_for_calcs,1,0.0
PCT.NZ,trailing_total_revenue,1,0.0
PCT.NZ,volume,63,91.0
PCT.NZ,wiki_views,1,0.0
PCT.NZ,wiki_views_desktop,1,0.0
PCT.NZ,wiki_views_mobile,1,0.0
PEB.NZ,adj_close,72,99.0
PEB.NZ,annual_amortization,1,0.0
PEB.NZ,annual_amortization_of_intangibles_income_statement,1,0.0
PEB.NZ,annual_basic_average_shares,1,0.0
PEB.NZ,annual_basic_eps,1,0.0
PEB.NZ,annual_depreciation_amortization_depletion_income_statement,1,0.0
PEB.NZ,annual_depreciation_and_amortization_in_income_statement,1,0.0
PEB.NZ,annual_depreciation_income_statement,1,0.0
PEB.NZ,annual_diluted_average_shares,1,0.0
PEB.NZ,annual_diluted_eps,1,0.0
PEB.NZ,annual_ebit,1,0.0
PEB.NZ,annual_ebitda,1,0.0
PEB.NZ,annual_general_and_administrative_expense,1,0.0
PEB.NZ,annual_interest_income,1,0.0
PEB.NZ,annual_net_income,1,0.0
PEB.NZ,annual_net_income_common_stockholders,1,0.0
PEB.NZ,annual_net_income_continuous_operations,1,0.0
PEB.NZ,annual_net_income_from_continuing_and_discontinued_operation,1,0.0
PEB.NZ,annual_net_income_from_continuing_operation_net_minority_interest,1,0.0
PEB.NZ,annual_net_income_including_noncontrolling_interests,1,0.0
PEB.NZ,annual_net_interest_income,1,0.0
PEB.NZ,annual_normalized_ebitda,1,0.0
PEB.NZ,annual_normalized_income,1,0.0
PEB.NZ,annual_other_gand_a,1,0.0
PEB.NZ,annual_other_non_operating_income_expenses,1,0.0
PEB.NZ,annual_pretax_income,1,0.0
PEB.NZ,annual_reconciled_depreciation,1,0.0
PEB.NZ,annual_salaries_and_wages,1,0.0
PEB.NZ,annual_selling_and_marketing_expense,1,0.0
PEB.NZ,annual_selling_general_and_administration,1,0.0
PEB.NZ,annual_tax_effect_of_unusual_items,4,1096.0
PEB.NZ,annual_tax_provision,4,1096.0
PEB.NZ,annual_tax_rate_for_calcs,4,1096.0
PEB.NZ,annual_total_revenue,1,0.0
PEB.NZ,close,72,99.0
PEB.NZ,high,72,99.0
PEB.NZ,low,72,99.0
PEB.NZ,open,72,99.0
PEB.NZ,trailing_amortization,1,0.0
PEB.NZ,trailing_amortization_of_intangibles_income_statement,1,0.0
PEB.NZ,trailing_basic_average_shares,1,0.0
PEB.NZ,trailing_basic_eps,1,0.0
PEB.NZ,trailing_depreciation_amortization_depletion_income_statement,1,0.0
PEB.NZ,trailing_depreciation_and_amortization_in_income_statement,1,0.0
PEB.NZ,trailing_depreciation_income_statement,1,0.0
PEB.NZ,trailing_diluted_average_shares,1,0.0
PEB.NZ,trailing_diluted_eps,1,0.0
PEB.NZ,trailing_ebit,1,0.0
PEB.NZ,trailing_ebitda,1,0.0
PEB.NZ,trailing_general_and_administrative_expense,1,0.0
PEB.NZ,trailing_interest_income,1,0.0
PEB.NZ,trailing_net_income,1,0.0
PEB.NZ,trailing_net_income_common_stockholders,1,0.0
PEB.NZ,trailing_net_income_continuous_operations,1,0.0
PEB.NZ,trailing_net_income_from_continuing_and_discontinued_operation,1,0.0
PEB.NZ,trailing_net_income_from_continuing_operation_net_minority_interest,1,0.0
PEB.NZ,trailing_net_income_including_noncontrolling_interests,1,0.0
PEB.NZ,trailing_net_interest_income,1,0.0
PEB.NZ,trailing_normalized_ebitda,1,0.0
PEB.NZ,trailing_normalized_income,1,0.0
PEB.NZ,trailing_other_gand_a,1,0.0
PEB.NZ,trailing_other_non_operating_income_expenses,1,0.0
PEB.NZ,trailing_reconciled_depreciation,1,0.0
PEB.NZ,trailing_selling_and_marketing_expense,1,0.0
PEB.NZ,trailing_selling_general_and_administration,1,0.0
PEB.NZ,trailing_tax_effect_of_unusual_items,1,0.0
PEB.NZ,trailing_tax_provision,1,0.0
PEB.NZ,trailing_tax_rate_for_calcs,1,0.0
PEB.NZ,trailing_total_revenue,1,0.0
PEB.NZ,volume,31,42.0
PFI.NZ,adj_close,10,13.0
PFI.NZ,annual_basic_average_shares,1,0.0
PFI.NZ,annual_basic_eps,1,0.0
PFI.NZ,annual_depreciation_amortization_depletion_income_statement,1,0.0
PFI.NZ,annual_depreciation_and_amortization_in_income_statement,1,0.0
PFI.NZ,annual_depreciation_income_statement,1,0.0
PFI.NZ,annual_diluted_average_shares,1,0.0
PFI.NZ,annual_diluted_eps,1,0.0
PFI.NZ,annual_ebit,1,0.0
PFI.NZ,annual_ebitda,1,0.0
PFI.NZ,annual_general_and_administrative_expense,1,0.0
PFI.NZ,annual_impairment_of_capital_assets,1,0.0
PFI.NZ,annual_interest_expense,1,0.0
PFI.NZ,annual_interest_income,1,0.0
PFI.NZ,annual_net_income,1,0.0
PFI.NZ,annual_net_income_common_stockholders,1,0.0
PFI.NZ,annual_net_income_continuous_operations,1,0.0
PFI.NZ,annual_net_income_from_continuing_and_discontinued_operation,1,0.0
PFI.NZ,annual_net_income_from_continuing_operation_net_minority_interest,1,0.0
PFI.NZ,annual_net_income_including_noncontrolling_interests,1,0.0
PFI.NZ,annual_net_interest_income,1,0.0
PFI.NZ,annual_normalized_ebitda,1,0.0
PFI.NZ,annual_normalized_income,1,0.0
PFI.NZ,annual_other_gand_a,1,0.0
PFI.NZ,annual_other_non_operating_income_expenses,1,0.0
PFI.NZ,annual_pretax_income,1,0.0
PFI.NZ,annual_reconciled_depreciation,1,0.0
PFI.NZ,annual_salaries_and_wages,1,0.0
PFI.NZ,annual_selling_general_and_administration,1,0.0
PFI.NZ,annual_special_income_charges,1,0.0
PFI.NZ,annual_tax_effect_of_unusual_items,2,547.0
PFI.NZ,annual_tax_provision,1,0.0
PFI.NZ,annual_tax_rate_for_calcs,1,0.0
PFI.NZ,annual_total_revenue,1,0.0
PFI.NZ,annual_total_unusual_items,1,0.0
PFI.NZ,annual_total_unusual_items_excluding_goodwill,1,0.0
PFI.NZ,close,10,13.0
PFI.NZ,dividend,6,546.0
PFI.NZ,high,23,30.0
PFI.NZ,low,14,17.0
PFI.NZ,open,12,15.0
PFI.NZ,trailing_basic_average_shares,1,0.0
PFI.NZ,trailing_basic_eps,1,0.0
PFI.NZ,trailing_depreciation_amortization_depletion_income_statement,1,0.0
PFI.NZ,trailing_depreciation_and_amortization_in_income_statement,1,0.0
PFI.NZ,trailing_depreciation_income_statement,1,0.0
PFI.NZ,trailing_diluted_average_shares,1,0.0
PFI.NZ,trailing_diluted_eps,1,0.0
PFI.NZ,trailing_ebit,1,0.0
PFI.NZ,trailing_ebitda,1,0.0
PFI.NZ,trailing_general_and_administrative_expense,1,0.0
PFI.NZ,trailing_interest_expense,1,0.0
PFI.NZ,trailing_interest_income,1,0.0
PFI.NZ,trailing_net_income,1,0.0
PFI.NZ,trailing_net_income_common_stockholders,1,0.0
PFI.NZ,trailing_net_income_continuous_operations,1,0.0
PFI.NZ,trailing_net_income_from_continuing_and_discontinued_operation,1,0.0
PFI.NZ,trailing_net_income_from_continuing_operation_net_minority_interest,1,0.0
PFI.NZ,trailing_net_income_including_noncontrolling_interests,1,0.0
PFI.NZ,trailing_net_interest_income,1,0.0
PFI.NZ,trailing_normalized_ebitda,1,0.0
PFI.NZ,trailing_normalized_income,1,0.0
PFI.NZ,trailing_other_gand_a,1,0.0
PFI.NZ,trailing_other_non_operating_income_expenses,1,0.0
PFI.NZ,trailing_reconciled_depreciation,1,0.0
PFI.NZ,trailing_salaries_and_wages,1,0.0
PFI.NZ,trailing_selling_general_and_administration,1,0.0
PFI.NZ,trailing_tax_effect_of_unusual_items,1,0.0
PFI.NZ,trailing_tax_provision,1,0.0
PFI.NZ,trailing_tax_rate_for_calcs,1,0.0
PFI.NZ,trailing_total_revenue,1,0.0
PFI.NZ,volume,3,4.0
PGW.NZ,adj_close,11,14.0
PGW.NZ,annual_amortization,1,0.0
PGW.NZ,annual_amortization_of_intangibles_income_statement,1,0.0
PGW.NZ,annual_basic_average_shares,4,1096.0
PGW.NZ,annual_basic_eps,1,0.0
PGW.NZ,annual_depreciation_amortization_depletion_income_statement,1,0.0
PGW.NZ,annual_depreciation_and_amortization_in_income_statement,1,0.0
PGW.NZ,annual_depreciation_income_statement,1,0.0
PGW.NZ,annual_diluted_average_shares,4,1096.0
PGW.NZ,annual_diluted_eps,1,0.0
PGW.NZ,annual_ebit,1,0.0
PGW.NZ,annual_ebitda,1,0.0
PGW.NZ,annual_general_and_administrative_expense,1,0.0
PGW.NZ,annual_impairment_of_capital_assets,1,0.0
PGW.NZ,annual_interest_expense,1,0.0
PGW.NZ,annual_interest_income,1,0.0
PGW.NZ,annual_net_income,1,0.0
PGW.NZ,annual_net_income_common_stockholders,1,0.0
PGW.NZ,annual_net_income_continuous_operations,1,0.0
PGW.NZ,annual_net_income_from_continuing_and_discontinued_operation,1,0.0
PGW.NZ,annual_net_income_from_continuing_operation_net_minority_interest,1,0.0
PGW.NZ,annual_net_income_including_noncontrolling_interests,1,0.0
PGW.NZ,annual_net_interest_income,1,0.0
PGW.NZ,annual_normalized_ebitda,1,0.0
PGW.NZ,annual_normalized_income,1,0.0
PGW.NZ,annual_other_non_operating_income_expenses,1,0.0
PGW.NZ,annual_pretax_income,1,0.0
PGW.NZ,annual_reconciled_depreciation,1,0.0
PGW.NZ,annual_rent_and_landing_fees,1,0.0
PGW.NZ,annual_salaries_and_wages,1,0.0
PGW.NZ,annual_selling_and_marketing_expense,1,0.0
PGW.NZ,annual_selling_general_and_administration,1,0.0
PGW.NZ,annual_special_income_charges,1,0.0
PGW.NZ,annual_tax_effect_of_unusual_items,1,0.0
PGW.NZ,annual_tax_provision,1,0.0
PGW.NZ,annual_tax_rate_for_calcs,1,0.0
PGW.NZ,annual_total_revenue,1,0.0
PGW.NZ,annual_total_unusual_items,1,0.0
PGW.NZ,annual_total_unusual_items_excluding_goodwill,1,0.0
PGW.NZ,close,11,14.0
PGW.NZ,dividend,2,171.0
PGW.NZ,high,21,28.0
PGW.NZ,low,23,30.0
PGW.NZ,open,13,16.0
PGW.NZ,split,1,0.0
PGW.NZ,trailing_amortization,1,0.0
PGW.NZ,trailing_amortization_of_intangibles_income_statement,1,0.0
PGW.NZ,trailing_basic_average_shares,3,547.0
PGW.NZ,trailing_basic_eps,1,0.0
PGW.NZ,trailing_depreciation_amortization_depletion_income_statement,1,0.0
PGW.NZ,trailing_depreciation_and_amortization_in_income_statement,1,0.0
PGW.NZ,trailing_depreciation_income_statement,1,0.0
PGW.NZ,trailing_diluted_average_shares,3,547.0
PGW.NZ,trailing_diluted_eps,1,0.0
PGW.NZ,trailing_ebit,1,0.0
PGW.NZ,trailing_ebitda,1,0.0
PGW.NZ,trailing_general_and_administrative_expense,1,0.0
PGW.NZ,trailing_impairment_of_capital_assets,1,0.0
PGW.NZ,trailing_interest_expense,1,0.0
PGW.NZ,trailing_interest_income,1,0.0
PGW.NZ,trailing_net_income,1,0.0
PGW.NZ,trailing_net_income_common_stockholders,1,0.0
PGW.NZ,trailing_net_income_continuous_operations,1,0.0
PGW.NZ,trailing_net_income_from_continuing_and_discontinued_operation,1,0.0
PGW.NZ,trailing_net_income_from_continuing_operation_net_minority_interest,1,0.0
PGW.NZ,trailing_net_income_including_noncontrolling_interests,1,0.0
PGW.NZ,trailing_net_interest_income,1,0.0
PGW.NZ,trailing_normalized_ebitda,1,0.0
PGW.NZ,trailing_normalized_income,1,0.0
PGW.NZ,trailing_other_non_operating_income_expenses,1,0.0
PGW.NZ,trailing_reconciled_depreciation,1,0.0
PGW.NZ,trailing_rent_and_landing_fees,1,0.0
PGW.NZ,trailing_salaries_and_wages,1,0.0
PGW.NZ,trailing_selling_and_marketing_expense,1,0.0
PGW.NZ,trailing_selling_general_and_administration,1,0.0
PGW.NZ,trailing_special_income_charges,1,0.0
PGW.NZ,trailing_tax_effect_of_unusual_items,1,0.0
PGW.NZ,trailing_tax_provision,1,0.0
PGW.NZ,trailing_tax_rate_for_calcs,1,0.0
PGW.NZ,trailing_total_revenue,1,0.0
PGW.NZ,trailing_total_unusual_items,1,0.0
PGW.NZ,trailing_total_unusual_items_excluding_goodwill,1,0.0
PGW.NZ,volume,8,9.0
PGW.NZ,wiki_views,3,2.0
PGW.NZ,wiki_views_desktop,4,3.0
PGW.NZ,wiki_views_mobile,4,3.0
PHL.NZ,adj_close,443,647.0
PHL.NZ,annual_basic_average_shares,1,0.0
PHL.NZ,annual_basic_eps,1,0.0
PHL.NZ,annual_depreciation_amortization_depletion_income_statement,1,0.0
PHL.NZ,annual_depreciation_and_amortization_in_income_statement,1,0.0
PHL.NZ,annual_depreciation_income_statement,1,0.0
PHL.NZ,annual_diluted_average_shares,1,0.0
PHL.NZ,annual_diluted_eps,1,0.0
PHL.NZ,annual_ebit,1,0.0
PHL.NZ,annual_ebitda,1,0.0
PHL.NZ,annual_general_and_administrative_expense,1,0.0
PHL.NZ,annual_impairment_of_capital_assets,1,0.0
PHL.NZ,annual_interest_expense,1,0.0
PHL.NZ,annual_net_income,1,0.0
PHL.NZ,annual_net_income_common_stockholders,1,0.0
PHL.NZ,annual_net_income_continuous_operations,1,0.0
PHL.NZ,annual_net_income_discontinuous_operations,1,0.0
PHL.NZ,annual_net_income_from_continuing_and_discontinued_operation,1,0.0
PHL.NZ,annual_net_income_from_continuing_operation_net_minority_interest,1,0.0
PHL.NZ,annual_net_income_including_noncontrolling_interests,1,0.0
PHL.NZ,annual_net_interest_income,1,0.0
PHL.NZ,annual_normalized_ebitda,1,0.0
PHL.NZ,annual_normalized_income,1,0.0
PHL.NZ,annual_other_gand_a,1,0.0
PHL.NZ,annual_other_non_operating_income_expenses,1,0.0
PHL.NZ,annual_pretax_income,1,0.0
PHL.NZ,annual_reconciled_depreciation,1,0.0
PHL.NZ,annual_salaries_and_wages,1,0.0
PHL.NZ,annual_selling_general_and_administration,1,0.0
PHL.NZ,annual_special_income_charges,1,0.0
PHL.NZ,annual_tax_effect_of_unusual_items,2,365.0
PHL.NZ,annual_tax_provision,1,0.0
PHL.NZ,annual_tax_rate_for_calcs,2,366.0
PHL.NZ,annual_total_revenue,1,0.0
PHL.NZ,annual_total_unusual_items,1,0.0
PHL.NZ,annual_total_unusual_items_excluding_goodwill,1,0.0
PHL.NZ,close,443,647.0
PHL.NZ,high,443,647.0
PHL.NZ,low,443,647.0
PHL.NZ,open,443,647.0
PHL.NZ,split,1,0.0
PHL.NZ,trailing_basic_average_shares,1,0.0
PHL.NZ,trailing_basic_eps,1,0.0
PHL.NZ,trailing_depreciation_amortization_depletion_income_statement,1,0.0
PHL.NZ,trailing_depreciation_and_amortization_in_income_statement,1,0.0
PHL.NZ,trailing_depreciation_income_statement,1,0.0
PHL.NZ,trailing_diluted_average_shares,1,0.0
PHL.NZ,trailing_diluted_eps,1,0.0
PHL.NZ,trailing_ebit,1,0.0
PHL.NZ,trailing_ebitda,1,0.0
PHL.NZ,trailing_general_and_administrative_expense,1,0.0
PHL.NZ,trailing_interest_expense,1,0.0
PHL.NZ,trailing_net_income,1,0.0
PHL.NZ,trailing_net_income_common_stockholders,1,0.0
PHL.NZ,trailing_net_income_continuous_operations,1,0.0
PHL.NZ,trailing_net_income_from_continuing_and_discontinued_operation,1,0.0
PHL.NZ,trailing_net_income_from_continuing_operation_net_minority_interest,1,0.0
PHL.NZ,trailing_net_income_including_noncontrolling_interests,1,0.0
PHL.NZ,trailing_net_interest_income,1,0.0
PHL.NZ,trailing_normalized_ebitda,1,0.0
PHL.NZ,trailing_normalized_income,1,0.0
PHL.NZ,trailing_other_gand_a,1,0.0
PHL.NZ,trailing_other_non_operating_income_expenses,1,0.0
PHL.NZ,trailing_reconciled_depreciation,1,0.0
PHL.NZ,trailing_selling_general_and_administration,1,0.0
PHL.NZ,trailing_tax_effect_of_unusual_items,1,0.0
PHL.NZ,trailing_tax_provision,1,0.0
PHL.NZ,trailing_tax_rate_for_calcs,1,0.0
PHL.NZ,trailing_total_revenue,1,0.0
PHL.NZ,trailing_total_unusual_items,1,0.0
PHL.NZ,trailing_total_unusual_items_excluding_goodwill,1,0.0
PHL.NZ,volume,229,333.0
PLP.NZ,adj_close,8,9.0
PLP.NZ,close,8,9.0
PLP.NZ,dividend,1,0.0
PLP.NZ,high,9,10.0
PLP.NZ,low,6,8.0
PLP.NZ,open,6,8.0
PLP.NZ,volume,3,4.0
POT.NZ,adj_close,8,11.0
POT.NZ,annual_amortization,1,0.0
POT.NZ,annual_amortization_of_intangibles_income_statement,1,0.0
POT.NZ,annual_basic_average_shares,1,0.0
POT.NZ,annual_basic_eps,1,0.0
POT.NZ,annual_depreciation_amortization_depletion_income_statement,1,0.0
POT.NZ,annual_depreciation_and_amortization_in_income_statement,1,0.0
POT.NZ,annual_depreciation_income_statement,1,0.0
POT.NZ,annual_diluted_average_shares,1,0.0
POT.NZ,annual_diluted_eps,1,0.0
POT.NZ,annual_ebit,1,0.0
POT.NZ,annual_ebitda,1,0.0
POT.NZ,annual_general_and_administrative_expense,1,0.0
POT.NZ,annual_impairment_of_capital_assets,1,0.0
POT.NZ,annual_interest_expense,1,0.0
POT.NZ,annual_interest_income,1,0.0
POT.NZ,annual_net_income,1,0.0
POT.NZ,annual_net_income_common_stockholders,1,0.0
POT.NZ,annual_net_income_continuous_operations,1,0.0
POT.NZ,annual_net_income_from_continuing_and_discontinued_operation,1,0.0
POT.NZ,annual_net_income_from_continuing_operation_net_minority_interest,1,0.0
POT.NZ,annual_net_income_including_noncontrolling_interests,1,0.0
POT.NZ,annual_net_interest_income,1,0.0
POT.NZ,annual_normalized_ebitda,1,0.0
POT.NZ,annual_normalized_income,1,0.0
POT.NZ,annual_other_non_operating_income_expenses,1,0.0
POT.NZ,annual_pretax_income,1,0.0
POT.NZ,annual_reconciled_depreciation,1,0.0
POT.NZ,annual_salaries_and_wages,1,0.0
POT.NZ,annual_selling_general_and_administration,1,0.0
POT.NZ,annual_special_income_charges,1,0.0
POT.NZ,annual_tax_effect_of_unusual_items,1,0.0
POT.NZ,annual_tax_provision,1,0.0
POT.NZ,annual_tax_rate_for_calcs,1,0.0
POT.NZ,annual_total_revenue,1,0.0
POT.NZ,annual_total_unusual_items,1,0.0
POT.NZ,annual_total_unusual_items_excluding_goodwill,1,0.0
POT.NZ,close,8,11.0
POT.NZ,dividend,1,0.0
POT.NZ,high,8,11.0
POT.NZ,low,7,8.0
POT.NZ,open,8,11.0
POT.NZ,split,1,0.0
POT.NZ,trailing_amortization,1,0.0
POT.NZ,trailing_amortization_of_intangibles_income_statement,1,0.0
POT.NZ,trailing_basic_average_shares,1,0.0
POT.NZ,trailing_basic_eps,2,181.0
POT.NZ,trailing_depreciation_amortization_depletion_income_statement,1,0.0
POT.NZ,trailing_depreciation_and_amortization_in_income_statement,1,0.0
POT.NZ,trailing_depreciation_income_statement,1,0.0
POT.NZ,trailing_diluted_average_shares,1,0.0
POT.NZ,trailing_diluted_eps,1,0.0
POT.NZ,trailing_ebit,1,0.0
POT.NZ,trailing_ebitda,1,0.0
POT.NZ,trailing_general_and_administrative_expense,1,0.0
POT.NZ,trailing_impairment_of_capital_assets,1,0.0
POT.NZ,trailing_interest_expense,1,0.0
POT.NZ,trailing_interest_income,1,0.0
POT.NZ,trailing_net_income,1,0.0
POT.NZ,trailing_net_income_common_stockholders,1,0.0
POT.NZ,trailing_net_income_continuous_operations,1,0.0
POT.NZ,trailing_net_income_from_continuing_and_discontinued_operation,1,0.0
POT.NZ,trailing_net_income_from_continuing_operation_net_minority_interest,1,0.0
POT.NZ,trailing_net_income_including_noncontrolling_interests,1,0.0
POT.NZ,trailing_net_interest_income,1,0.0
POT.NZ,trailing_normalized_ebitda,1,0.0
POT.NZ,trailing_normalized_income,1,0.0
POT.NZ,trailing_other_non_operating_income_expenses,1,0.0
POT.NZ,trailing_reconciled_depreciation,1,0.0
POT.NZ,trailing_salaries_and_wages,1,0.0
POT.NZ,trailing_selling_general_and_administration,1,0.0
POT.NZ,trailing_special_income_charges,1,0.0
POT.NZ,trailing_tax_effect_of_unusual_items,1,0.0
POT.NZ,trailing_tax_provision,1,0.0
POT.NZ,trailing_tax_rate_for_calcs,1,0.0
POT.NZ,trailing_total_revenue,1,0.0
POT.NZ,trailing_total_unusual_items,1,0.0
POT.NZ,trailing_total_unusual_items_excluding_goodwill,1,0.0
POT.NZ,volume,4,5.0
POT.NZ,wiki_views,4,3.0
POT.NZ,wiki_views_desktop,4,3.0
POT.NZ,wiki_views_mobile,4,3.0
PYS.NZ,adj_close,54,76.0
PYS.NZ,annual_amortization,1,0.0
PYS.NZ,annual_amortization_of_intangibles_income_statement,1,0.0
PYS.NZ,annual_basic_average_shares,1,0.0
PYS.NZ,annual_basic_eps,1,0.0
PYS.NZ,annual_depreciation_amortization_depletion_income_statement,1,0.0
PYS.NZ,annual_depreciation_and_amortization_in_income_statement,1,0.0
PYS.NZ,annual_depreciation_income_statement,1,0.0
PYS.NZ,annual_diluted_average_shares,1,0.0
PYS.NZ,annual_diluted_eps,1,0.0
PYS.NZ,annual_ebit,1,0.0
PYS.NZ,annual_ebitda,1,0.0
PYS.NZ,annual_general_and_administrative_expense,1,0.0
PYS.NZ,annual_impairment_of_capital_assets,1,0.0
PYS.NZ,annual_interest_expense,1,0.0
PYS.NZ,annual_interest_income,1,0.0
PYS.NZ,annual_net_income,1,0.0
PYS.NZ,annual_net_income_common_stockholders,1,0.0
PYS.NZ,annual_net_income_continuous_operations,1,0.0
PYS.NZ,annual_net_income_from_continuing_and_discontinued_operation,1,0.0
PYS.NZ,annual_net_income_from_continuing_operation_net_minority_interest,1,0.0
PYS.NZ,annual_net_income_including_noncontrolling_interests,1,0.0
PYS.NZ,annual_net_interest_income,1,0.0
PYS.NZ,annual_normalized_ebitda,1,0.0
PYS.NZ,annual_normalized_income,1,0.0
PYS.NZ,annual_other_non_operating_income_expenses,1,0.0
PYS.NZ,annual_pretax_income,1,0.0
PYS.NZ,annual_reconciled_depreciation,1,0.0
PYS.NZ,annual_salaries_and_wages,1,0.0
PYS.NZ,annual_selling_and_marketing_expense,1,0.0
PYS.NZ,annual_selling_general_and_administration,1,0.0
PYS.NZ,annual_special_income_charges,1,0.0
PYS.NZ,annual_tax_effect_of_unusual_items,2,365.0
PYS.NZ,annual_tax_provision,1,0.0
PYS.NZ,annual_tax_rate_for_calcs,2,365.0
PYS.NZ,annual_total_revenue,1,0.0
PYS.NZ,annual_total_unusual_items,1,0.0
PYS.NZ,annual_total_unusual_items_excluding_goodwill,1,0.0
PYS.NZ,close,54,76.0
PYS.NZ,high,54,76.0
PYS.NZ,low,54,76.0
PYS.NZ,open,54,76.0
PYS.NZ,split,1,0.0
PYS.NZ,trailing_amortization,1,0.0
PYS.NZ,trailing_amortization_of_intangibles_income_statement,1,0.0
PYS.NZ,trailing_basic_average_shares,1,0.0
PYS.NZ,trailing_basic_eps,1,0.0
PYS.NZ,trailing_depreciation_amortization_depletion_income_statement,1,0.0
PYS.NZ,trailing_depreciation_and_amortization_in_income_statement,1,0.0
PYS.NZ,trailing_depreciation_income_statement,1,0.0
PYS.NZ,trailing_diluted_average_shares,1,0.0
PYS.NZ,trailing_diluted_eps,1,0.0
PYS.NZ,trailing_ebit,1,0.0
PYS.NZ,trailing_ebitda,1,0.0
PYS.NZ,trailing_general_and_administrative_expense,1,0.0
PYS.NZ,trailing_impairment_of_capital_assets,1,0.0
PYS.NZ,trailing_interest_income,1,0.0
PYS.NZ,trailing_net_income,1,0.0
PYS.NZ,trailing_net_income_common_stockholders,1,0.0
PYS.NZ,trailing_net_income_continuous_operations,1,0.0
PYS.NZ,trailing_net_income_from_continuing_and_discontinued_operation,1,0.0
PYS.NZ,trailing_net_income_from_continuing_operation_net_minority_interest,1,0.0
PYS.NZ,trailing_net_income_including_noncontrolling_interests,1,0.0
PYS.NZ,trailing_net_interest_income,1,0.0
PYS.NZ,trailing_normalized_ebitda,1,0.0
PYS.NZ,trailing_normalized_income,1,0.0
PYS.NZ,trailing_other_non_operating_income_expenses,1,0.0
PYS.NZ,trailing_reconciled_depreciation,1,0.0
PYS.NZ,trailing_salaries_and_wages,1,0.0
PYS.NZ,trailing_selling_and_marketing_expense,1,0.0
PYS.NZ,trailing_selling_general_and_administration,1,0.0
PYS.NZ,trailing_special_income_charges,1,0.0
PYS.NZ,trailing_tax_effect_of_unusual_items,1,0.0
PYS.NZ,trailing_tax_provision,1,0.0
PYS.NZ,trailing_tax_rate_for_calcs,1,0.0
PYS.NZ,trailing_total_revenue,1,0.0
PYS.NZ,trailing_total_unusual_items,1,0.0
PYS.NZ,trailing_total_unusual_items_excluding_goodwill,1,0.0
PYS.NZ,volume,53,75.0
RAD.NZ,adj_close,10,15.0
RAD.NZ,annual_amortization,1,0.0
RAD.NZ,annual_amortization_of_intangibles_income_statement,1,0.0
RAD.NZ,annual_basic_average_shares,1,0.0
RAD.NZ,annual_basic_eps,1,0.0
RAD.NZ,annual_depreciation_amortization_depletion_income_statement,1,0.0
RAD.NZ,annual_depreciation_and_amortization_in_income_statement,1,0.0
RAD.NZ,annual_depreciation_income_statement,1,0.0
RAD.NZ,annual_diluted_average_shares,1,0.0
RAD.NZ,annual_diluted_eps,1,0.0
RAD.NZ,annual_ebit,1,0.0
RAD.NZ,annual_ebitda,1,0.0
RAD.NZ,annual_general_and_administrative_expense,1,0.0
RAD.NZ,annual_interest_expense,1,0.0
RAD.NZ,annual_interest_income,1,0.0
RAD.NZ,annual_minority_interests,1,0.0
RAD.NZ,annual_net_income,1,0.0
RAD.NZ,annual_net_income_common_stockholders,1,0.0
RAD.NZ,annual_net_income_continuous_operations,1,0.0
RAD.NZ,annual_net_income_from_continuing_and_discontinued_operation,1,0.0
RAD.NZ,annual_net_income_from_continuing_operation_net_minority_interest,1,0.0
RAD.NZ,annual_net_income_including_noncontrolling_interests,1,0.0
RAD.NZ,annual_net_interest_income,1,0.0
RAD.NZ,annual_normalized_ebitda,1,0.0
RAD.NZ,annual_normalized_income,1,0.0
RAD.NZ,annual_other_non_operating_income_expenses,1,0.0
RAD.NZ,annual_other_special_charges,1,0.0
RAD.NZ,annual_pretax_income,1,0.0
RAD.NZ,annual_reconciled_depreciation,1,0.0
RAD.NZ,annual_rent_and_landing_fees,1,0.0
RAD.NZ,annual_salaries_and_wages,1,0.0
RAD.NZ,annual_selling_general_and_administration,1,0.0
RAD.NZ,annual_special_income_charges,1,0.0
RAD.NZ,annual_tax_effect_of_unusual_items,1,0.0
RAD.NZ,annual_tax_provision,1,0.0
RAD.NZ,annual_tax_rate_for_calcs,1,0.0
RAD.NZ,annual_total_revenue,1,0.0
RAD.NZ,annual_total_unusual_items,1,0.0
RAD.NZ,annual_total_unusual_items_excluding_goodwill,1,0.0
RAD.NZ,close,10,15.0
RAD.NZ,dividend,1,0.0
RAD.NZ,high,11,16.0
RAD.NZ,low,10,14.0
RAD.NZ,open,10,15.0
RAD.NZ,trailing_basic_average_shares,1,0.0
RAD.NZ,trailing_basic_eps,1,0.0
RAD.NZ,trailing_depreciation_amortization_depletion_income_statement,1,0.0
RAD.NZ,trailing_depreciation_and_amortization_in_income_statement,1,0.0
RAD.NZ,trailing_depreciation_income_statement,1,0.0
RAD.NZ,trailing_diluted_average_shares,1,0.0
RAD.NZ,trailing_diluted_eps,1,0.0
RAD.NZ,trailing_ebit,1,0.0
RAD.NZ,trailing_ebitda,1,0.0
RAD.NZ,trailing_general_and_administrative_expense,1,0.0
RAD.NZ,trailing_interest_expense,1,0.0
RAD.NZ,trailing_interest_income,1,0.0
RAD.NZ,trailing_net_income,1,0.0
RAD.NZ,trailing_net_income_common_stockholders,1,0.0
RAD.NZ,trailing_net_income_continuous_operations,1,0.0
RAD.NZ,trailing_net_income_from_continuing_and_discontinued_operation,1,0.0
RAD.NZ,trailing_net_income_from_continuing_operation_net_minority_interest,1,0.0
RAD.NZ,trailing_net_income_including_noncontrolling_interests,1,0.0
RAD.NZ,trailing_net_interest_income,1,0.0
RAD.NZ,trailing_normalized_ebitda,1,0.0
RAD.NZ,trailing_normalized_income,1,0.0
RAD.NZ,trailing_other_non_operating_income_expenses,1,0.0
RAD.NZ,trailing_reconciled_depreciation,1,0.0
RAD.NZ,trailing_salaries_and_wages,1,0.0
RAD.NZ,trailing_selling_general_and_administration,1,0.0
RAD.NZ,trailing_tax_effect_of_unusual_items,1,0.0
RAD.NZ,trailing_tax_provision,1,0.0
RAD.NZ,trailing_tax_rate_for_calcs,1,0.0
RAD.NZ,trailing_total_revenue,1,0.0
RAD.NZ,trailing_total_unusual_items,1,0.0
RAD.NZ,trailing_total_unusual_items_excluding_goodwill,1,0.0
RAD.NZ,volume,2,1.0
RAK.NZ,adj_close,18,23.0
RAK.NZ,annual_amortization,1,0.0
RAK.NZ,annual_amortization_of_intangibles_income_statement,1,0.0
RAK.NZ,annual_basic_average_shares,2,365.0
RAK.NZ,annual_basic_eps,1,0.0
RAK.NZ,annual_depreciation_amortization_depletion_income_statement,1,0.0
RAK.NZ,annual_depreciation_and_amortization_in_income_statement,1,0.0
RAK.NZ,annual_depreciation_income_statement,1,0.0
RAK.NZ,annual_diluted_average_shares,2,365.0
RAK.NZ,annual_diluted_eps,1,0.0
RAK.NZ,annual_ebit,1,0.0
RAK.NZ,annual_ebitda,1,0.0
RAK.NZ,annual_general_and_administrative_expense,1,0.0
RAK.NZ,annual_interest_expense,1,0.0
RAK.NZ,annual_interest_income,1,0.0
RAK.NZ,annual_net_income,1,0.0
RAK.NZ,annual_net_income_common_stockholders,1,0.0
RAK.NZ,annual_net_income_continuous_operations,1,0.0
RAK.NZ,annual_net_income_from_continuing_and_discontinued_operation,1,0.0
RAK.NZ,annual_net_income_from_continuing_operation_net_minority_interest,1,0.0
RAK.NZ,annual_net_income_including_noncontrolling_interests,1,0.0
RAK.NZ,annual_net_interest_income,1,0.0
RAK.NZ,annual_normalized_ebitda,1,0.0
RAK.NZ,annual_normalized_income,1,0.0
RAK.NZ,annual_other_gand_a,1,0.0
RAK.NZ,annual_other_non_operating_income_expenses,1,0.0
RAK.NZ,annual_pretax_income,1,0.0
RAK.NZ,annual_reconciled_depreciation,1,0.0
RAK.NZ,annual_selling_and_marketing_expense,1,0.0
RAK.NZ,annual_selling_general_and_administration,1,0.0
RAK.NZ,annual_special_income_charges,1,0.0
RAK.NZ,annual_tax_effect_of_unusual_items,1,0.0
RAK.NZ,annual_tax_provision,1,0.0
RAK.NZ,annual_tax_rate_for_calcs,1,0.0
RAK.NZ,annual_total_revenue,1,0.0
RAK.NZ,annual_total_unusual_items,1,0.0
RAK.NZ,annual_total_unusual_items_excluding_goodwill,1,0.0
RAK.NZ,close,18,23.0
RAK.NZ,dividend,1,0.0
RAK.NZ,high,18,23.0
RAK.NZ,low,27,36.0
RAK.NZ,open,18,23.0
RAK.NZ,trailing_basic_average_shares,1,0.0
RAK.NZ,trailing_basic_eps,1,0.0
RAK.NZ,trailing_depreciation_amortization_depletion_income_statement,1,0.0
RAK.NZ,trailing_depreciation_and_amortization_in_income_statement,1,0.0
RAK.NZ,trailing_depreciation_income_statement,1,0.0
RAK.NZ,trailing_diluted_average_shares,1,0.0
RAK.NZ,trailing_diluted_eps,1,0.0
RAK.NZ,trailing_ebit,1,0.0
RAK.NZ,trailing_ebitda,1,0.0
RAK.NZ,trailing_general_and_administrative_expense,1,0.0
RAK.NZ,trailing_interest_expense,1,0.0
RAK.NZ,trailing_interest_income,1,0.0
RAK.NZ,trailing_net_income,1,0.0
RAK.NZ,trailing_net_income_common_stockholders,1,0.0
RAK.NZ,trailing_net_income_continuous_operations,1,0.0
RAK.NZ,trailing_net_income_from_continuing_and_discontinued_operation,1,0.0
RAK.NZ,trailing_net_income_from_continuing_operation_net_minority_interest,1,0.0
RAK.NZ,trailing_net_income_including_noncontrolling_interests,1,0.0
RAK.NZ,trailing_net_interest_income,1,0.0
RAK.NZ,trailing_normalized_ebitda,1,0.0
RAK.NZ,trailing_normalized_income,1,0.0
RAK.NZ,trailing_other_gand_a,1,0.0
RAK.NZ,trailing_other_non_operating_income_expenses,1,0.0
RAK.NZ,trailing_reconciled_depreciation,1,0.0
RAK.NZ,trailing_selling_and_marketing_expense,1,0.0
RAK.NZ,trailing_selling_general_and_administration,1,0.0
RAK.NZ,trailing_tax_effect_of_unusual_items,1,0.0
RAK.NZ,trailing_tax_provision,1,0.0
RAK.NZ,trailing_tax_rate_for_calcs,1,0.0
RAK.NZ,trailing_total_revenue,1,0.0
RAK.NZ,trailing_total_unusual_items,1,0.0
RAK.NZ,trailing_total_unusual_items_excluding_goodwill,1,0.0
RAK.NZ,volume,18,23.0
RTO.NZ,adj_close,893,1299.0
RTO.NZ,annual_basic_average_shares,1,0.0
RTO.NZ,annual_basic_eps,2,366.0
RTO.NZ,annual_depreciation_amortization_depletion_income_statement,1,0.0
RTO.NZ,annual_depreciation_and_amortization_in_income_statement,1,0.0
RTO.NZ,annual_depreciation_income_statement,1,0.0
RTO.NZ,annual_diluted_average_shares,1,0.0
RTO.NZ,annual_diluted_eps,2,366.0
RTO.NZ,annual_ebit,1,0.0
RTO.NZ,annual_ebitda,1,0.0
RTO.NZ,annual_general_and_administrative_expense,2,366.0
RTO.NZ,annual_interest_expense,1,0.0
RTO.NZ,annual_interest_income,1,0.0
RTO.NZ,annual_net_income,1,0.0
RTO.NZ,annual_net_income_common_stockholders,1,0.0
RTO.NZ,annual_net_income_continuous_operations,1,0.0
RTO.NZ,annual_net_income_from_continuing_and_discontinued_operation,1,0.0
RTO.NZ,annual_net_income_from_continuing_operation_net_minority_interest,1,0.0
RTO.NZ,annual_net_income_including_noncontrolling_interests,1,0.0
RTO.NZ,annual_net_interest_income,1,0.0
RTO.NZ,annual_normalized_ebitda,1,0.0
RTO.NZ,annual_normalized_income,1,0.0
RTO.NZ,annual_other_non_operating_income_expenses,1,0.0
RTO.NZ,annual_pretax_income,1,0.0
RTO.NZ,annual_reconciled_depreciation,1,0.0
RTO.NZ,annual_rent_and_landing_fees,1,0.0
RTO.NZ,annual_salaries_and_wages,4,1096.0
RTO.NZ,annual_selling_general_and_administration,2,366.0
RTO.NZ,annual_tax_effect_of_unusual_items,4,1096.0
RTO.NZ,annual_tax_provision,4,1096.0
RTO.NZ,annual_tax_rate_for_calcs,4,1096.0
RTO.NZ,close,893,1299.0
RTO.NZ,dividend,1,0.0
RTO.NZ,high,893,1299.0
RTO.NZ,low,893,1299.0
RTO.NZ,open,893,1299.0
RTO.NZ,split,1,0.0
RTO.NZ,trailing_basic_average_shares,2,183.0
RTO.NZ,trailing_basic_eps,2,183.0
RTO.NZ,trailing_depreciation_amortization_depletion_income_statement,1,0.0
RTO.NZ,trailing_depreciation_and_amortization_in_income_statement,1,0.0
RTO.NZ,trailing_depreciation_income_statement,1,0.0
RTO.NZ,trailing_diluted_average_shares,2,183.0
RTO.NZ,trailing_diluted_eps,2,183.0
RTO.NZ,trailing_ebit,1,0.0
RTO.NZ,trailing_ebitda,1,0.0
RTO.NZ,trailing_general_and_administrative_expense,1,0.0
RTO.NZ,trailing_interest_income,1,0.0
RTO.NZ,trailing_net_income,1,0.0
RTO.NZ,trailing_net_income_common_stockholders,1,0.0
RTO.NZ,trailing_net_income_continuous_operations,1,0.0
RTO.NZ,trailing_net_income_from_continuing_and_discontinued_operation,1,0.0
RTO.NZ,trailing_net_income_from_continuing_operation_net_minority_interest,1,0.0
RTO.NZ,trailing_net_income_including_noncontrolling_interests,1,0.0
RTO.NZ,trailing_net_interest_income,1,0.0
RTO.NZ,trailing_normalized_ebitda,1,0.0
RTO.NZ,trailing_normalized_income,1,0.0
RTO.NZ,trailing_other_non_operating_income_expenses,1,0.0
RTO.NZ,trailing_reconciled_depreciation,1,0.0
RTO.NZ,trailing_salaries_and_wages,1,0.0
RTO.NZ,trailing_selling_general_and_administration,1,0.0
RTO.NZ,trailing_tax_effect_of_unusual_items,1,0.0
RTO.NZ,trailing_tax_provision,1,0.0
RTO.NZ,trailing_tax_rate_for_calcs,1,0.0
RTO.NZ,volume,892,1298.0
RUA.NZ,adj_close,9,10.0
RUA.NZ,annual_amortization,1,0.0
RUA.NZ,annual_amortization_of_intangibles_income_statement,1,0.0
RUA.NZ,annual_basic_average_shares,1,0.0
RUA.NZ,annual_basic_eps,1,0.0
RUA.NZ,annual_depreciation_amortization_depletion_income_statement,1,0.0
RUA.NZ,annual_depreciation_and_amortization_in_income_statement,1,0.0
RUA.NZ,annual_depreciation_income_statement,1,0.0
RUA.NZ,annual_diluted_average_shares,1,0.0
RUA.NZ,annual_diluted_eps,1,0.0
RUA.NZ,annual_ebit,1,0.0
RUA.NZ,annual_ebitda,1,0.0
RUA.NZ,annual_impairment_of_capital_assets,1,0.0
RUA.NZ,annual_interest_expense,1,0.0
RUA.NZ,annual_interest_income,1,0.0
RUA.NZ,annual_net_income,1,0.0
RUA.NZ,annual_net_income_common_stockholders,1,0.0
RUA.NZ,annual_net_income_continuous_operations,1,0.0
RUA.NZ,annual_net_income_from_continuing_and_discontinued_operation,1,0.0
RUA.NZ,annual_net_income_from_continuing_operation_net_minority_interest,1,0.0
RUA.NZ,annual_net_income_including_noncontrolling_interests,1,0.0
RUA.NZ,annual_net_interest_income,1,0.0
RUA.NZ,annual_normalized_ebitda,1,0.0
RUA.NZ,annual_normalized_income,1,0.0
RUA.NZ,annual_other_non_operating_income_expenses,1,0.0
RUA.NZ,annual_pretax_income,1,0.0
RUA.NZ,annual_reconciled_depreciation,1,0.0
RUA.NZ,annual_special_income_charges,1,0.0
RUA.NZ,annual_tax_effect_of_unusual_items,2,366.0
RUA.NZ,annual_tax_provision,1,0.0
RUA.NZ,annual_tax_rate_for_calcs,2,365.0
RUA.NZ,annual_total_revenue,1,0.0
RUA.NZ,annual_total_unusual_items,1,0.0
RUA.NZ,annual_total_unusual_items_excluding_goodwill,1,0.0
RUA.NZ,close,9,10.0
RUA.NZ,high,16,21.0
RUA.NZ,low,9,12.0
RUA.NZ,open,11,14.0
RUA.NZ,trailing_basic_average_shares,1,0.0
RUA.NZ,trailing_basic_eps,1,0.0
RUA.NZ,trailing_depreciation_amortization_depletion_income_statement,1,0.0
RUA.NZ,trailing_depreciation_and_amortization_in_income_statement,1,0.0
RUA.NZ,trailing_depreciation_income_statement,1,0.0
RUA.NZ,trailing_diluted_average_shares,1,0.0
RUA.NZ,trailing_diluted_eps,1,0.0
RUA.NZ,trailing_ebit,1,0.0
RUA.NZ,trailing_ebitda,1,0.0
RUA.NZ,trailing_impairment_of_capital_assets,1,0.0
RUA.NZ,trailing_interest_expense,1,0.0
RUA.NZ,trailing_interest_income,1,0.0
RUA.NZ,trailing_net_income,1,0.0
RUA.NZ,trailing_net_income_common_stockholders,1,0.0
RUA.NZ,trailing_net_income_continuous_operations,1,0.0
RUA.NZ,trailing_net_income_from_continuing_and_discontinued_operation,1,0.0
RUA.NZ,trailing_net_income_from_continuing_operation_net_minority_interest,1,0.0
RUA.NZ,trailing_net_income_including_noncontrolling_interests,1,0.0
RUA.NZ,trailing_net_interest_income,1,0.0
RUA.NZ,trailing_normalized_ebitda,1,0.0
RUA.NZ,trailing_normalized_income,1,0.0
RUA.NZ,trailing_other_non_operating_income_expenses,1,0.0
RUA.NZ,trailing_reconciled_depreciation,1,0.0
RUA.NZ,trailing_special_income_charges,1,0.0
RUA.NZ,trailing_tax_effect_of_unusual_items,1,0.0
RUA.NZ,trailing_tax_provision,1,0.0
RUA.NZ,trailing_tax_rate_for_calcs,1,0.0
RUA.NZ,trailing_total_revenue,1,0.0
RUA.NZ,trailing_total_unusual_items,1,0.0
RUA.NZ,trailing_total_unusual_items_excluding_goodwill,1,0.0
RUA.NZ,volume,1,0.0
RYM.NZ,adj_close,10,13.0
RYM.NZ,annual_amortization,1,0.0
RYM.NZ,annual_amortization_of_intangibles_income_statement,1,0.0
RYM.NZ,annual_basic_average_shares,1,0.0
RYM.NZ,annual_basic_eps,1,0.0
RYM.NZ,annual_depreciation_amortization_depletion_income_statement,1,0.0
RYM.NZ,annual_depreciation_and_amortization_in_income_statement,1,0.0
RYM.NZ,annual_depreciation_income_statement,1,0.0
RYM.NZ,annual_diluted_average_shares,1,0.0
RYM.NZ,annual_diluted_eps,1,0.0
RYM.NZ,annual_ebit,1,0.0
RYM.NZ,annual_ebitda,1,0.0
RYM.NZ,annual_general_and_administrative_expense,1,0.0
RYM.NZ,annual_impairment_of_capital_assets,1,0.0
RYM.NZ,annual_interest_expense,1,0.0
RYM.NZ,annual_interest_income,1,0.0
RYM.NZ,annual_net_income,1,0.0
RYM.NZ,annual_net_income_common_stockholders,1,0.0
RYM.NZ,annual_net_income_continuous_operations,1,0.0
RYM.NZ,annual_net_income_from_continuing_and_discontinued_operation,1,0.0
RYM.NZ,annual_net_income_from_continuing_operation_net_minority_interest,1,0.0
RYM.NZ,annual_net_income_including_noncontrolling_interests,1,0.0
RYM.NZ,annual_net_interest_income,1,0.0
RYM.NZ,annual_normalized_ebitda,1,0.0
RYM.NZ,annual_normalized_income,1,0.0
RYM.NZ,annual_other_gand_a,1,0.0
RYM.NZ,annual_other_non_operating_income_expenses,1,0.0
RYM.NZ,annual_pretax_income,1,0.0
RYM.NZ,annual_reconciled_depreciation,1,0.0
RYM.NZ,annual_salaries_and_wages,1,0.0
RYM.NZ,annual_selling_and_marketing_expense,1,0.0
RYM.NZ,annual_selling_general_and_administration,1,0.0
RYM.NZ,annual_special_income_charges,1,0.0
RYM.NZ,annual_tax_effect_of_unusual_items,1,0.0
RYM.NZ,annual_tax_provision,1,0.0
RYM.NZ,annual_tax_rate_for_calcs,3,731.0
RYM.NZ,annual_total_revenue,1,0.0
RYM.NZ,annual_total_unusual_items,1,0.0
RYM.NZ,annual_total_unusual_items_excluding_goodwill,1,0.0
RYM.NZ,close,10,13.0
RYM.NZ,dividend,2,175.0
RYM.NZ,high,10,13.0
RYM.NZ,low,10,13.0
RYM.NZ,open,9,10.0
RYM.NZ,split,1,0.0
RYM.NZ,trailing_amortization,1,0.0
RYM.NZ,trailing_amortization_of_intangibles_income_statement,1,0.0
RYM.NZ,trailing_basic_average_shares,1,0.0
RYM.NZ,trailing_basic_eps,1,0.0
RYM.NZ,trailing_depreciation_amortization_depletion_income_statement,1,0.0
RYM.NZ,trailing_depreciation_and_amortization_in_income_statement,1,0.0
RYM.NZ,trailing_depreciation_income_statement,1,0.0
RYM.NZ,trailing_diluted_average_shares,1,0.0
RYM.NZ,trailing_diluted_eps,1,0.0
RYM.NZ,trailing_ebit,1,0.0
RYM.NZ,trailing_ebitda,1,0.0
RYM.NZ,trailing_general_and_administrative_expense,1,0.0
RYM.NZ,trailing_impairment_of_capital_assets,1,0.0
RYM.NZ,trailing_interest_expense,1,0.0
RYM.NZ,trailing_interest_income,1,0.0
RYM.NZ,trailing_net_income,1,0.0
RYM.NZ,trailing_net_income_common_stockholders,1,0.0
RYM.NZ,trailing_net_income_continuous_operations,1,0.0
RYM.NZ,trailing_net_income_from_continuing_and_discontinued_operation,1,0.0
RYM.NZ,trailing_net_income_from_continuing_operation_net_minority_interest,1,0.0
RYM.NZ,trailing_net_income_including_noncontrolling_interests,1,0.0
RYM.NZ,trailing_net_interest_income,1,0.0
RYM.NZ,trailing_normalized_ebitda,1,0.0
RYM.NZ,trailing_normalized_income,1,0.0
RYM.NZ,trailing_other_gand_a,1,0.0
RYM.NZ,trailing_other_non_operating_income_expenses,1,0.0
RYM.NZ,trailing_reconciled_depreciation,1,0.0
RYM.NZ,trailing_salaries_and_wages,1,0.0
RYM.NZ,trailing_selling_and_marketing_expense,1,0.0
RYM.NZ,trailing_selling_general_and_administration,1,0.0
RYM.NZ,trailing_special_income_charges,1,0.0
RYM.NZ,trailing_tax_effect_of_unusual_items,1,0.0
RYM.NZ,trailing_tax_provision,1,0.0
RYM.NZ,trailing_tax_rate_for_calcs,1,0.0
RYM.NZ,trailing_total_revenue,1,0.0
RYM.NZ,trailing_total_unusual_items,1,0.0
RYM.NZ,trailing_total_unusual_items_excluding_goodwill,1,0.0
RYM.NZ,volume,4,5.0
RYM.NZ,wiki_views,3,2.0
RYM.NZ,wiki_views_desktop,4,3.0
RYM.NZ,wiki_views_mobile,4,3.0
SAN.NZ,adj_close,11,19.0
SAN.NZ,annual_amortization,1,0.0
SAN.NZ,annual_amortization_of_intangibles_income_statement,1,0.0
SAN.NZ,annual_basic_average_shares,3,731.0
SAN.NZ,annual_basic_eps,1,0.0
SAN.NZ,annual_depreciation_amortization_depletion_income_statement,1,0.0
SAN.NZ,annual_depreciation_and_amortization_in_income_statement,1,0.0
SAN.NZ,annual_depreciation_income_statement,1,0.0
SAN.NZ,annual_diluted_average_shares,3,731.0
SAN.NZ,annual_diluted_eps,1,0.0
SAN.NZ,annual_ebit,1,0.0
SAN.NZ,annual_ebitda,1,0.0
SAN.NZ,annual_general_and_administrative_expense,1,0.0
SAN.NZ,annual_interest_expense,1,0.0
SAN.NZ,annual_interest_income,1,0.0
SAN.NZ,annual_minority_interests,1,0.0
SAN.NZ,annual_net_income,1,0.0
SAN.NZ,annual_net_income_common_stockholders,1,0.0
SAN.NZ,annual_net_income_continuous_operations,1,0.0
SAN.NZ,annual_net_income_from_continuing_and_discontinued_operation,1,0.0
SAN.NZ,annual_net_income_from_continuing_operation_net_minority_interest,1,0.0
SAN.NZ,annual_net_income_including_noncontrolling_interests,1,0.0
SAN.NZ,annual_net_interest_income,1,0.0
SAN.NZ,annual_normalized_ebitda,1,0.0
SAN.NZ,annual_normalized_income,1,0.0
SAN.NZ,annual_other_gand_a,1,0.0
SAN.NZ,annual_other_non_operating_income_expenses,1,0.0
SAN.NZ,annual_pretax_income,1,0.0
SAN.NZ,annual_reconciled_depreciation,1,0.0
SAN.NZ,annual_selling_and_marketing_expense,1,0.0
SAN.NZ,annual_selling_general_and_administration,1,0.0
SAN.NZ,annual_tax_effect_of_unusual_items,3,1096.0
SAN.NZ,annual_tax_provision,1,0.0
SAN.NZ,annual_tax_rate_for_calcs,1,0.0
SAN.NZ,annual_total_revenue,1,0.0
SAN.NZ,close,11,19.0
SAN.NZ,dividend,3,536.0
SAN.NZ,high,10,13.0
SAN.NZ,low,9,13.0
SAN.NZ,open,9,13.0
SAN.NZ,trailing_amortization,1,0.0
SAN.NZ,trailing_amortization_of_intangibles_income_statement,1,0.0
SAN.NZ,trailing_basic_average_shares,3,731.0
SAN.NZ,trailing_basic_eps,1,0.0
SAN.NZ,trailing_depreciation_amortization_depletion_income_statement,1,0.0
SAN.NZ,trailing_depreciation_and_amortization_in_income_statement,1,0.0
SAN.NZ,trailing_depreciation_income_statement,1,0.0
SAN.NZ,trailing_diluted_average_shares,3,731.0
SAN.NZ,trailing_diluted_eps,1,0.0
SAN.NZ,trailing_ebit,1,0.0
SAN.NZ,trailing_ebitda,1,0.0
SAN.NZ,trailing_general_and_administrative_expense,1,0.0
SAN.NZ,trailing_interest_expense,1,0.0
SAN.NZ,trailing_interest_income,1,0.0
SAN.NZ,trailing_minority_interests,1,0.0
SAN.NZ,trailing_net_income,1,0.0
SAN.NZ,trailing_net_income_common_stockholders,1,0.0
SAN.NZ,trailing_net_income_continuous_operations,1,0.0
SAN.NZ,trailing_net_income_from_continuing_and_discontinued_operation,1,0.0
SAN.NZ,trailing_net_income_from_continuing_operation_net_minority_interest,1,0.0
SAN.NZ,trailing_net_income_including_noncontrolling_interests,1,0.0
SAN.NZ,trailing_net_interest_income,1,0.0
SAN.NZ,trailing_normalized_ebitda,1,0.0
SAN.NZ,trailing_normalized_income,1,0.0
SAN.NZ,trailing_other_gand_a,1,0.0
SAN.NZ,trailing_other_non_operating_income_expenses,1,0.0
SAN.NZ,trailing_reconciled_depreciation,1,0.0
SAN.NZ,trailing_selling_and_marketing_expense,1,0.0
SAN.NZ,trailing_selling_general_and_administration,1,0.0
SAN.NZ,trailing_tax_effect_of_unusual_items,1,0.0
SAN.NZ,trailing_tax_provision,1,0.0
SAN.NZ,trailing_tax_rate_for_calcs,1,0.0
SAN.NZ,trailing_total_revenue,1,0.0
SAN.NZ,volume,5,6.0
SAN.NZ,wiki_views,21,75.0
SAN.NZ,wiki_views_desktop,15,55.0
SAN.NZ,wiki_views_mobile,20,51.0
SCL.NZ,adj_close,8,9.0
SCL.NZ,annual_amortization,1,0.0
SCL.NZ,annual_amortization_of_intangibles_income_statement,1,0.0
SCL.NZ,annual_basic_average_shares,1,0.0
SCL.NZ,annual_basic_eps,1,0.0
SCL.NZ,annual_depreciation_amortization_depletion_income_statement,1,0.0
SCL.NZ,annual_depreciation_and_amortization_in_income_statement,1,0.0
SCL.NZ,annual_depreciation_income_statement,1,0.0
SCL.NZ,annual_diluted_average_shares,1,0.0
SCL.NZ,annual_diluted_eps,1,0.0
SCL.NZ,annual_ebit,1,0.0
SCL.NZ,annual_ebitda,1,0.0
SCL.NZ,annual_general_and_administrative_expense,1,0.0
SCL.NZ,annual_impairment_of_capital_assets,1,0.0
SCL.NZ,annual_interest_expense,1,0.0
SCL.NZ,annual_interest_income,1,0.0
SCL.NZ,annual_minority_interests,1,0.0
SCL.NZ,annual_net_income,1,0.0
SCL.NZ,annual_net_income_common_stockholders,1,0.0
SCL.NZ,annual_net_income_continuous_operations,1,0.0
SCL.NZ,annual_net_income_from_continuing_and_discontinued_operation,1,0.0
SCL.NZ,annual_net_income_from_continuing_operation_net_minority_interest,1,0.0
SCL.NZ,annual_net_income_including_noncontrolling_interests,1,0.0
SCL.NZ,annual_net_interest_income,1,0.0
SCL.NZ,annual_normalized_ebitda,1,0.0
SCL.NZ,annual_normalized_income,1,0.0
SCL.NZ,annual_other_non_operating_income_expenses,1,0.0
SCL.NZ,annual_pretax_income,1,0.0
SCL.NZ,annual_reconciled_depreciation,1,0.0
SCL.NZ,annual_rent_and_landing_fees,1,0.0
SCL.NZ,annual_salaries_and_wages,1,0.0
SCL.NZ,annual_selling_and_marketing_expense,1,0.0
SCL.NZ,annual_selling_general_and_administration,1,0.0
SCL.NZ,annual_special_income_charges,1,0.0
SCL.NZ,annual_tax_effect_of_unusual_items,1,0.0
SCL.NZ,annual_tax_provision,1,0.0
SCL.NZ,annual_tax_rate_for_calcs,1,0.0
SCL.NZ,annual_total_revenue,1,0.0
SCL.NZ,annual_total_unusual_items,1,0.0
SCL.NZ,annual_total_unusual_items_excluding_goodwill,1,0.0
SCL.NZ,close,8,9.0
SCL.NZ,dividend,8,1268.0
SCL.NZ,high,12,15.0
SCL.NZ,low,7,8.0
SCL.NZ,open,6,7.0
SCL.NZ,trailing_amortization,1,0.0
SCL.NZ,trailing_amortization_of_intangibles_income_statement,1,0.0
SCL.NZ,trailing_basic_average_shares,1,0.0
SCL.NZ,trailing_basic_eps,1,0.0
SCL.NZ,trailing_depreciation_amortization_depletion_income_statement,1,0.0
SCL.NZ,trailing_depreciation_and_amortization_in_income_statement,1,0.0
SCL.NZ,trailing_depreciation_income_statement,1,0.0
SCL.NZ,trailing_diluted_average_shares,1,0.0
SCL.NZ,trailing_diluted_eps,1,0.0
SCL.NZ,trailing_ebit,1,0.0
SCL.NZ,trailing_ebitda,1,0.0
SCL.NZ,trailing_general_and_administrative_expense,1,0.0
SCL.NZ,trailing_impairment_of_capital_assets,1,0.0
SCL.NZ,trailing_interest_expense,1,0.0
SCL.NZ,trailing_interest_income,1,0.0
SCL.NZ,trailing_minority_interests,1,0.0
SCL.NZ,trailing_net_income,1,0.0
SCL.NZ,trailing_net_income_common_stockholders,1,0.0
SCL.NZ,trailing_net_income_continuous_operations,1,0.0
SCL.NZ,trailing_net_income_from_continuing_and_discontinued_operation,1,0.0
SCL.NZ,trailing_net_income_from_continuing_operation_net_minority_interest,1,0.0
SCL.NZ,trailing_net_income_including_noncontrolling_interests,1,0.0
SCL.NZ,trailing_net_interest_income,1,0.0
SCL.NZ,trailing_normalized_ebitda,1,0.0
SCL.NZ,trailing_normalized_income,1,0.0
SCL.NZ,trailing_other_non_operating_income_expenses,1,0.0
SCL.NZ,trailing_reconciled_depreciation,1,0.0
SCL.NZ,trailing_rent_and_landing_fees,1,0.0
SCL.NZ,trailing_salaries_and_wages,1,0.0
SCL.NZ,trailing_selling_and_marketing_expense,1,0.0
SCL.NZ,trailing_selling_general_and_administration,1,0.0
SCL.NZ,trailing_special_income_charges,1,0.0
SCL.NZ,trailing_tax_effect_of_unusual_items,1,0.0
SCL.NZ,trailing_tax_provision,1,0.0
SCL.NZ,trailing_tax_rate_for_calcs,1,0.0
SCL.NZ,trailing_total_revenue,1,0.0
SCL.NZ,trailing_total_unusual_items,1,0.0
SCL.NZ,trailing_total_unusual_items_excluding_goodwill,1,0.0
SCL.NZ,volume,2,4.0
SCL.NZ,wiki_views,1,0.0
SCL.NZ,wiki_views_desktop,1,0.0
SCL.NZ,wiki_views_mobile,1,0.0
SCT.NZ,adj_close,18,23.0
SCT.NZ,annual_amortization,1,0.0
SCT.NZ,annual_amortization_of_intangibles_income_statement,1,0.0
SCT.NZ,annual_basic_average_shares,1,0.0
SCT.NZ,annual_basic_eps,1,0.0
SCT.NZ,annual_depreciation_amortization_depletion_income_statement,1,0.0
SCT.NZ,annual_depreciation_and_amortization_in_income_statement,1,0.0
SCT.NZ,annual_depreciation_income_statement,1,0.0
SCT.NZ,annual_diluted_average_shares,1,0.0
SCT.NZ,annual_diluted_eps,1,0.0
SCT.NZ,annual_ebit,1,0.0
SCT.NZ,annual_ebitda,1,0.0
SCT.NZ,annual_general_and_administrative_expense,1,0.0
SCT.NZ,annual_interest_expense,1,0.0
SCT.NZ,annual_interest_income,1,0.0
SCT.NZ,annual_minority_interests,1,0.0
SCT.NZ,annual_net_income,1,0.0
SCT.NZ,annual_net_income_common_stockholders,1,0.0
SCT.NZ,annual_net_income_continuous_operations,1,0.0
SCT.NZ,annual_net_income_from_continuing_and_discontinued_operation,1,0.0
SCT.NZ,annual_net_income_from_continuing_operation_net_minority_interest,1,0.0
SCT.NZ,annual_net_income_including_noncontrolling_interests,1,0.0
SCT.NZ,annual_net_interest_income,1,0.0
SCT.NZ,annual_normalized_ebitda,1,0.0
SCT.NZ,annual_normalized_income,1,0.0
SCT.NZ,annual_other_non_operating_income_expenses,1,0.0
SCT.NZ,annual_pretax_income,1,0.0
SCT.NZ,annual_reconciled_depreciation,1,0.0
SCT.NZ,annual_salaries_and_wages,1,0.0
SCT.NZ,annual_selling_general_and_administration,1,0.0
SCT.NZ,annual_special_income_charges,1,0.0
SCT.NZ,annual_tax_effect_of_unusual_items,1,0.0
SCT.NZ,annual_tax_provision,1,0.0
SCT.NZ,annual_tax_rate_for_calcs,1,0.0
SCT.NZ,annual_total_revenue,1,0.0
SCT.NZ,annual_total_unusual_items,1,0.0
SCT.NZ,annual_total_unusual_items_excluding_goodwill,1,0.0
SCT.NZ,close,18,23.0
SCT.NZ,dividend,5,728.0
SCT.NZ,high,13,19.0
SCT.NZ,low,18,24.0
SCT.NZ,open,14,17.0
SCT.NZ,split,2,364.0
SCT.NZ,trailing_amortization,1,0.0
SCT.NZ,trailing_amortization_of_intangibles_income_statement,1,0.0
SCT.NZ,trailing_basic_average_shares,1,0.0
SCT.NZ,trailing_basic_eps,1,0.0
SCT.NZ,trailing_depreciation_amortization_depletion_income_statement,1,0.0
SCT.NZ,trailing_depreciation_and_amortization_in_income_statement,1,0.0
SCT.NZ,trailing_depreciation_income_statement,1,0.0
SCT.NZ,trailing_diluted_average_shares,1,0.0
SCT.NZ,trailing_diluted_eps,1,0.0
SCT.NZ,trailing_ebit,1,0.0
SCT.NZ,trailing_ebitda,1,0.0
SCT.NZ,trailing_general_and_administrative_expense,1,0.0
SCT.NZ,trailing_interest_expense,1,0.0
SCT.NZ,trailing_interest_income,1,0.0
SCT.NZ,trailing_minority_interests,1,0.0
SCT.NZ,trailing_net_income,1,0.0
SCT.NZ,trailing_net_income_common_stockholders,1,0.0
SCT.NZ,trailing_net_income_continuous_operations,1,0.0
SCT.NZ,trailing_net_income_from_continuing_and_discontinued_operation,1,0.0
SCT.NZ,trailing_net_income_from_continuing_operation_net_minority_interest,1,0.0
SCT.NZ,trailing_net_income_including_noncontrolling_interests,1,0.0
SCT.NZ,trailing_net_interest_income,1,0.0
SCT.NZ,trailing_normalized_ebitda,1,0.0
SCT.NZ,trailing_normalized_income,1,0.0
SCT.NZ,trailing_other_non_operating_income_expenses,1,0.0
SCT.NZ,trailing_reconciled_depreciation,1,0.0
SCT.NZ,trailing_salaries_and_wages,1,0.0
SCT.NZ,trailing_selling_general_and_administration,1,0.0
SCT.NZ,trailing_special_income_charges,1,0.0
SCT.NZ,trailing_tax_effect_of_unusual_items,1,0.0
SCT.NZ,trailing_tax_provision,1,0.0
SCT.NZ,trailing_tax_rate_for_calcs,1,0.0
SCT.NZ,trailing_total_revenue,1,0.0
SCT.NZ,trailing_total_unusual_items,1,0.0
SCT.NZ,trailing_total_unusual_items_excluding_goodwill,1,0.0
SCT.NZ,volume,9,17.0
SDL.NZ,adj_close,92,138.0
SDL.NZ,annual_amortization,1,0.0
SDL.NZ,annual_amortization_of_intangibles_income_statement,1,0.0
SDL.NZ,annual_basic_average_shares,2,366.0
SDL.NZ,annual_basic_eps,1,0.0
SDL.NZ,annual_depreciation_amortization_depletion_income_statement,1,0.0
SDL.NZ,annual_depreciation_and_amortization_in_income_statement,1,0.0
SDL.NZ,annual_depreciation_income_statement,1,0.0
SDL.NZ,annual_diluted_average_shares,1,0.0
SDL.NZ,annual_diluted_eps,1,0.0
SDL.NZ,annual_ebit,1,0.0
SDL.NZ,annual_ebitda,1,0.0
SDL.NZ,annual_general_and_administrative_expense,1,0.0
SDL.NZ,annual_interest_expense,1,0.0
SDL.NZ,annual_interest_income,1,0.0
SDL.NZ,annual_net_income,1,0.0
SDL.NZ,annual_net_income_common_stockholders,1,0.0
SDL.NZ,annual_net_income_continuous_operations,1,0.0
SDL.NZ,annual_net_income_from_continuing_and_discontinued_operation,1,0.0
SDL.NZ,annual_net_income_from_continuing_operation_net_minority_interest,1,0.0
SDL.NZ,annual_net_income_including_noncontrolling_interests,1,0.0
SDL.NZ,annual_net_interest_income,1,0.0
SDL.NZ,annual_normalized_ebitda,1,0.0
SDL.NZ,annual_normalized_income,1,0.0
SDL.NZ,annual_other_gand_a,1,0.0
SDL.NZ,annual_other_non_operating_income_expenses,1,0.0
SDL.NZ,annual_pretax_income,1,0.0
SDL.NZ,annual_reconciled_depreciation,1,0.0
SDL.NZ,annual_salaries_and_wages,1,0.0
SDL.NZ,annual_selling_general_and_administration,1,0.0
SDL.NZ,annual_tax_effect_of_unusual_items,3,731.0
SDL.NZ,annual_tax_provision,1,0.0
SDL.NZ,annual_tax_rate_for_calcs,1,0.0
SDL.NZ,annual_total_revenue,1,0.0
SDL.NZ,close,92,138.0
SDL.NZ,dividend,2,156.0
SDL.NZ,high,92,138.0
SDL.NZ,low,92,138.0
SDL.NZ,open,92,138.0
SDL.NZ,trailing_amortization,1,0.0
SDL.NZ,trailing_amortization_of_intangibles_income_statement,1,0.0
SDL.NZ,trailing_basic_average_shares,2,366.0
SDL.NZ,trailing_basic_eps,1,0.0
SDL.NZ,trailing_depreciation_amortization_depletion_income_statement,1,0.0
SDL.NZ,trailing_depreciation_and_amortization_in_income_statement,1,0.0
SDL.NZ,trailing_depreciation_income_statement,1,0.0
SDL.NZ,trailing_diluted_average_shares,1,0.0
SDL.NZ,trailing_diluted_eps,1,0.0
SDL.NZ,trailing_ebit,1,0.0
SDL.NZ,trailing_ebitda,1,0.0
SDL.NZ,trailing_general_and_administrative_expense,1,0.0
SDL.NZ,trailing_interest_income,1,0.0
SDL.NZ,trailing_net_income,1,0.0
SDL.NZ,trailing_net_income_common_stockholders,1,0.0
SDL.NZ,trailing_net_income_continuous_operations,1,0.0
SDL.NZ,trailing_net_income_from_continuing_and_discontinued_operation,1,0.0
SDL.NZ,trailing_net_income_from_continuing_operation_net_minority_interest,1,0.0
SDL.NZ,trailing_net_income_including_noncontrolling_interests,1,0.0
SDL.NZ,trailing_net_interest_income,1,0.0
SDL.NZ,trailing_normalized_ebitda,1,0.0
SDL.NZ,trailing_normalized_income,1,0.0
SDL.NZ,trailing_other_gand_a,1,0.0
SDL.NZ,trailing_other_non_operating_income_expenses,1,0.0
SDL.NZ,trailing_reconciled_depreciation,1,0.0
SDL.NZ,trailing_salaries_and_wages,1,0.0
SDL.NZ,trailing_selling_general_and_administration,1,0.0
SDL.NZ,trailing_tax_effect_of_unusual_items,1,0.0
SDL.NZ,trailing_tax_provision,1,0.0
SDL.NZ,trailing_tax_rate_for_calcs,1,0.0
SDL.NZ,trailing_total_revenue,1,0.0
SDL.NZ,volume,85,127.0
SEK.NZ,adj_close,42,64.0
SEK.NZ,annual_amortization,1,0.0
SEK.NZ,annual_amortization_of_intangibles_income_statement,1,0.0
SEK.NZ,annual_basic_average_shares,1,0.0
SEK.NZ,annual_basic_eps,1,0.0
SEK.NZ,annual_depreciation_amortization_depletion_income_statement,1,0.0
SEK.NZ,annual_depreciation_and_amortization_in_income_statement,1,0.0
SEK.NZ,annual_depreciation_income_statement,1,0.0
SEK.NZ,annual_diluted_average_shares,1,0.0
SEK.NZ,annual_diluted_eps,1,0.0
SEK.NZ,annual_ebit,1,0.0
SEK.NZ,annual_ebitda,1,0.0
SEK.NZ,annual_general_and_administrative_expense,1,0.0
SEK.NZ,annual_impairment_of_capital_assets,1,0.0
SEK.NZ,annual_interest_expense,1,0.0
SEK.NZ,annual_interest_income,1,0.0
SEK.NZ,annual_net_income,1,0.0
SEK.NZ,annual_net_income_common_stockholders,1,0.0
SEK.NZ,annual_net_income_continuous_operations,1,0.0
SEK.NZ,annual_net_income_from_continuing_and_discontinued_operation,1,0.0
SEK.NZ,annual_net_income_from_continuing_operation_net_minority_interest,1,0.0
SEK.NZ,annual_net_income_including_noncontrolling_interests,1,0.0
SEK.NZ,annual_net_interest_income,1,0.0
SEK.NZ,annual_normalized_ebitda,1,0.0
SEK.NZ,annual_normalized_income,1,0.0
SEK.NZ,annual_other_gand_a,1,0.0
SEK.NZ,annual_other_non_operating_income_expenses,1,0.0
SEK.NZ,annual_other_special_charges,1,0.0
SEK.NZ,annual_pretax_income,1,0.0
SEK.NZ,annual_reconciled_depreciation,1,0.0
SEK.NZ,annual_rent_and_landing_fees,1,0.0
SEK.NZ,annual_salaries_and_wages,1,0.0
SEK.NZ,annual_selling_general_and_administration,1,0.0
SEK.NZ,annual_special_income_charges,1,0.0
SEK.NZ,annual_tax_effect_of_unusual_items,1,0.0
SEK.NZ,annual_tax_provision,1,0.0
SEK.NZ,annual_tax_rate_for_calcs,1,0.0
SEK.NZ,annual_total_revenue,1,0.0
SEK.NZ,annual_total_unusual_items,1,0.0
SEK.NZ,annual_total_unusual_items_excluding_goodwill,1,0.0
SEK.NZ,close,45,69.0
SEK.NZ,dividend,4,546.0
SEK.NZ,high,45,69.0
SEK.NZ,low,45,69.0
SEK.NZ,open,44,68.0
SEK.NZ,trailing_amortization,1,0.0
SEK.NZ,trailing_amortization_of_intangibles_income_statement,1,0.0
SEK.NZ,trailing_basic_average_shares,1,0.0
SEK.NZ,trailing_basic_eps,1,0.0
SEK.NZ,trailing_depreciation_amortization_depletion_income_statement,1,0.0
SEK.NZ,trailing_depreciation_and_amortization_in_income_statement,1,0.0
SEK.NZ,trailing_depreciation_income_statement,1,0.0
SEK.NZ,trailing_diluted_average_shares,1,0.0
SEK.NZ,trailing_diluted_eps,1,0.0
SEK.NZ,trailing_ebit,1,0.0
SEK.NZ,trailing_ebitda,1,0.0
SEK.NZ,trailing_general_and_administrative_expense,1,0.0
SEK.NZ,trailing_impairment_of_capital_assets,1,0.0
SEK.NZ,trailing_interest_expense,1,0.0
SEK.NZ,trailing_interest_income,1,0.0
SEK.NZ,trailing_net_income,1,0.0
SEK.NZ,trailing_net_income_common_stockholders,1,0.0
SEK.NZ,trailing_net_income_continuous_operations,1,0.0
SEK.NZ,trailing_net_income_from_continuing_and_discontinued_operation,1,0.0
SEK.NZ,trailing_net_income_from_continuing_operation_net_minority_interest,1,0.0
SEK.NZ,trailing_net_income_including_noncontrolling_interests,1,0.0
SEK.NZ,trailing_net_interest_income,1,0.0
SEK.NZ,trailing_normalized_ebitda,1,0.0
SEK.NZ,trailing_normalized_income,1,0.0
SEK.NZ,trailing_other_gand_a,1,0.0
SEK.NZ,trailing_other_non_operating_income_expenses,1,0.0
SEK.NZ,trailing_reconciled_depreciation,1,0.0
SEK.NZ,trailing_rent_and_landing_fees,1,0.0
SEK.NZ,trailing_salaries_and_wages,1,0.0
SEK.NZ,trailing_selling_general_and_administration,1,0.0
SEK.NZ,trailing_special_income_charges,1,0.0
SEK.NZ,trailing_tax_effect_of_unusual_items,1,0.0
SEK.NZ,trailing_tax_provision,1,0.0
SEK.NZ,trailing_tax_rate_for_calcs,1,0.0
SEK.NZ,trailing_total_revenue,1,0.0
SEK.NZ,trailing_total_unusual_items,1,0.0
SEK.NZ,trailing_total_unusual_items_excluding_goodwill,1,0.0
SEK.NZ,volume,43,67.0
SKC.NZ,adj_close,6,7.0
SKC.NZ,annual_amortization,1,0.0
SKC.NZ,annual_amortization_of_intangibles_income_statement,1,0.0
SKC.NZ,annual_basic_average_shares,1,0.0
SKC.NZ,annual_basic_eps,1,0.0
SKC.NZ,annual_depreciation_amortization_depletion_income_statement,1,0.0
SKC.NZ,annual_depreciation_and_amortization_in_income_statement,1,0.0
SKC.NZ,annual_depreciation_income_statement,1,0.0
SKC.NZ,annual_diluted_average_shares,1,0.0
SKC.NZ,annual_diluted_eps,1,0.0
SKC.NZ,annual_ebit,1,0.0
SKC.NZ,annual_ebitda,1,0.0
SKC.NZ,annual_general_and_administrative_expense,1,0.0
SKC.NZ,annual_impairment_of_capital_assets,1,0.0
SKC.NZ,annual_interest_expense,1,0.0
SKC.NZ,annual_interest_income,1,0.0
SKC.NZ,annual_net_income,1,0.0
SKC.NZ,annual_net_income_common_stockholders,1,0.0
SKC.NZ,annual_net_income_continuous_operations,1,0.0
SKC.NZ,annual_net_income_from_continuing_and_discontinued_operation,1,0.0
SKC.NZ,annual_net_income_from_continuing_operation_net_minority_interest,1,0.0
SKC.NZ,annual_net_income_including_noncontrolling_interests,1,0.0
SKC.NZ,annual_net_interest_income,1,0.0
SKC.NZ,annual_normalized_ebitda,1,0.0
SKC.NZ,annual_normalized_income,1,0.0
SKC.NZ,annual_other_non_operating_income_expenses,1,0.0
SKC.NZ,annual_pretax_income,1,0.0
SKC.NZ,annual_reconciled_depreciation,1,0.0
SKC.NZ,annual_rent_and_landing_fees,1,0.0
SKC.NZ,annual_salaries_and_wages,1,0.0
SKC.NZ,annual_selling_and_marketing_expense,1,0.0
SKC.NZ,annual_selling_general_and_administration,1,0.0
SKC.NZ,annual_special_income_charges,1,0.0
SKC.NZ,annual_tax_effect_of_unusual_items,1,0.0
SKC.NZ,annual_tax_provision,1,0.0
SKC.NZ,annual_tax_rate_for_calcs,4,1096.0
SKC.NZ,annual_total_revenue,1,0.0
SKC.NZ,annual_total_unusual_items,1,0.0
SKC.NZ,annual_total_unusual_items_excluding_goodwill,1,0.0
SKC.NZ,close,6,7.0
SKC.NZ,dividend,7,1092.0
SKC.NZ,high,5,6.0
SKC.NZ,low,10,13.0
SKC.NZ,open,6,7.0
SKC.NZ,split,2,735.0
SKC.NZ,trailing_amortization_of_intangibles_income_statement,1,0.0
SKC.NZ,trailing_basic_average_shares,1,0.0
SKC.NZ,trailing_basic_eps,2,184.0
SKC.NZ,trailing_depreciation_amortization_depletion_income_statement,1,0.0
SKC.NZ,trailing_depreciation_and_amortization_in_income_statement,1,0.0
SKC.NZ,trailing_depreciation_income_statement,1,0.0
SKC.NZ,trailing_diluted_average_shares,1,0.0
SKC.NZ,trailing_diluted_eps,2,184.0
SKC.NZ,trailing_ebit,1,0.0
SKC.NZ,trailing_ebitda,1,0.0
SKC.NZ,trailing_general_and_administrative_expense,1,0.0
SKC.NZ,trailing_impairment_of_capital_assets,1,0.0
SKC.NZ,trailing_interest_expense,1,0.0
SKC.NZ,trailing_net_income,1,0.0
SKC.NZ,trailing_net_income_common_stockholders,1,0.0
SKC.NZ,trailing_net_income_continuous_operations,1,0.0
SKC.NZ,trailing_net_income_discontinuous_operations,1,0.0
SKC.NZ,trailing_net_income_from_continuing_and_discontinued_operation,1,0.0
SKC.NZ,trailing_net_income_from_continuing_operation_net_minority_interest,1,0.0
SKC.NZ,trailing_net_income_including_noncontrolling_interests,1,0.0
SKC.NZ,trailing_net_interest_income,1,0.0
SKC.NZ,trailing_normalized_ebitda,1,0.0
SKC.NZ,trailing_normalized_income,1,0.0
SKC.NZ,trailing_other_non_operating_income_expenses,1,0.0
SKC.NZ,trailing_reconciled_depreciation,1,0.0
SKC.NZ,trailing_salaries_and_wages,1,0.0
SKC.NZ,trailing_selling_and_marketing_expense,1,0.0
SKC.NZ,trailing_selling_general_and_administration,1,0.0
SKC.NZ,trailing_special_income_charges,1,0.0
SKC.NZ,trailing_tax_effect_of_unusual_items,1,0.0
SKC.NZ,trailing_tax_provision,1,0.0
SKC.NZ,trailing_tax_rate_for_calcs,1,0.0
SKC.NZ,trailing_total_revenue,1,0.0
SKC.NZ,trailing_total_unusual_items,1,0.0
SKC.NZ,trailing_total_unusual_items_excluding_goodwill,1,0.0
SKC.NZ,volume,3,4.0
SKC.NZ,wiki_views,19,37.0
SKC.NZ,wiki_views_desktop,11,21.0
SKC.NZ,wiki_views_mobile,19,20.0
SKL.NZ,adj_close,9,12.0
SKL.NZ,annual_amortization,1,0.0
SKL.NZ,annual_amortization_of_intangibles_income_statement,1,0.0
SKL.NZ,annual_basic_average_shares,2,365.0
SKL.NZ,annual_basic_eps,1,0.0
SKL.NZ,annual_depreciation_amortization_depletion_income_statement,1,0.0
SKL.NZ,annual_depreciation_and_amortization_in_income_statement,1,0.0
SKL.NZ,annual_depreciation_income_statement,1,0.0
SKL.NZ,annual_diluted_average_shares,1,0.0
SKL.NZ,annual_diluted_eps,1,0.0
SKL.NZ,annual_ebit,1,0.0
SKL.NZ,annual_ebitda,1,0.0
SKL.NZ,annual_interest_expense,1,0.0
SKL.NZ,annual_interest_income,1,0.0
SKL.NZ,annual_net_income,1,0.0
SKL.NZ,annual_net_income_common_stockholders,1,0.0
SKL.NZ,annual_net_income_continuous_operations,1,0.0
SKL.NZ,annual_net_income_from_continuing_and_discontinued_operation,1,0.0
SKL.NZ,annual_net_income_from_continuing_operation_net_minority_interest,1,0.0
SKL.NZ,annual_net_income_including_noncontrolling_interests,1,0.0
SKL.NZ,annual_net_interest_income,1,0.0
SKL.NZ,annual_normalized_ebitda,1,0.0
SKL.NZ,annual_normalized_income,1,0.0
SKL.NZ,annual_other_non_operating_income_expenses,1,0.0
SKL.NZ,annual_pretax_income,1,0.0
SKL.NZ,annual_reconciled_depreciation,1,0.0
SKL.NZ,annual_selling_and_marketing_expense,1,0.0
SKL.NZ,annual_selling_general_and_administration,1,0.0
SKL.NZ,annual_tax_effect_of_unusual_items,4,1096.0
SKL.NZ,annual_tax_provision,1,0.0
SKL.NZ,annual_tax_rate_for_calcs,1,0.0
SKL.NZ,annual_total_revenue,1,0.0
SKL.NZ,close,9,12.0
SKL.NZ,dividend,2,378.0
SKL.NZ,high,10,13.0
SKL.NZ,low,14,20.0
SKL.NZ,open,9,12.0
SKL.NZ,split,1,0.0
SKL.NZ,trailing_basic_average_shares,3,549.0
SKL.NZ,trailing_basic_eps,1,0.0
SKL.NZ,trailing_depreciation_amortization_depletion_income_statement,1,0.0
SKL.NZ,trailing_depreciation_and_amortization_in_income_statement,1,0.0
SKL.NZ,trailing_depreciation_income_statement,1,0.0
SKL.NZ,trailing_diluted_average_shares,1,0.0
SKL.NZ,trailing_diluted_eps,1,0.0
SKL.NZ,trailing_ebit,1,0.0
SKL.NZ,trailing_ebitda,1,0.0
SKL.NZ,trailing_interest_expense,1,0.0
SKL.NZ,trailing_net_income,1,0.0
SKL.NZ,trailing_net_income_common_stockholders,1,0.0
SKL.NZ,trailing_net_income_continuous_operations,1,0.0
SKL.NZ,trailing_net_income_from_continuing_and_discontinued_operation,1,0.0
SKL.NZ,trailing_net_income_from_continuing_operation_net_minority_interest,1,0.0
SKL.NZ,trailing_net_income_including_noncontrolling_interests,1,0.0
SKL.NZ,trailing_net_interest_income,1,0.0
SKL.NZ,trailing_normalized_ebitda,1,0.0
SKL.NZ,trailing_normalized_income,1,0.0
SKL.NZ,trailing_reconciled_depreciation,1,0.0
SKL.NZ,trailing_selling_and_marketing_expense,1,0.0
SKL.NZ,trailing_selling_general_and_administration,1,0.0
SKL.NZ,trailing_tax_effect_of_unusual_items,1,0.0
SKL.NZ,trailing_tax_provision,1,0.0
SKL.NZ,trailing_tax_rate_for_calcs,1,0.0
SKL.NZ,trailing_total_revenue,1,0.0
SKL.NZ,volume,3,6.0
SKO.NZ,adj_close,14,19.0
SKO.NZ,annual_amortization,1,0.0
SKO.NZ,annual_amortization_of_intangibles_income_statement,1,0.0
SKO.NZ,annual_basic_average_shares,1,0.0
SKO.NZ,annual_basic_eps,1,0.0
SKO.NZ,annual_depreciation_amortization_depletion_income_statement,1,0.0
SKO.NZ,annual_depreciation_and_amortization_in_income_statement,1,0.0
SKO.NZ,annual_depreciation_income_statement,1,0.0
SKO.NZ,annual_diluted_average_shares,1,0.0
SKO.NZ,annual_diluted_eps,1,0.0
SKO.NZ,annual_ebit,1,0.0
SKO.NZ,annual_ebitda,1,0.0
SKO.NZ,annual_general_and_administrative_expense,1,0.0
SKO.NZ,annual_impairment_of_capital_assets,1,0.0
SKO.NZ,annual_interest_expense,1,0.0
SKO.NZ,annual_interest_income,1,0.0
SKO.NZ,annual_net_income,1,0.0
SKO.NZ,annual_net_income_common_stockholders,1,0.0
SKO.NZ,annual_net_income_continuous_operations,1,0.0
SKO.NZ,annual_net_income_from_continuing_and_discontinued_operation,1,0.0
SKO.NZ,annual_net_income_from_continuing_operation_net_minority_interest,1,0.0
SKO.NZ,annual_net_income_including_noncontrolling_interests,1,0.0
SKO.NZ,annual_net_interest_income,1,0.0
SKO.NZ,annual_normalized_ebitda,1,0.0
SKO.NZ,annual_normalized_income,1,0.0
SKO.NZ,annual_other_gand_a,1,0.0
SKO.NZ,annual_other_non_operating_income_expenses,1,0.0
SKO.NZ,annual_pretax_income,1,0.0
SKO.NZ,annual_reconciled_depreciation,1,0.0
SKO.NZ,annual_rent_and_landing_fees,1,0.0
SKO.NZ,annual_salaries_and_wages,1,0.0
SKO.NZ,annual_selling_and_marketing_expense,1,0.0
SKO.NZ,annual_selling_general_and_administration,1,0.0
SKO.NZ,annual_special_income_charges,1,0.0
SKO.NZ,annual_tax_effect_of_unusual_items,3,731.0
SKO.NZ,annual_tax_provision,1,0.0
SKO.NZ,annual_tax_rate_for_calcs,4,1096.0
SKO.NZ,annual_total_revenue,1,0.0
SKO.NZ,annual_total_unusual_items,1,0.0
SKO.NZ,annual_total_unusual_items_excluding_goodwill,1,0.0
SKO.NZ,close,14,19.0
SKO.NZ,high,13,21.0
SKO.NZ,low,14,19.0
SKO.NZ,open,13,21.0
SKO.NZ,trailing_amortization,1,0.0
SKO.NZ,trailing_amortization_of_intangibles_income_statement,1,0.0
SKO.NZ,trailing_basic_average_shares,1,0.0
SKO.NZ,trailing_basic_eps,1,0.0
SKO.NZ,trailing_depreciation_amortization_depletion_income_statement,1,0.0
SKO.NZ,trailing_depreciation_and_amortization_in_income_statement,1,0.0
SKO.NZ,trailing_depreciation_income_statement,1,0.0
SKO.NZ,trailing_diluted_average_shares,1,0.0
SKO.NZ,trailing_diluted_eps,1,0.0
SKO.NZ,trailing_ebit,1,0.0
SKO.NZ,trailing_ebitda,1,0.0
SKO.NZ,trailing_general_and_administrative_expense,1,0.0
SKO.NZ,trailing_interest_expense,1,0.0
SKO.NZ,trailing_interest_income,1,0.0
SKO.NZ,trailing_net_income,1,0.0
SKO.NZ,trailing_net_income_common_stockholders,1,0.0
SKO.NZ,trailing_net_income_continuous_operations,1,0.0
SKO.NZ,trailing_net_income_from_continuing_and_discontinued_operation,1,0.0
SKO.NZ,trailing_net_income_from_continuing_operation_net_minority_interest,1,0.0
SKO.NZ,trailing_net_income_including_noncontrolling_interests,1,0.0
SKO.NZ,trailing_net_interest_income,1,0.0
SKO.NZ,trailing_normalized_ebitda,1,0.0
SKO.NZ,trailing_normalized_income,1,0.0
SKO.NZ,trailing_other_non_operating_income_expenses,1,0.0
SKO.NZ,trailing_reconciled_depreciation,1,0.0
SKO.NZ,trailing_rent_and_landing_fees,1,0.0
SKO.NZ,trailing_salaries_and_wages,1,0.0
SKO.NZ,trailing_selling_and_marketing_expense,1,0.0
SKO.NZ,trailing_selling_general_and_administration,1,0.0
SKO.NZ,trailing_tax_effect_of_unusual_items,1,0.0
SKO.NZ,trailing_tax_provision,1,0.0
SKO.NZ,trailing_tax_rate_for_calcs,1,0.0
SKO.NZ,trailing_total_revenue,1,0.0
SKO.NZ,trailing_total_unusual_items,1,0.0
SKO.NZ,trailing_total_unusual_items_excluding_goodwill,1,0.0
SKO.NZ,volume,7,11.0
SKT.NZ,adj_close,19,26.0
SKT.NZ,annual_amortization,1,0.0
SKT.NZ,annual_amortization_of_intangibles_income_statement,1,0.0
SKT.NZ,annual_basic_average_shares,1,0.0
SKT.NZ,annual_basic_eps,1,0.0
SKT.NZ,annual_depreciation_amortization_depletion_income_statement,1,0.0
SKT.NZ,annual_depreciation_and_amortization_in_income_statement,1,0.0
SKT.NZ,annual_depreciation_income_statement,1,0.0
SKT.NZ,annual_diluted_average_shares,1,0.0
SKT.NZ,annual_diluted_eps,1,0.0
SKT.NZ,annual_ebit,1,0.0
SKT.NZ,annual_ebitda,1,0.0
SKT.NZ,annual_general_and_administrative_expense,1,0.0
SKT.NZ,annual_impairment_of_capital_assets,1,0.0
SKT.NZ,annual_interest_expense,1,0.0
SKT.NZ,annual_interest_income,1,0.0
SKT.NZ,annual_minority_interests,2,366.0
SKT.NZ,annual_net_income,1,0.0
SKT.NZ,annual_net_income_common_stockholders,1,0.0
SKT.NZ,annual_net_income_continuous_operations,1,0.0
SKT.NZ,annual_net_income_from_continuing_and_discontinued_operation,1,0.0
SKT.NZ,annual_net_income_from_continuing_operation_net_minority_interest,1,0.0
SKT.NZ,annual_net_income_including_noncontrolling_interests,1,0.0
SKT.NZ,annual_net_interest_income,1,0.0
SKT.NZ,annual_normalized_ebitda,1,0.0
SKT.NZ,annual_normalized_income,1,0.0
SKT.NZ,annual_other_gand_a,1,0.0
SKT.NZ,annual_other_non_operating_income_expenses,1,0.0
SKT.NZ,annual_pretax_income,1,0.0
SKT.NZ,annual_reconciled_depreciation,1,0.0
SKT.NZ,annual_selling_general_and_administration,1,0.0
SKT.NZ,annual_special_income_charges,1,0.0
SKT.NZ,annual_tax_effect_of_unusual_items,1,0.0
SKT.NZ,annual_tax_provision,1,0.0
SKT.NZ,annual_tax_rate_for_calcs,1,0.0
SKT.NZ,annual_total_revenue,1,0.0
SKT.NZ,annual_total_unusual_items,1,0.0
SKT.NZ,annual_total_unusual_items_excluding_goodwill,1,0.0
SKT.NZ,close,19,26.0
SKT.NZ,dividend,6,895.0
SKT.NZ,high,19,26.0
SKT.NZ,low,18,25.0
SKT.NZ,open,19,26.0
SKT.NZ,split,1,0.0
SKT.NZ,trailing_amortization,1,0.0
SKT.NZ,trailing_amortization_of_intangibles_income_statement,1,0.0
SKT.NZ,trailing_basic_average_shares,2,184.0
SKT.NZ,trailing_basic_eps,1,0.0
SKT.NZ,trailing_depreciation_amortization_depletion_income_statement,1,0.0
SKT.NZ,trailing_depreciation_and_amortization_in_income_statement,1,0.0
SKT.NZ,trailing_depreciation_income_statement,1,0.0
SKT.NZ,trailing_diluted_average_shares,2,184.0
SKT.NZ,trailing_diluted_eps,1,0.0
SKT.NZ,trailing_ebit,1,0.0
SKT.NZ,trailing_ebitda,1,0.0
SKT.NZ,trailing_impairment_of_capital_assets,1,0.0
SKT.NZ,trailing_interest_expense,1,0.0
SKT.NZ,trailing_interest_income,1,0.0
SKT.NZ,trailing_minority_interests,1,0.0
SKT.NZ,trailing_net_income,1,0.0
SKT.NZ,trailing_net_income_common_stockholders,1,0.0
SKT.NZ,trailing_net_income_continuous_operations,1,0.0
SKT.NZ,trailing_net_income_from_continuing_and_discontinued_operation,1,0.0
SKT.NZ,trailing_net_income_from_continuing_operation_net_minority_interest,1,0.0
SKT.NZ,trailing_net_income_including_noncontrolling_interests,1,0.0
SKT.NZ,trailing_net_interest_income,1,0.0
SKT.NZ,trailing_normalized_ebitda,1,0.0
SKT.NZ,trailing_normalized_income,1,0.0
SKT.NZ,trailing_other_non_operating_income_expenses,1,0.0
SKT.NZ,trailing_reconciled_depreciation,1,0.0
SKT.NZ,trailing_special_income_charges,1,0.0
SKT.NZ,trailing_tax_effect_of_unusual_items,1,0.0
SKT.NZ,trailing_tax_provision,1,0.0
SKT.NZ,trailing_tax_rate_for_calcs,1,0.0
SKT.NZ,trailing_total_revenue,1,0.0
SKT.NZ,trailing_total_unusual_items,1,0.0
SKT.NZ,trailing_total_unusual_items_excluding_goodwill,1,0.0
SKT.NZ,volume,18,25.0
SKT.NZ,wiki_views,5,4.0
SKT.NZ,wiki_views_desktop,4,3.0
SKT.NZ,wiki_views_mobile,5,4.0
SMI.NZ,adj_close,4,5.0
SMI.NZ,annual_basic_average_shares,1,0.0
SMI.NZ,annual_basic_eps,1,0.0
SMI.NZ,annual_depreciation_amortization_depletion_income_statement,1,0.0
SMI.NZ,annual_depreciation_and_amortization_in_income_statement,1,0.0
SMI.NZ,annual_depreciation_income_statement,1,0.0
SMI.NZ,annual_diluted_average_shares,1,0.0
SMI.NZ,annual_diluted_eps,1,0.0
SMI.NZ,annual_ebit,1,0.0
SMI.NZ,annual_ebitda,1,0.0
SMI.NZ,annual_general_and_administrative_expense,1,0.0
SMI.NZ,annual_interest_expense,1,0.0
SMI.NZ,annual_interest_income,1,0.0
SMI.NZ,annual_net_income,1,0.0
SMI.NZ,annual_net_income_common_stockholders,1,0.0
SMI.NZ,annual_net_income_continuous_operations,1,0.0
SMI.NZ,annual_net_income_from_continuing_and_discontinued_operation,1,0.0
SMI.NZ,annual_net_income_from_continuing_operation_net_minority_interest,1,0.0
SMI.NZ,annual_net_income_including_noncontrolling_interests,1,0.0
SMI.NZ,annual_net_interest_income,1,0.0
SMI.NZ,annual_normalized_ebitda,1,0.0
SMI.NZ,annual_normalized_income,1,0.0
SMI.NZ,annual_other_gand_a,1,0.0
SMI.NZ,annual_other_non_operating_income_expenses,1,0.0
SMI.NZ,annual_pretax_income,1,0.0
SMI.NZ,annual_reconciled_depreciation,1,0.0
SMI.NZ,annual_salaries_and_wages,1,0.0
SMI.NZ,annual_selling_general_and_administration,1,0.0
SMI.NZ,annual_tax_effect_of_unusual_items,4,1096.0
SMI.NZ,annual_tax_provision,4,1096.0
SMI.NZ,annual_tax_rate_for_calcs,4,1096.0
SMI.NZ,close,4,5.0
SMI.NZ,high,5,6.0
SMI.NZ,low,4,6.0
SMI.NZ,open,5,6.0
SMI.NZ,split,1,0.0
SMI.NZ,trailing_basic_average_shares,1,0.0
SMI.NZ,trailing_basic_eps,1,0.0
SMI.NZ,trailing_depreciation_amortization_depletion_income_statement,1,0.0
SMI.NZ,trailing_depreciation_and_amortization_in_income_statement,1,0.0
SMI.NZ,trailing_depreciation_income_statement,1,0.0
SMI.NZ,trailing_diluted_average_shares,1,0.0
SMI.NZ,trailing_diluted_eps,1,0.0
SMI.NZ,trailing_ebit,1,0.0
SMI.NZ,trailing_ebitda,1,0.0
SMI.NZ,trailing_general_and_administrative_expense,1,0.0
SMI.NZ,trailing_interest_expense,1,0.0
SMI.NZ,trailing_interest_income,1,0.0
SMI.NZ,trailing_net_income,1,0.0
SMI.NZ,trailing_net_income_common_stockholders,1,0.0
SMI.NZ,trailing_net_income_continuous_operations,1,0.0
SMI.NZ,trailing_net_income_from_continuing_and_discontinued_operation,1,0.0
SMI.NZ,trailing_net_income_from_continuing_operation_net_minority_interest,1,0.0
SMI.NZ,trailing_net_income_including_noncontrolling_interests,1,0.0
SMI.NZ,trailing_net_interest_income,1,0.0
SMI.NZ,trailing_normalized_ebitda,1,0.0
SMI.NZ,trailing_normalized_income,1,0.0
SMI.NZ,trailing_other_gand_a,1,0.0
SMI.NZ,trailing_reconciled_depreciation,1,0.0
SMI.NZ,trailing_selling_general_and_administration,1,0.0
SMI.NZ,trailing_tax_effect_of_unusual_items,2,1280.0
SMI.NZ,trailing_tax_provision,2,1280.0
SMI.NZ,trailing_tax_rate_for_calcs,2,1280.0
SMI.NZ,volume,2,1.0
SML.NZ,adj_close,6,7.0
SML.NZ,annual_amortization,1,0.0
SML.NZ,annual_amortization_of_intangibles_income_statement,1,0.0
SML.NZ,annual_basic_average_shares,3,731.0
SML.NZ,annual_basic_eps,1,0.0
SML.NZ,annual_depreciation_amortization_depletion_income_statement,1,0.0
SML.NZ,annual_depreciation_and_amortization_in_income_statement,1,0.0
SML.NZ,annual_depreciation_income_statement,1,0.0
SML.NZ,annual_diluted_average_shares,2,366.0
SML.NZ,annual_diluted_eps,1,0.0
SML.NZ,annual_ebit,1,0.0
SML.NZ,annual_ebitda,1,0.0
SML.NZ,annual_general_and_administrative_expense,1,0.0
SML.NZ,annual_impairment_of_capital_assets,1,0.0
SML.NZ,annual_interest_expense,1,0.0
SML.NZ,annual_interest_income,1,0.0
SML.NZ,annual_net_income,1,0.0
SML.NZ,annual_net_income_common_stockholders,1,0.0
SML.NZ,annual_net_income_continuous_operations,1,0.0
SML.NZ,annual_net_income_discontinuous_operations,1,0.0
SML.NZ,annual_net_income_from_continuing_and_discontinued_operation,1,0.0
SML.NZ,annual_net_income_from_continuing_operation_net_minority_interest,1,0.0
SML.NZ,annual_net_income_including_noncontrolling_interests,1,0.0
SML.NZ,annual_net_interest_income,1,0.0
SML.NZ,annual_normalized_ebitda,1,0.0
SML.NZ,annual_normalized_income,1,0.0
SML.NZ,annual_other_gand_a,1,0.0
SML.NZ,annual_other_non_operating_income_expenses,1,0.0
SML.NZ,annual_pretax_income,1,0.0
SML.NZ,annual_reconciled_depreciation,1,0.0
SML.NZ,annual_rent_and_landing_fees,1,0.0
SML.NZ,annual_salaries_and_wages,1,0.0
SML.NZ,annual_selling_and_marketing_expense,1,0.0
SML.NZ,annual_selling_general_and_administration,1,0.0
SML.NZ,annual_special_income_charges,1,0.0
SML.NZ,annual_tax_effect_of_unusual_items,1,0.0
SML.NZ,annual_tax_provision,1,0.0
SML.NZ,annual_tax_rate_for_calcs,1,0.0
SML.NZ,annual_total_revenue,1,0.0
SML.NZ,annual_total_unusual_items,1,0.0
SML.NZ,annual_total_unusual_items_excluding_goodwill,1,0.0
SML.NZ,close,6,7.0
SML.NZ,high,6,7.0
SML.NZ,low,7,8.0
SML.NZ,open,5,6.0
SML.NZ,trailing_basic_average_shares,1,0.0
SML.NZ,trailing_basic_eps,1,0.0
SML.NZ,trailing_depreciation_amortization_depletion_income_statement,1,0.0
SML.NZ,trailing_depreciation_and_amortization_in_income_statement,1,0.0
SML.NZ,trailing_depreciation_income_statement,1,0.0
SML.NZ,trailing_diluted_average_shares,1,0.0
SML.NZ,trailing_diluted_eps,1,0.0
SML.NZ,trailing_ebit,1,0.0
SML.NZ,trailing_ebitda,1,0.0
SML.NZ,trailing_general_and_administrative_expense,1,0.0
SML.NZ,trailing_interest_expense,1,0.0
SML.NZ,trailing_interest_income,1,0.0
SML.NZ,trailing_net_income,1,0.0
SML.NZ,trailing_net_income_common_stockholders,1,0.0
SML.NZ,trailing_net_income_continuous_operations,1,0.0
SML.NZ,trailing_net_income_from_continuing_and_discontinued_operation,1,0.0
SML.NZ,trailing_net_income_from_continuing_operation_net_minority_interest,1,0.0
SML.NZ,trailing_net_income_including_noncontrolling_interests,1,0.0
SML.NZ,trailing_net_interest_income,1,0.0
SML.NZ,trailing_normalized_ebitda,1,0.0
SML.NZ,trailing_normalized_income,1,0.0
SML.NZ,trailing_other_gand_a,1,0.0
SML.NZ,trailing_other_non_operating_income_expenses,1,0.0
SML.NZ,trailing_reconciled_depreciation,1,0.0
SML.NZ,trailing_selling_and_marketing_expense,1,0.0
SML.NZ,trailing_selling_general_and_administration,1,0.0
SML.NZ,trailing_tax_effect_of_unusual_items,1,0.0
SML.NZ,trailing_tax_provision,1,0.0
SML.NZ,trailing_tax_rate_for_calcs,1,0.0
SML.NZ,trailing_total_revenue,1,0.0
SML.NZ,volume,3,2.0
SPG.NZ,adj_close,8,9.0
SPG.NZ,annual_basic_average_shares,1,0.0
SPG.NZ,annual_basic_eps,1,0.0
SPG.NZ,annual_depreciation_amortization_depletion_income_statement,1,0.0
SPG.NZ,annual_depreciation_and_amortization_in_income_statement,1,0.0
SPG.NZ,annual_depreciation_income_statement,1,0.0
SPG.NZ,annual_diluted_average_shares,1,0.0
SPG.NZ,annual_diluted_eps,1,0.0
SPG.NZ,annual_ebit,1,0.0
SPG.NZ,annual_ebitda,1,0.0
SPG.NZ,annual_general_and_administrative_expense,1,0.0
SPG.NZ,annual_impairment_of_capital_assets,1,0.0
SPG.NZ,annual_interest_expense,1,0.0
SPG.NZ,annual_interest_income,1,0.0
SPG.NZ,annual_net_income,1,0.0
SPG.NZ,annual_net_income_common_stockholders,1,0.0
SPG.NZ,annual_net_income_continuous_operations,1,0.0
SPG.NZ,annual_net_income_from_continuing_and_discontinued_operation,1,0.0
SPG.NZ,annual_net_income_from_continuing_operation_net_minority_interest,1,0.0
SPG.NZ,annual_net_income_including_noncontrolling_interests,1,0.0
SPG.NZ,annual_net_interest_income,1,0.0
SPG.NZ,annual_normalized_ebitda,1,0.0
SPG.NZ,annual_normalized_income,1,0.0
SPG.NZ,annual_other_gand_a,1,0.0
SPG.NZ,annual_other_non_operating_income_expenses,1,0.0
SPG.NZ,annual_pretax_income,1,0.0
SPG.NZ,annual_reconciled_depreciation,1,0.0
SPG.NZ,annual_salaries_and_wages,1,0.0
SPG.NZ,annual_selling_general_and_administration,1,0.0
SPG.NZ,annual_special_income_charges,1,0.0
SPG.NZ,annual_tax_effect_of_unusual_items,1,0.0
SPG.NZ,annual_tax_provision,1,0.0
SPG.NZ,annual_tax_rate_for_calcs,2,366.0
SPG.NZ,annual_total_revenue,1,0.0
SPG.NZ,annual_total_unusual_items,1,0.0
SPG.NZ,annual_total_unusual_items_excluding_goodwill,1,0.0
SPG.NZ,close,8,9.0
SPG.NZ,dividend,11,912.0
SPG.NZ,high,12,18.0
SPG.NZ,low,11,17.0
SPG.NZ,open,7,10.0
SPG.NZ,trailing_amortization,1,0.0
SPG.NZ,trailing_amortization_of_intangibles_income_statement,1,0.0
SPG.NZ,trailing_basic_average_shares,1,0.0
SPG.NZ,trailing_basic_eps,1,0.0
SPG.NZ,trailing_depreciation_amortization_depletion_income_statement,1,0.0
SPG.NZ,trailing_depreciation_and_amortization_in_income_statement,1,0.0
SPG.NZ,trailing_depreciation_income_statement,1,0.0
SPG.NZ,trailing_diluted_average_shares,1,0.0
SPG.NZ,trailing_diluted_eps,1,0.0
SPG.NZ,trailing_ebit,1,0.0
SPG.NZ,trailing_ebitda,1,0.0
SPG.NZ,trailing_general_and_administrative_expense,1,0.0
SPG.NZ,trailing_impairment_of_capital_assets,1,0.0
SPG.NZ,trailing_interest_expense,1,0.0
SPG.NZ,trailing_interest_income,1,0.0
SPG.NZ,trailing_net_income,1,0.0
SPG.NZ,trailing_net_income_common_stockholders,1,0.0
SPG.NZ,trailing_net_income_continuous_operations,1,0.0
SPG.NZ,trailing_net_income_from_continuing_and_discontinued_operation,1,0.0
SPG.NZ,trailing_net_income_from_continuing_operation_net_minority_interest,1,0.0
SPG.NZ,trailing_net_income_including_noncontrolling_interests,1,0.0
SPG.NZ,trailing_net_interest_income,1,0.0
SPG.NZ,trailing_normalized_ebitda,1,0.0
SPG.NZ,trailing_normalized_income,1,0.0
SPG.NZ,trailing_other_gand_a,1,0.0
SPG.NZ,trailing_other_non_operating_income_expenses,1,0.0
SPG.NZ,trailing_reconciled_depreciation,1,0.0
SPG.NZ,trailing_salaries_and_wages,1,0.0
SPG.NZ,trailing_selling_general_and_administration,1,0.0
SPG.NZ,trailing_special_income_charges,1,0.0
SPG.NZ,trailing_tax_effect_of_unusual_items,1,0.0
SPG.NZ,trailing_tax_provision,1,0.0
SPG.NZ,trailing_tax_rate_for_calcs,1,0.0
SPG.NZ,trailing_total_revenue,1,0.0
SPG.NZ,trailing_total_unusual_items,1,0.0
SPG.NZ,trailing_total_unusual_items_excluding_goodwill,1,0.0
SPG.NZ,volume,3,4.0
SPK.NZ,adj_close,5,6.0
SPK.NZ,annual_amortization,1,0.0
SPK.NZ,annual_amortization_of_intangibles_income_statement,1,0.0
SPK.NZ,annual_basic_average_shares,1,0.0
SPK.NZ,annual_basic_eps,1,0.0
SPK.NZ,annual_depreciation_amortization_depletion_income_statement,1,0.0
SPK.NZ,annual_depreciation_and_amortization_in_income_statement,1,0.0
SPK.NZ,annual_depreciation_income_statement,1,0.0
SPK.NZ,annual_diluted_average_shares,1,0.0
SPK.NZ,annual_diluted_eps,1,0.0
SPK.NZ,annual_ebit,1,0.0
SPK.NZ,annual_ebitda,1,0.0
SPK.NZ,annual_general_and_administrative_expense,1,0.0
SPK.NZ,annual_impairment_of_capital_assets,2,731.0
SPK.NZ,annual_interest_expense,1,0.0
SPK.NZ,annual_interest_income,1,0.0
SPK.NZ,annual_net_income,1,0.0
SPK.NZ,annual_net_income_common_stockholders,1,0.0
SPK.NZ,annual_net_income_continuous_operations,1,0.0
SPK.NZ,annual_net_income_discontinuous_operations,1,0.0
SPK.NZ,annual_net_income_from_continuing_and_discontinued_operation,1,0.0
SPK.NZ,annual_net_income_from_continuing_operation_net_minority_interest,1,0.0
SPK.NZ,annual_net_income_including_noncontrolling_interests,1,0.0
SPK.NZ,annual_net_interest_income,1,0.0
SPK.NZ,annual_normalized_ebitda,1,0.0
SPK.NZ,annual_normalized_income,1,0.0
SPK.NZ,annual_other_non_operating_income_expenses,1,0.0
SPK.NZ,annual_pretax_income,1,0.0
SPK.NZ,annual_reconciled_depreciation,1,0.0
SPK.NZ,annual_rent_and_landing_fees,1,0.0
SPK.NZ,annual_salaries_and_wages,1,0.0
SPK.NZ,annual_selling_and_marketing_expense,1,0.0
SPK.NZ,annual_selling_general_and_administration,1,0.0
SPK.NZ,annual_special_income_charges,1,0.0
SPK.NZ,annual_tax_effect_of_unusual_items,1,0.0
SPK.NZ,annual_tax_provision,1,0.0
SPK.NZ,annual_tax_rate_for_calcs,1,0.0
SPK.NZ,annual_total_revenue,1,0.0
SPK.NZ,annual_total_unusual_items,1,0.0
SPK.NZ,annual_total_unusual_items_excluding_goodwill,1,0.0
SPK.NZ,close,5,6.0
SPK.NZ,dividend,14,2373.0
SPK.NZ,high,5,6.0
SPK.NZ,low,4,6.0
SPK.NZ,open,4,5.0
SPK.NZ,trailing_amortization,1,0.0
SPK.NZ,trailing_amortization_of_intangibles_income_statement,1,0.0
SPK.NZ,trailing_basic_average_shares,1,0.0
SPK.NZ,trailing_basic_eps,1,0.0
SPK.NZ,trailing_depreciation_amortization_depletion_income_statement,1,0.0
SPK.NZ,trailing_depreciation_and_amortization_in_income_statement,1,0.0
SPK.NZ,trailing_depreciation_income_statement,1,0.0
SPK.NZ,trailing_diluted_average_shares,1,0.0
SPK.NZ,trailing_diluted_eps,1,0.0
SPK.NZ,trailing_ebit,1,0.0
SPK.NZ,trailing_ebitda,1,0.0
SPK.NZ,trailing_general_and_administrative_expense,1,0.0
SPK.NZ,trailing_impairment_of_capital_assets,1,0.0
SPK.NZ,trailing_interest_expense,1,0.0
SPK.NZ,trailing_interest_income,1,0.0
SPK.NZ,trailing_net_income,1,0.0
SPK.NZ,trailing_net_income_common_stockholders,1,0.0
SPK.NZ,trailing_net_income_continuous_operations,1,0.0
SPK.NZ,trailing_net_income_from_continuing_and_discontinued_operation,1,0.0
SPK.NZ,trailing_net_income_from_continuing_operation_net_minority_interest,1,0.0
SPK.NZ,trailing_net_income_including_noncontrolling_interests,1,0.0
SPK.NZ,trailing_net_interest_income,1,0.0
SPK.NZ,trailing_normalized_ebitda,1,0.0
SPK.NZ,trailing_normalized_income,1,0.0
SPK.NZ,trailing_other_non_operating_income_expenses,1,0.0
SPK.NZ,trailing_reconciled_depreciation,1,0.0
SPK.NZ,trailing_rent_and_landing_fees,1,0.0
SPK.NZ,trailing_salaries_and_wages,1,0.0
SPK.NZ,trailing_selling_and_marketing_expense,1,0.0
SPK.NZ,trailing_selling_general_and_administration,1,0.0
SPK.NZ,trailing_special_income_charges,1,0.0
SPK.NZ,trailing_tax_effect_of_unusual_items,1,0.0
SPK.NZ,trailing_tax_provision,1,0.0
SPK.NZ,trailing_tax_rate_for_calcs,1,0.0
SPK.NZ,trailing_total_revenue,1,0.0
SPK.NZ,trailing_total_unusual_items,1,0.0
SPK.NZ,trailing_total_unusual_items_excluding_goodwill,1,0.0
SPK.NZ,volume,3,4.0
SPK.NZ,wiki_views,3,2.0
SPK.NZ,wiki_views_desktop,2,1.0
SPK.NZ,wiki_views_mobile,3,2.0
SPN.NZ,adj_close,34,50.0
SPN.NZ,annual_basic_average_shares,4,1096.0
SPN.NZ,annual_basic_eps,1,0.0
SPN.NZ,annual_depreciation_amortization_depletion_income_statement,1,0.0
SPN.NZ,annual_depreciation_and_amortization_in_income_statement,1,0.0
SPN.NZ,annual_depreciation_income_statement,1,0.0
SPN.NZ,annual_diluted_average_shares,3,731.0
SPN.NZ,annual_diluted_eps,1,0.0
SPN.NZ,annual_ebit,1,0.0
SPN.NZ,annual_ebitda,1,0.0
SPN.NZ,annual_general_and_administrative_expense,1,0.0
SPN.NZ,annual_interest_expense,1,0.0
SPN.NZ,annual_interest_income,1,0.0
SPN.NZ,annual_net_income,1,0.0
SPN.NZ,annual_net_income_common_stockholders,1,0.0
SPN.NZ,annual_net_income_continuous_operations,1,0.0
SPN.NZ,annual_net_income_from_continuing_and_discontinued_operation,1,0.0
SPN.NZ,annual_net_income_from_continuing_operation_net_minority_interest,1,0.0
SPN.NZ,annual_net_income_including_noncontrolling_interests,1,0.0
SPN.NZ,annual_net_interest_income,1,0.0
SPN.NZ,annual_normalized_ebitda,1,0.0
SPN.NZ,annual_normalized_income,1,0.0
SPN.NZ,annual_other_gand_a,1,0.0
SPN.NZ,annual_other_non_operating_income_expenses,1,0.0
SPN.NZ,annual_pretax_income,1,0.0
SPN.NZ,annual_reconciled_depreciation,1,0.0
SPN.NZ,annual_selling_general_and_administration,1,0.0
SPN.NZ,annual_tax_effect_of_unusual_items,4,1096.0
SPN.NZ,annual_tax_provision,1,0.0
SPN.NZ,annual_tax_rate_for_calcs,1,0.0
SPN.NZ,annual_total_revenue,1,0.0
SPN.NZ,close,34,50.0
SPN.NZ,dividend,1,0.0
SPN.NZ,high,34,50.0
SPN.NZ,low,38,52.0
SPN.NZ,open,33,49.0
SPN.NZ,trailing_basic_average_shares,3,549.0
SPN.NZ,trailing_basic_eps,1,0.0
SPN.NZ,trailing_depreciation_amortization_depletion_income_statement,1,0.0
SPN.NZ,trailing_depreciation_and_amortization_in_income_statement,1,0.0
SPN.NZ,trailing_depreciation_income_statement,1,0.0
SPN.NZ,trailing_diluted_average_shares,1,0.0
SPN.NZ,trailing_diluted_eps,1,0.0
SPN.NZ,trailing_ebit,1,0.0
SPN.NZ,trailing_ebitda,1,0.0
SPN.NZ,trailing_general_and_administrative_expense,1,0.0
SPN.NZ,trailing_interest_expense,1,0.0
SPN.NZ,trailing_interest_income,1,0.0
SPN.NZ,trailing_net_income,1,0.0
SPN.NZ,trailing_net_income_common_stockholders,1,0.0
SPN.NZ,trailing_net_income_continuous_operations,1,0.0
SPN.NZ,trailing_net_income_from_continuing_and_discontinued_operation,1,0.0
SPN.NZ,trailing_net_income_from_continuing_operation_net_minority_interest,1,0.0
SPN.NZ,trailing_net_income_including_noncontrolling_interests,1,0.0
SPN.NZ,trailing_net_interest_income,1,0.0
SPN.NZ,trailing_normalized_ebitda,1,0.0
SPN.NZ,trailing_normalized_income,1,0.0
SPN.NZ,trailing_other_gand_a,1,0.0
SPN.NZ,trailing_reconciled_depreciation,1,0.0
SPN.NZ,trailing_rent_and_landing_fees,1,0.0
SPN.NZ,trailing_salaries_and_wages,1,0.0
SPN.NZ,trailing_selling_general_and_administration,1,0.0
SPN.NZ,trailing_tax_effect_of_unusual_items,1,0.0
SPN.NZ,trailing_tax_provision,1,0.0
SPN.NZ,trailing_tax_rate_for_calcs,1,0.0
SPN.NZ,trailing_total_revenue,1,0.0
SPN.NZ,volume,23,35.0
STU.NZ,adj_close,9,10.0
STU.NZ,annual_amortization,1,0.0
STU.NZ,annual_amortization_of_intangibles_income_statement,1,0.0
STU.NZ,annual_basic_average_shares,1,0.0
STU.NZ,annual_basic_eps,1,0.0
STU.NZ,annual_depreciation_amortization_depletion_income_statement,1,0.0
STU.NZ,annual_depreciation_and_amortization_in_income_statement,1,0.0
STU.NZ,annual_depreciation_income_statement,1,0.0
STU.NZ,annual_diluted_average_shares,1,0.0
STU.NZ,annual_diluted_eps,1,0.0
STU.NZ,annual_ebit,1,0.0
STU.NZ,annual_ebitda,1,0.0
STU.NZ,annual_general_and_administrative_expense,1,0.0
STU.NZ,annual_impairment_of_capital_assets,1,0.0
STU.NZ,annual_interest_expense,1,0.0
STU.NZ,annual_interest_income,1,0.0
STU.NZ,annual_net_income,1,0.0
STU.NZ,annual_net_income_common_stockholders,1,0.0
STU.NZ,annual_net_income_continuous_operations,1,0.0
STU.NZ,annual_net_income_from_continuing_and_discontinued_operation,1,0.0
STU.NZ,annual_net_income_from_continuing_operation_net_minority_interest,1,0.0
STU.NZ,annual_net_income_including_noncontrolling_interests,1,0.0
STU.NZ,annual_net_interest_income,1,0.0
STU.NZ,annual_normalized_ebitda,1,0.0
STU.NZ,annual_normalized_income,1,0.0
STU.NZ,annual_other_non_operating_income_expenses,1,0.0
STU.NZ,annual_pretax_income,1,0.0
STU.NZ,annual_reconciled_depreciation,1,0.0
STU.NZ,annual_rent_and_landing_fees,1,0.0
STU.NZ,annual_salaries_and_wages,1,0.0
STU.NZ,annual_selling_general_and_administration,1,0.0
STU.NZ,annual_special_income_charges,1,0.0
STU.NZ,annual_tax_effect_of_unusual_items,2,365.0
STU.NZ,annual_tax_provision,1,0.0
STU.NZ,annual_tax_rate_for_calcs,1,0.0
STU.NZ,annual_total_revenue,1,0.0
STU.NZ,annual_total_unusual_items,1,0.0
STU.NZ,annual_total_unusual_items_excluding_goodwill,1,0.0
STU.NZ,close,9,10.0
STU.NZ,dividend,3,357.0
STU.NZ,high,14,19.0
STU.NZ,low,9,14.0
STU.NZ,open,8,9.0
STU.NZ,trailing_amortization,1,0.0
STU.NZ,trailing_amortization_of_intangibles_income_statement,1,0.0
STU.NZ,trailing_basic_average_shares,1,0.0
STU.NZ,trailing_basic_eps,1,0.0
STU.NZ,trailing_depreciation_amortization_depletion_income_statement,1,0.0
STU.NZ,trailing_depreciation_and_amortization_in_income_statement,1,0.0
STU.NZ,trailing_depreciation_income_statement,1,0.0
STU.NZ,trailing_diluted_average_shares,1,0.0
STU.NZ,trailing_diluted_eps,1,0.0
STU.NZ,trailing_ebit,1,0.0
STU.NZ,trailing_ebitda,1,0.0
STU.NZ,trailing_general_and_administrative_expense,1,0.0
STU.NZ,trailing_impairment_of_capital_assets,1,0.0
STU.NZ,trailing_interest_expense,1,0.0
STU.NZ,trailing_interest_income,1,0.0
STU.NZ,trailing_net_income,1,0.0
STU.NZ,trailing_net_income_common_stockholders,1,0.0
STU.NZ,trailing_net_income_continuous_operations,1,0.0
STU.NZ,trailing_net_income_from_continuing_and_discontinued_operation,1,0.0
STU.NZ,trailing_net_income_from_continuing_operation_net_minority_interest,1,0.0
STU.NZ,trailing_net_income_including_noncontrolling_interests,1,0.0
STU.NZ,trailing_net_interest_income,1,0.0
STU.NZ,trailing_normalized_ebitda,1,0.0
STU.NZ,trailing_normalized_income,1,0.0
STU.NZ,trailing_other_non_operating_income_expenses,1,0.0
STU.NZ,trailing_reconciled_depreciation,1,0.0
STU.NZ,trailing_rent_and_landing_fees,1,0.0
STU.NZ,trailing_restructuring_and_mergern_acquisition,1,0.0
STU.NZ,trailing_salaries_and_wages,1,0.0
STU.NZ,trailing_selling_general_and_administration,1,0.0
STU.NZ,trailing_special_income_charges,1,0.0
STU.NZ,trailing_tax_effect_of_unusual_items,1,0.0
STU.NZ,trailing_tax_provision,1,0.0
STU.NZ,trailing_tax_rate_for_calcs,1,0.0
STU.NZ,trailing_total_revenue,1,0.0
STU.NZ,trailing_total_unusual_items,1,0.0
STU.NZ,trailing_total_unusual_items_excluding_goodwill,1,0.0
STU.NZ,volume,3,4.0
STU.NZ,wiki_views,3,2.0
STU.NZ,wiki_views_desktop,4,3.0
STU.NZ,wiki_views_mobile,6,5.0
SUM.NZ,adj_close,5,6.0
SUM.NZ,annual_amortization,1,0.0
SUM.NZ,annual_amortization_of_intangibles_income_statement,1,0.0
SUM.NZ,annual_basic_average_shares,1,0.0
SUM.NZ,annual_basic_eps,1,0.0
SUM.NZ,annual_depreciation_amortization_depletion_income_statement,1,0.0
SUM.NZ,annual_depreciation_and_amortization_in_income_statement,1,0.0
SUM.NZ,annual_depreciation_income_statement,1,0.0
SUM.NZ,annual_diluted_average_shares,1,0.0
SUM.NZ,annual_diluted_eps,1,0.0
SUM.NZ,annual_ebit,1,0.0
SUM.NZ,annual_ebitda,1,0.0
SUM.NZ,annual_general_and_administrative_expense,1,0.0
SUM.NZ,annual_impairment_of_capital_assets,1,0.0
SUM.NZ,annual_interest_expense,1,0.0
SUM.NZ,annual_interest_income,1,0.0
SUM.NZ,annual_net_income,1,0.0
SUM.NZ,annual_net_income_common_stockholders,1,0.0
SUM.NZ,annual_net_income_continuous_operations,1,0.0
SUM.NZ,annual_net_income_from_continuing_and_discontinued_operation,1,0.0
SUM.NZ,annual_net_income_from_continuing_operation_net_minority_interest,1,0.0
SUM.NZ,annual_net_income_including_noncontrolling_interests,1,0.0
SUM.NZ,annual_net_interest_income,1,0.0
SUM.NZ,annual_normalized_ebitda,1,0.0
SUM.NZ,annual_normalized_income,1,0.0
SUM.NZ,annual_other_non_operating_income_expenses,1,0.0
SUM.NZ,annual_pretax_income,1,0.0
SUM.NZ,annual_reconciled_depreciation,1,0.0
SUM.NZ,annual_salaries_and_wages,1,0.0
SUM.NZ,annual_selling_general_and_administration,1,0.0
SUM.NZ,annual_special_income_charges,1,0.0
SUM.NZ,annual_tax_effect_of_unusual_items,2,365.0
SUM.NZ,annual_tax_provision,1,0.0
SUM.NZ,annual_tax_rate_for_calcs,2,365.0
SUM.NZ,annual_total_revenue,1,0.0
SUM.NZ,annual_total_unusual_items,1,0.0
SUM.NZ,annual_total_unusual_items_excluding_goodwill,1,0.0
SUM.NZ,close,5,6.0
SUM.NZ,dividend,1,0.0
SUM.NZ,high,9,12.0
SUM.NZ,low,5,6.0
SUM.NZ,open,4,5.0
SUM.NZ,trailing_amortization,1,0.0
SUM.NZ,trailing_amortization_of_intangibles_income_statement,1,0.0
SUM.NZ,trailing_basic_average_shares,1,0.0
SUM.NZ,trailing_basic_eps,1,0.0
SUM.NZ,trailing_depreciation_amortization_depletion_income_statement,1,0.0
SUM.NZ,trailing_depreciation_and_amortization_in_income_statement,1,0.0
SUM.NZ,trailing_depreciation_income_statement,1,0.0
SUM.NZ,trailing_diluted_average_shares,1,0.0
SUM.NZ,trailing_diluted_eps,1,0.0
SUM.NZ,trailing_ebit,1,0.0
SUM.NZ,trailing_ebitda,1,0.0
SUM.NZ,trailing_general_and_administrative_expense,1,0.0
SUM.NZ,trailing_interest_expense,1,0.0
SUM.NZ,trailing_interest_income,1,0.0
SUM.NZ,trailing_net_income,1,0.0
SUM.NZ,trailing_net_income_common_stockholders,1,0.0
SUM.NZ,trailing_net_income_continuous_operations,1,0.0
SUM.NZ,trailing_net_income_from_continuing_and_discontinued_operation,1,0.0
SUM.NZ,trailing_net_income_from_continuing_operation_net_minority_interest,1,0.0
SUM.NZ,trailing_net_income_including_noncontrolling_interests,1,0.0
SUM.NZ,trailing_net_interest_income,1,0.0
SUM.NZ,trailing_normalized_ebitda,1,0.0
SUM.NZ,trailing_normalized_income,1,0.0
SUM.NZ,trailing_other_non_operating_income_expenses,1,0.0
SUM.NZ,trailing_reconciled_depreciation,1,0.0
SUM.NZ,trailing_salaries_and_wages,1,0.0
SUM.NZ,trailing_selling_general_and_administration,1,0.0
SUM.NZ,trailing_tax_effect_of_unusual_items,1,0.0
SUM.NZ,trailing_tax_provision,1,0.0
SUM.NZ,trailing_tax_rate_for_calcs,1,0.0
SUM.NZ,trailing_total_revenue,1,0.0
SUM.NZ,volume,2,4.0
SUM.NZ,wiki_views,19,50.0
SUM.NZ,wiki_views_desktop,20,19.0
SUM.NZ,wiki_views_mobile,21,20.0
SVR.NZ,adj_close,363,521.0
SVR.NZ,annual_amortization,1,0.0
SVR.NZ,annual_amortization_of_intangibles_income_statement,1,0.0
SVR.NZ,annual_basic_average_shares,1,0.0
SVR.NZ,annual_basic_eps,1,0.0
SVR.NZ,annual_depreciation_amortization_depletion_income_statement,1,0.0
SVR.NZ,annual_depreciation_and_amortization_in_income_statement,1,0.0
SVR.NZ,annual_depreciation_income_statement,1,0.0
SVR.NZ,annual_diluted_average_shares,1,0.0
SVR.NZ,annual_diluted_eps,1,0.0
SVR.NZ,annual_ebit,1,0.0
SVR.NZ,annual_ebitda,1,0.0
SVR.NZ,annual_general_and_administrative_expense,1,0.0
SVR.NZ,annual_impairment_of_capital_assets,1,0.0
SVR.NZ,annual_interest_expense,1,0.0
SVR.NZ,annual_net_income,1,0.0
SVR.NZ,annual_net_income_common_stockholders,1,0.0
SVR.NZ,annual_net_income_continuous_operations,1,0.0
SVR.NZ,annual_net_income_from_continuing_and_discontinued_operation,1,0.0
SVR.NZ,annual_net_income_from_continuing_operation_net_minority_interest,1,0.0
SVR.NZ,annual_net_income_including_noncontrolling_interests,1,0.0
SVR.NZ,annual_net_interest_income,1,0.0
SVR.NZ,annual_normalized_ebitda,1,0.0
SVR.NZ,annual_normalized_income,1,0.0
SVR.NZ,annual_other_non_operating_income_expenses,1,0.0
SVR.NZ,annual_other_special_charges,1,0.0
SVR.NZ,annual_pretax_income,1,0.0
SVR.NZ,annual_reconciled_depreciation,1,0.0
SVR.NZ,annual_restructuring_and_mergern_acquisition,1,0.0
SVR.NZ,annual_salaries_and_wages,1,0.0
SVR.NZ,annual_selling_and_marketing_expense,1,0.0
SVR.NZ,annual_selling_general_and_administration,1,0.0
SVR.NZ,annual_special_income_charges,1,0.0
SVR.NZ,annual_tax_effect_of_unusual_items,2,365.0
SVR.NZ,annual_tax_provision,2,365.0
SVR.NZ,annual_tax_rate_for_calcs,2,365.0
SVR.NZ,annual_total_revenue,1,0.0
SVR.NZ,annual_total_unusual_items,1,0.0
SVR.NZ,annual_total_unusual_items_excluding_goodwill,1,0.0
SVR.NZ,close,363,521.0
SVR.NZ,high,362,520.0
SVR.NZ,low,363,521.0
SVR.NZ,open,363,521.0
SVR.NZ,split,1,0.0
SVR.NZ,trailing_amortization,1,0.0
SVR.NZ,trailing_amortization_of_intangibles_income_statement,1,0.0
SVR.NZ,trailing_basic_average_shares,1,0.0
SVR.NZ,trailing_basic_eps,2,183.0
SVR.NZ,trailing_depreciation_amortization_depletion_income_statement,1,0.0
SVR.NZ,trailing_depreciation_and_amortization_in_income_statement,1,0.0
SVR.NZ,trailing_depreciation_income_statement,1,0.0
SVR.NZ,trailing_diluted_average_shares,1,0.0
SVR.NZ,trailing_diluted_eps,2,183.0
SVR.NZ,trailing_ebit,1,0.0
SVR.NZ,trailing_ebitda,1,0.0
SVR.NZ,trailing_general_and_administrative_expense,1,0.0
SVR.NZ,trailing_interest_expense,1,0.0
SVR.NZ,trailing_net_income,1,0.0
SVR.NZ,trailing_net_income_common_stockholders,1,0.0
SVR.NZ,trailing_net_income_continuous_operations,1,0.0
SVR.NZ,trailing_net_income_from_continuing_and_discontinued_operation,1,0.0
SVR.NZ,trailing_net_income_from_continuing_operation_net_minority_interest,1,0.0
SVR.NZ,trailing_net_income_including_noncontrolling_interests,1,0.0
SVR.NZ,trailing_net_interest_income,1,0.0
SVR.NZ,trailing_normalized_ebitda,1,0.0
SVR.NZ,trailing_normalized_income,1,0.0
SVR.NZ,trailing_other_non_operating_income_expenses,1,0.0
SVR.NZ,trailing_other_special_charges,1,0.0
SVR.NZ,trailing_reconciled_depreciation,1,0.0
SVR.NZ,trailing_restructuring_and_mergern_acquisition,1,0.0
SVR.NZ,trailing_salaries_and_wages,1,0.0
SVR.NZ,trailing_selling_and_marketing_expense,1,0.0
SVR.NZ,trailing_selling_general_and_administration,1,0.0
SVR.NZ,trailing_special_income_charges,1,0.0
SVR.NZ,trailing_tax_effect_of_unusual_items,1,0.0
SVR.NZ,trailing_tax_provision,1,0.0
SVR.NZ,trailing_tax_rate_for_calcs,1,0.0
SVR.NZ,trailing_total_revenue,1,0.0
SVR.NZ,trailing_total_unusual_items,1,0.0
SVR.NZ,trailing_total_unusual_items_excluding_goodwill,1,0.0
SVR.NZ,volume,298,433.0
TAH.NZ,adj_close,21,32.0
TAH.NZ,annual_amortization,1,0.0
TAH.NZ,annual_amortization_of_intangibles_income_statement,1,0.0
TAH.NZ,annual_basic_average_shares,1,0.0
TAH.NZ,annual_basic_eps,1,0.0
TAH.NZ,annual_depreciation_amortization_depletion_income_statement,1,0.0
TAH.NZ,annual_depreciation_and_amortization_in_income_statement,1,0.0
TAH.NZ,annual_depreciation_income_statement,1,0.0
TAH.NZ,annual_diluted_average_shares,1,0.0
TAH.NZ,annual_diluted_eps,1,0.0
TAH.NZ,annual_ebit,1,0.0
TAH.NZ,annual_ebitda,1,0.0
TAH.NZ,annual_general_and_administrative_expense,1,0.0
TAH.NZ,annual_interest_expense,1,0.0
TAH.NZ,annual_interest_income,1,0.0
TAH.NZ,annual_minority_interests,1,0.0
TAH.NZ,annual_net_income,1,0.0
TAH.NZ,annual_net_income_common_stockholders,1,0.0
TAH.NZ,annual_net_income_continuous_operations,1,0.0
TAH.NZ,annual_net_income_from_continuing_and_discontinued_operation,1,0.0
TAH.NZ,annual_net_income_from_continuing_operation_net_minority_interest,1,0.0
TAH.NZ,annual_net_income_including_noncontrolling_interests,1,0.0
TAH.NZ,annual_net_interest_income,1,0.0
TAH.NZ,annual_normalized_ebitda,1,0.0
TAH.NZ,annual_normalized_income,1,0.0
TAH.NZ,annual_other_non_operating_income_expenses,1,0.0
TAH.NZ,annual_pretax_income,1,0.0
TAH.NZ,annual_reconciled_depreciation,1,0.0
TAH.NZ,annual_salaries_and_wages,1,0.0
TAH.NZ,annual_selling_and_marketing_expense,1,0.0
TAH.NZ,annual_selling_general_and_administration,1,0.0
TAH.NZ,annual_tax_effect_of_unusual_items,4,1096.0
TAH.NZ,annual_tax_provision,1,0.0
TAH.NZ,annual_tax_rate_for_calcs,1,0.0
TAH.NZ,annual_total_revenue,1,0.0
TAH.NZ,close,21,32.0
TAH.NZ,dividend,3,196.0
TAH.NZ,high,21,32.0
TAH.NZ,low,21,32.0
TAH.NZ,open,21,32.0
TAH.NZ,trailing_amortization,1,0.0
TAH.NZ,trailing_amortization_of_intangibles_income_statement,1,0.0
TAH.NZ,trailing_basic_average_shares,1,0.0
TAH.NZ,trailing_basic_eps,1,0.0
TAH.NZ,trailing_depreciation_amortization_depletion_income_statement,1,0.0
TAH.NZ,trailing_depreciation_and_amortization_in_income_statement,1,0.0
TAH.NZ,trailing_depreciation_income_statement,1,0.0
TAH.NZ,trailing_diluted_average_shares,1,0.0
TAH.NZ,trailing_diluted_eps,1,0.0
TAH.NZ,trailing_ebit,1,0.0
TAH.NZ,trailing_ebitda,1,0.0
TAH.NZ,trailing_general_and_administrative_expense,1,0.0
TAH.NZ,trailing_interest_expense,1,0.0
TAH.NZ,trailing_minority_interests,1,0.0
TAH.NZ,trailing_net_income,1,0.0
TAH.NZ,trailing_net_income_common_stockholders,1,0.0
TAH.NZ,trailing_net_income_continuous_operations,1,0.0
TAH.NZ,trailing_net_income_from_continuing_and_discontinued_operation,1,0.0
TAH.NZ,trailing_net_income_from_continuing_operation_net_minority_interest,1,0.0
TAH.NZ,trailing_net_income_including_noncontrolling_interests,1,0.0
TAH.NZ,trailing_net_interest_income,1,0.0
TAH.NZ,trailing_normalized_ebitda,1,0.0
TAH.NZ,trailing_normalized_income,1,0.0
TAH.NZ,trailing_other_non_operating_income_expenses,1,0.0
TAH.NZ,trailing_reconciled_depreciation,1,0.0
TAH.NZ,trailing_salaries_and_wages,1,0.0
TAH.NZ,trailing_selling_general_and_administration,1,0.0
TAH.NZ,trailing_tax_effect_of_unusual_items,1,0.0
TAH.NZ,trailing_tax_provision,1,0.0
TAH.NZ,trailing_tax_rate_for_calcs,1,0.0
TAH.NZ,trailing_total_revenue,1,0.0
TAH.NZ,volume,16,21.0
THL.NZ,wiki_views,3,2.0
THL.NZ,wiki_views_desktop,4,3.0
THL.NZ,wiki_views_mobile,4,3.0
TPW.NZ,wiki_views,4,3.0
TPW.NZ,wiki_views_desktop,5,4.0
TPW.NZ,wiki_views_mobile,9,8.0
TRA.NZ,wiki_views,3,2.0
TRA.NZ,wiki_views_desktop,3,2.0
TRA.NZ,wiki_views_mobile,4,3.0
TWR.NZ,wiki_views,23,72.0
TWR.NZ,wiki_views_desktop,34,159.0
TWR.NZ,wiki_views_mobile,66,129.0
VCT.NZ,wiki_views,3,2.0
VCT.NZ,wiki_views_desktop,3,2.0
VCT.NZ,wiki_views_mobile,5,4.0
VGL.NZ,wiki_views,4,3.0
VGL.NZ,wiki_views_desktop,7,6.0
VGL.NZ,wiki_views_mobile,6,5.0
ZEL.NZ,wiki_views,3,2.0
ZEL.NZ,wiki_views_desktop,4,3.0
ZEL.NZ,wiki_views_mobile,3,2.0
ZS=F,adj_close,2,4.0
ZS=F,close,2,4.0
ZS=F,high,3,4.0
ZS=F,low,4,3.0
ZS=F,open,3,4.0
ZS=F,volume,5,6.0
